RunID,Junge,n,mua,mus,DomainX,DomainY,DomainZ,SourceX,SourceY,SourceZ,TotalSignal,MeanBinWeight,MedianBinWeight,StdBinWeight,MinBinWeight,MaxBinWeight,PeakPosition,WeightedMeanPosition,WeightedMedianPosition,WeightedStdPosition,WeightedSkewness,WeightedKurtosis
run_000001,3.4,1.1,0.001,0.01,100,30,60,1,15,50,19524.12273,195.2412273,220.8313751,101.0141714,2.952746868,336.3579407,87.5,64.43510869,67.5,23.45152853,-0.4174353705,2.231553544
run_000002,3.4,1.1,0.001,0.01,100,30,65,1,15,50,10078.12213,100.7812213,108.4435844,57.05215039,1.929834604,188.0986023,96.5,66.01301163,69.5,23.18507849,-0.5082869792,2.391602778
run_000003,3.4,1.1,0.001,0.01,100,30,70,1,15,50,5952.573376,59.52573376,66.30567551,35.7442425,0,136.1840515,97.5,66.85324749,70.5,22.98872531,-0.5121915055,2.362141788
run_000004,3.4,1.1,0.001,0.01,100,30,75,1,15,50,3798.466094,37.98466094,38.24835777,23.82607643,0,85.64754486,95.5,67.42830474,71.5,22.55878488,-0.575949567,2.459212276
run_000005,3.4,1.1,0.001,0.01,100,30,80,1,15,50,2732.729533,27.32729533,28.41917229,17.14145446,0,61.72188568,99.5,67.08399437,70.5,22.91789977,-0.5436243227,2.425697427
run_000006,3.4,1.1,0.001,0.01,100,30,85,1,15,50,1897.148433,18.97148433,19.50593567,12.77978717,0,48.36685944,98.5,68.29224354,71.5,22.67369616,-0.6651897137,2.698709795
run_000007,3.4,1.1,0.001,0.01,100,30,90,1,15,50,1461.122911,14.61122911,13.33160973,10.20852671,0,40.36737823,92.5,68.39473416,73.5,22.75481937,-0.661611822,2.565771773
run_000008,3.4,1.1,0.001,0.01,100,30,95,1,15,50,1136.752026,11.36752026,10.18341637,7.568957166,0,33.78892517,96.5,67.53588281,72.5,23.32291272,-0.6272590973,2.532415455
run_000009,3.4,1.1,0.001,0.01,100,30,100,1,15,50,913.2789675,9.132789675,9.264455318,6.013098077,0,22.27373123,91.5,66.50785056,70.5,23.11869408,-0.5712155747,2.514057256
run_000010,3.4,1.1,0.0015,0.01,100,30,60,1,15,50,19156.9064,191.569064,216.0728607,96.34507663,0,323.2740784,78.5,63.93979113,66.5,23.6037147,-0.4108217427,2.21904606
run_000011,3.4,1.1,0.0015,0.01,100,30,65,1,15,50,9604.330657,96.04330657,104.0306129,53.73420816,1.876390338,191.8390808,96.5,65.65535573,68.5,23.18529566,-0.4806720703,2.320665302
run_000012,3.4,1.1,0.0015,0.01,100,30,70,1,15,50,5594.553284,55.94553284,55.47657394,33.23957935,1.897348285,116.1488495,94.5,66.70132609,70.5,23.14745248,-0.5378364244,2.386840973
run_000013,3.4,1.1,0.0015,0.01,100,30,75,1,15,50,3658.107492,36.58107492,35.03739166,22.78737408,0.9448149204,83.53405762,90.5,67.35091394,71.5,23.13180603,-0.6055696594,2.503211206
run_000014,3.4,1.1,0.0015,0.01,100,30,80,1,15,50,2535.274144,25.35274144,22.64610577,16.74264354,0,62.20750046,95.5,67.9391195,72.5,22.90283335,-0.6165999161,2.481696011
run_000015,3.4,1.1,0.0015,0.01,100,30,85,1,15,50,1802.371306,18.02371306,18.76248169,11.67435681,0,46.21227646,89.5,67.59512122,70.5,22.45501804,-0.5556382591,2.441655126
run_000016,3.4,1.1,0.0015,0.01,100,30,90,1,15,50,1363.826327,13.63826327,13.3945241,9.377030219,0,34.00668716,91.5,68.50823342,72.5,22.84935641,-0.6533543187,2.585090088
run_000017,3.4,1.1,0.0015,0.01,100,30,95,1,15,50,1071.194925,10.71194925,10.55773067,7.280357693,0,26.80461693,99.5,68.18486249,72.5,23.19176092,-0.6633196552,2.590619551
run_000018,3.4,1.1,0.0015,0.01,100,30,100,1,15,50,825.5752246,8.255752246,7.55876112,6.167155097,0,22.7252903,91.5,69.44756718,72.5,21.92449755,-0.6901055305,2.781613283
run_000019,3.4,1.1,0.002,0.01,100,30,60,1,15,50,18306.6501,183.066501,208.0210419,92.01362534,0,310.7705688,94.5,63.90031587,66.5,23.64441571,-0.4070633094,2.212279866
run_000020,3.4,1.1,0.002,0.01,100,30,65,1,15,50,9319.567744,93.19567744,101.0607719,51.1641762,2.852161646,175.1094666,96.5,65.36265695,68.5,23.35363733,-0.4681734655,2.292376023
run_000021,3.4,1.1,0.002,0.01,100,30,70,1,15,50,5492.189232,54.92189232,57.23836327,31.56488616,0,110.9478607,95.5,66.08677943,69.5,23.21336122,-0.5305210665,2.396110578
run_000022,3.4,1.1,0.002,0.01,100,30,75,1,15,50,3445.131831,34.45131831,36.08312416,20.34483584,0,74.53648376,95.5,66.36095819,70.5,23.43038521,-0.549192759,2.416757275
run_000023,3.4,1.1,0.002,0.01,100,30,80,1,15,50,2470.600065,24.70600065,23.34620762,14.84652149,0,54.93510818,96.5,66.40223885,70.5,23.21871408,-0.5420443055,2.416078407
run_000024,3.4,1.1,0.002,0.01,100,30,85,1,15,50,1787.074841,17.87074841,16.92356396,11.15749748,0,45.29125977,93.5,66.4648588,69.5,23.12655047,-0.5671395639,2.450243665
run_000025,3.4,1.1,0.002,0.01,100,30,90,1,15,50,1341.158993,13.41158993,11.60556316,9.177127118,0,34.13628387,96.5,68.03342544,72.5,23.16691427,-0.6336297245,2.562956681
run_000026,3.4,1.1,0.002,0.01,100,30,95,1,15,50,1025.069084,10.25069084,10.24102926,6.767047761,0,22.3603611,70.5,67.64946422,71.5,22.73170796,-0.6007826753,2.517965145
run_000027,3.4,1.1,0.002,0.01,100,30,100,1,15,50,807.0688693,8.070688693,7.997839212,5.540114391,0,21.46595192,87.5,67.51756362,72.5,23.18564416,-0.6182395835,2.498484045
run_000028,3.4,1.1,0.0025,0.01,100,30,60,1,15,50,17762.48422,177.6248422,203.8952942,87.07205613,2.873346567,303.1062012,97.5,63.59373415,66.5,23.78083315,-0.3873495095,2.18080867
run_000029,3.4,1.1,0.0025,0.01,100,30,65,1,15,50,8868.153106,88.68153106,97.66262817,49.20256239,0.9592157602,176.1723328,97.5,65.55842631,69.5,23.34814934,-0.4748724212,2.301456147
run_000030,3.4,1.1,0.0025,0.01,100,30,70,1,15,50,5237.386839,52.37386839,55.85700607,29.96602901,1.881915092,108.3656921,96.5,66.02427208,69.5,23.15149233,-0.5015372444,2.361280727
run_000031,3.4,1.1,0.0025,0.01,100,30,75,1,15,50,3326.515658,33.26515658,34.46206284,20.04023396,0,69.80722046,97.5,66.72648765,70.5,22.94074625,-0.5380018474,2.428803528
run_000032,3.4,1.1,0.0025,0.01,100,30,80,1,15,50,2356.897025,23.56897025,24.16323853,14.97173684,0,55.73391342,92.5,67.17151784,70.5,22.66024274,-0.5663256564,2.47531302
run_000033,3.4,1.1,0.0025,0.01,100,30,85,1,15,50,1700.40233,17.0040233,16.40216637,10.96023119,0,37.84616089,98.5,67.46049786,71.5,22.68503571,-0.6170669583,2.530476565
run_000034,3.4,1.1,0.0025,0.01,100,30,90,1,15,50,1226.324767,12.26324767,12.57261944,7.705386824,0,30.91374016,98.5,66.55840183,69.5,23.23228018,-0.5776097455,2.557552871
run_000035,3.4,1.1,0.0025,0.01,100,30,95,1,15,50,1017.6948,10.176948,9.537927628,7.139224047,0,25.32468224,98.5,68.36312316,72.5,22.27266698,-0.6942771156,2.760211979
run_000036,3.4,1.1,0.0025,0.01,100,30,100,1,15,50,762.8755151,7.628755151,7.045736074,5.349361476,0,19.93223381,97.5,68.51767336,72.5,23.0567838,-0.6831626932,2.674766772
run_000037,3.4,1.1,0.003,0.01,100,30,60,1,15,50,17332.64263,173.3264263,200.5312653,83.30998503,0.9031093121,282.187439,92.5,63.15237579,65.5,23.77618682,-0.3748887918,2.197663645
run_000038,3.4,1.1,0.003,0.01,100,30,65,1,15,50,8586.657242,85.86657242,95.60351181,44.07317524,1.894823074,158.4820709,86.5,64.19993486,67.5,23.62049064,-0.4381538794,2.275328082
run_000039,3.4,1.1,0.003,0.01,100,30,70,1,15,50,5008.798072,50.08798072,53.46942329,28.18359081,1.850161076,101.4159393,94.5,65.53476587,69.5,23.29145423,-0.5188489251,2.395691148
run_000040,3.4,1.1,0.003,0.01,100,30,75,1,15,50,3282.675323,32.82675323,34.0345993,19.59220982,0,69.14839935,90.5,66.51630444,69.5,22.78664842,-0.5044840385,2.342348216
run_000041,3.4,1.1,0.003,0.01,100,30,80,1,15,50,2255.224913,22.55224913,24.25612068,13.57839024,0.9020801783,49.18041611,75.5,66.23625551,69.5,23.07304518,-0.5387426554,2.439042782
run_000042,3.4,1.1,0.003,0.01,100,30,85,1,15,50,1493.051339,14.93051339,14.98299694,9.611182628,0,34.81953812,92.5,67.34834779,70.5,22.78481886,-0.5872900416,2.569293325
run_000043,3.4,1.1,0.003,0.01,100,30,90,1,15,50,1210.119602,12.10119602,11.54533005,7.725727941,0,27.66610527,97.5,66.54516129,71.5,23.09141547,-0.5635686169,2.396300456
run_000044,3.4,1.1,0.003,0.01,100,30,95,1,15,50,981.0092061,9.810092061,9.251508713,6.651517316,0,24.79681969,94.5,67.29735143,71.5,22.8051903,-0.6416072464,2.636893008
run_000045,3.4,1.1,0.003,0.01,100,30,100,1,15,50,668.5151602,6.685151602,6.771028519,4.836532054,0,17.35361862,96.5,68.33848276,72.5,22.61069016,-0.5946541248,2.505685285
run_000046,3.4,1.1,0.0035,0.01,100,30,60,1,15,50,16484.07545,164.8407545,184.4804306,78.57341561,1.909223676,265.1242981,91.5,63.04007798,65.5,23.90754055,-0.3679936238,2.163886938
run_000047,3.4,1.1,0.0035,0.01,100,30,65,1,15,50,8218.084373,82.18084373,96.13423538,42.93815893,3.616909266,148.0664673,97.5,64.49600572,67.5,23.47557247,-0.4332054826,2.286612262
run_000048,3.4,1.1,0.0035,0.01,100,30,70,1,15,50,4734.550088,47.34550088,50.02987099,26.5266803,1.783888578,90.72524261,90.5,65.33009004,68.5,23.18890285,-0.453540125,2.29062001
run_000049,3.4,1.1,0.0035,0.01,100,30,75,1,15,50,3123.926861,31.23926861,33.80404091,17.88877254,0,67.8658371,93.5,65.69189043,68.5,23.32461779,-0.4865584706,2.314267895
run_000050,3.4,1.1,0.0035,0.01,100,30,80,1,15,50,2110.087136,21.10087136,22.23773766,12.98148331,0,49.31046677,96.5,66.9219891,70.5,23.05626774,-0.5287787553,2.372281292
run_000051,3.4,1.1,0.0035,0.01,100,30,85,1,15,50,1510.719003,15.10719003,15.47964096,9.291351949,0,38.64214325,86.5,66.63832646,70.5,22.88251686,-0.5100550242,2.356364869
run_000052,3.4,1.1,0.0035,0.01,100,30,90,1,15,50,1123.973961,11.23973961,10.7137537,7.262082076,0,26.42812729,92.5,66.86256508,70.5,23.16357657,-0.5206475165,2.406864767
run_000053,3.4,1.1,0.0035,0.01,100,30,95,1,15,50,895.7149787,8.957149787,8.297778368,6.111361064,0,23.39376831,88.5,67.6637066,72.5,23.05198226,-0.6441510485,2.52756477
run_000054,3.4,1.1,0.0035,0.01,100,30,100,1,15,50,675.4553963,6.754553963,6.441956282,4.60407633,0,17.94061279,93.5,67.56968713,72.5,23.79162566,-0.6416565609,2.541246566
run_000055,3.4,1.1,0.004,0.01,100,30,60,1,15,50,16026.15254,160.2615254,184.60186,75.04325786,0.9524940252,253.0842438,76.5,62.7047811,65.5,23.87691504,-0.3520071646,2.154425885
run_000056,3.4,1.1,0.004,0.01,100,30,65,1,15,50,8146.767027,81.46767027,87.44826126,42.60870793,2.792509794,142.4921875,89.5,64.52679016,67.5,23.36456197,-0.4299786255,2.266319873
run_000057,3.4,1.1,0.004,0.01,100,30,70,1,15,50,4661.334851,46.61334851,51.44846916,25.34101469,1.775313854,88.91558075,88.5,65.04072698,68.5,23.34023308,-0.4615531293,2.300075097
run_000058,3.4,1.1,0.004,0.01,100,30,75,1,15,50,2926.266806,29.26266806,29.4565897,16.98401879,0,63.94221497,91.5,66.01802944,69.5,23.38773655,-0.5155049308,2.348766182
run_000059,3.4,1.1,0.004,0.01,100,30,80,1,15,50,2077.919616,20.77919616,22.19932175,12.17834234,0,43.10923767,90.5,66.00022316,69.5,23.31563657,-0.5274015181,2.385473694
run_000060,3.4,1.1,0.004,0.01,100,30,85,1,15,50,1475.308241,14.75308241,13.62284422,9.329907805,0,36.3875351,99.5,67.33644259,71.5,23.1918159,-0.6189887616,2.515508393
run_000061,3.4,1.1,0.004,0.01,100,30,90,1,15,50,1111.014973,11.11014973,11.17122364,7.01212889,0,25.67430305,93.5,66.14943837,69.5,23.20557218,-0.5641613571,2.418911815
run_000062,3.4,1.1,0.004,0.01,100,30,95,1,15,50,837.4443029,8.374443029,7.685930729,5.386989636,0,19.45108223,97.5,66.36388958,70.5,23.53638549,-0.6211037034,2.566762966
run_000063,3.4,1.1,0.004,0.01,100,30,100,1,15,50,655.488249,6.55488249,6.590436697,4.24099506,0,18.73695564,92.5,66.35553445,70.5,24.04236001,-0.5736374711,2.380450221
run_000064,3.4,1.1,0.0045,0.01,100,30,60,1,15,50,15750.25407,157.5025407,177.4450378,73.5019142,4.70723629,244.7540283,91.5,62.65642673,64.5,23.88120898,-0.3469271262,2.15972093
run_000065,3.4,1.1,0.0045,0.01,100,30,65,1,15,50,7745.706371,77.45706371,85.89294052,38.68635163,1.847748041,137.411087,90.5,63.83900997,66.5,23.93921669,-0.4081931423,2.200184106
run_000066,3.4,1.1,0.0045,0.01,100,30,70,1,15,50,4504.762947,45.04762947,48.58427811,24.73876211,0.9080619812,85.26622772,94.5,65.06878584,67.5,23.32830792,-0.4797361918,2.356267385
run_000067,3.4,1.1,0.0045,0.01,100,30,75,1,15,50,2833.765313,28.33765313,29.03528214,16.56250831,0,57.0655365,81.5,66.05149238,69.5,23.18601857,-0.511338608,2.363029161
run_000068,3.4,1.1,0.0045,0.01,100,30,80,1,15,50,1943.806719,19.43806719,19.25144482,12.08214346,0.8342481852,43.25213242,82.5,66.98511933,71.5,22.96788796,-0.6140548341,2.554535083
run_000069,3.4,1.1,0.0045,0.01,100,30,85,1,15,50,1435.777095,14.35777095,14.38635397,9.044371082,0,39.05915833,99.5,66.95325469,70.5,23.1031889,-0.6088217113,2.555774069
run_000070,3.4,1.1,0.0045,0.01,100,30,90,1,15,50,1070.981661,10.70981661,11.54459381,6.430847599,0,23.84401703,93.5,65.61067669,68.5,23.53025661,-0.5084721926,2.384843954
run_000071,3.4,1.1,0.0045,0.01,100,30,95,1,15,50,786.2966672,7.862966672,7.59102726,5.188285489,0,18.80940628,98.5,66.70333462,69.5,23.36631223,-0.5316834991,2.410994383
run_000072,3.4,1.1,0.0045,0.01,100,30,100,1,15,50,639.4460822,6.394460822,5.391307354,4.356459413,0,19.8586998,88.5,67.37134411,70.5,23.16062774,-0.6460742443,2.554375061
run_000073,3.4,1.1,0.005,0.01,100,30,60,1,15,50,15128.35579,151.2835579,178.3451462,70.04345308,2.803162575,234.028183,83.5,62.3907088,64.5,23.75188775,-0.3309445182,2.150342843
run_000074,3.4,1.1,0.005,0.01,100,30,65,1,15,50,7551.212813,75.51212813,87.12362671,39.00472098,1.823310494,136.1003571,78.5,64.142918,66.5,23.37595042,-0.4137400582,2.273431929
run_000075,3.4,1.1,0.005,0.01,100,30,70,1,15,50,4423.086249,44.23086249,49.48709106,24.07515766,0,85.34741211,85.5,64.82776504,67.5,23.0601298,-0.4570932392,2.318529018
run_000076,3.4,1.1,0.005,0.01,100,30,75,1,15,50,2768.388051,27.68388051,29.19013119,15.17956576,0.7995336652,54.89479065,95.5,64.93404,67.5,23.55360564,-0.4608604141,2.312794299
run_000077,3.4,1.1,0.005,0.01,100,30,80,1,15,50,1915.604556,19.15604556,20.54612541,11.10351908,0.8380386233,39.51034546,92.5,65.65309525,68.5,23.4143029,-0.4877754095,2.362544204
run_000078,3.4,1.1,0.005,0.01,100,30,85,1,15,50,1413.397477,14.13397477,14.5270257,8.680861308,0,30.86113167,92.5,66.89897749,70.5,22.98782542,-0.5233679546,2.375078441
run_000079,3.4,1.1,0.005,0.01,100,30,90,1,15,50,1031.068084,10.31068084,9.823773861,6.214433443,0,23.90090942,90.5,65.81192223,69.5,23.37966381,-0.5338928726,2.390095949
run_000080,3.4,1.1,0.005,0.01,100,30,95,1,15,50,791.4973306,7.914973306,7.898909569,5.0521064,0,19.07077789,90.5,66.31525866,70.5,23.70819464,-0.5775116656,2.459984262
run_000081,3.4,1.1,0.005,0.01,100,30,100,1,15,50,645.495146,6.45495146,6.142118454,4.323224883,0,15.88742828,95.5,67.15678599,71.5,23.42600721,-0.6828009499,2.671409944
run_000082,3.4,1.1,0.001,0.02,100,30,60,1,15,50,36920.29555,369.2029555,417.2937775,179.5847641,7.892172337,606.7247314,98.5,63.40364487,65.5,23.6596673,-0.3795805306,2.200459003
run_000083,3.4,1.1,0.001,0.02,100,30,65,1,15,50,19084.48361,190.8448361,206.1772156,103.7943231,0.9184707403,336.0063171,92.5,65.25909689,68.5,23.0970216,-0.4695059473,2.341745037
run_000084,3.4,1.1,0.001,0.02,100,30,70,1,15,50,11327.75687,113.2775687,116.7402077,65.99344552,1.945828676,245.8057098,99.5,66.50555153,70.5,23.00430812,-0.5190663825,2.382079446
run_000085,3.4,1.1,0.001,0.02,100,30,75,1,15,50,7407.603427,74.07603427,77.92480087,44.54488443,0,153.769104,98.5,66.8893085,70.5,22.70428234,-0.5421346242,2.449882679
run_000086,3.4,1.1,0.001,0.02,100,30,80,1,15,50,5093.617812,50.93617812,51.50613594,31.46440902,0.968583703,108.9912491,84.5,67.26433104,70.5,22.75645364,-0.5833766892,2.517545998
run_000087,3.4,1.1,0.001,0.02,100,30,85,1,15,50,3798.998718,37.98998718,36.72891617,23.96950219,2.792682171,77.14270782,81.5,67.36701015,71.5,22.99217289,-0.6255521448,2.592073522
run_000088,3.4,1.1,0.001,0.02,100,30,90,1,15,50,2830.202804,28.30202804,26.00631618,17.92595212,0,66.03505707,98.5,67.36525973,71.5,23.29438668,-0.6105954344,2.482300797
run_000089,3.4,1.1,0.001,0.02,100,30,95,1,15,50,2160.743599,21.60743599,21.15380192,14.62284762,0,58.86957169,94.5,68.34783122,72.5,23.01970895,-0.648357832,2.604987317
run_000090,3.4,1.1,0.001,0.02,100,30,100,1,15,50,1811.986146,18.11986146,17.52505302,11.82570655,0,45.61729431,86.5,67.42344474,71.5,23.21646082,-0.5959846499,2.49372596
run_000091,3.4,1.1,0.0015,0.02,100,30,60,1,15,50,35564.90767,355.6490767,406.4230042,170.501812,7.834298134,561.4052124,97.5,63.06037865,65.5,23.63083693,-0.3663947029,2.181756907
run_000092,3.4,1.1,0.0015,0.02,100,30,65,1,15,50,18261.56198,182.6156198,209.2670822,97.34686927,5.655809402,320.9586792,85.5,64.91883347,67.5,23.23054024,-0.452022892,2.299447983
run_000093,3.4,1.1,0.0015,0.02,100,30,70,1,15,50,10983.29905,109.8329905,117.4013329,62.77359514,2.870141268,211.6204681,97.5,66.09992825,69.5,22.93404685,-0.5003545219,2.377264213
run_000094,3.4,1.1,0.0015,0.02,100,30,75,1,15,50,7180.685741,71.80685741,74.80323792,41.87363049,0.9484454989,153.6220703,93.5,66.44838934,70.5,23.24083884,-0.5514810889,2.41927111
run_000095,3.4,1.1,0.0015,0.02,100,30,80,1,15,50,4968.654211,49.68654211,50.71235275,30.8677556,0,107.7663269,98.5,67.40038116,70.5,22.77505214,-0.5583670945,2.46201725
run_000096,3.4,1.1,0.0015,0.02,100,30,85,1,15,50,3679.383496,36.79383496,36.74159813,22.0172606,0,75.82330322,93.5,66.56018667,70.5,23.18430296,-0.5439283856,2.396600068
run_000097,3.4,1.1,0.0015,0.02,100,30,90,1,15,50,2802.761406,28.02761406,27.39413166,17.29777181,0.9347063303,68.49556732,96.5,66.85061893,70.5,23.52757276,-0.5854896302,2.459062325
run_000098,3.4,1.1,0.0015,0.02,100,30,95,1,15,50,2161.655357,21.61655357,20.98957634,13.49482613,0.8981244564,44.80773163,92.5,67.12244642,71.5,23.15611415,-0.6374986592,2.583691138
run_000099,3.4,1.1,0.0015,0.02,100,30,100,1,15,50,1646.170297,16.46170297,15.77757692,11.17134839,0,42.75816727,95.5,68.51326025,73.5,23.06875516,-0.7255105439,2.758532268
run_000100,3.4,1.1,0.002,0.02,100,30,60,1,15,50,34647.81317,346.4781317,403.8131409,164.8021216,0.9655883312,548.973877,93.5,62.90206009,65.5,23.6407936,-0.3528769572,2.175684172
run_000101,3.4,1.1,0.002,0.02,100,30,65,1,15,50,17806.29753,178.0629753,198.3238754,94.37773517,6.661772728,336.1098328,95.5,64.79681374,67.5,23.35129485,-0.4403441645,2.276998517
run_000102,3.4,1.1,0.002,0.02,100,30,70,1,15,50,10660.18935,106.6018935,115.6459885,59.18698975,1.825459719,204.3075256,90.5,65.61967791,68.5,23.31215393,-0.4962774215,2.359089011
run_000103,3.4,1.1,0.002,0.02,100,30,75,1,15,50,6802.281623,68.02281623,69.53782272,39.97893088,0.9485130906,140.451828,96.5,66.58822536,70.5,23.36051432,-0.5610327339,2.435780262
run_000104,3.4,1.1,0.002,0.02,100,30,80,1,15,50,4766.04658,47.6604658,47.35167694,27.9939486,1.840589404,101.0305481,96.5,66.43982483,70.5,23.53847767,-0.5729398717,2.441183199
run_000105,3.4,1.1,0.002,0.02,100,30,85,1,15,50,3495.075611,34.95075611,36.4030571,21.86716843,1.825428009,78.30743408,99.5,67.49339022,71.5,23.17857016,-0.6205854513,2.539758756
run_000106,3.4,1.1,0.002,0.02,100,30,90,1,15,50,2554.524319,25.54524319,24.96510315,16.20441501,0,59.02829361,95.5,67.68312507,71.5,23.03440952,-0.6307710845,2.559626238
run_000107,3.4,1.1,0.002,0.02,100,30,95,1,15,50,1997.961853,19.97961853,19.56020832,12.40624291,0,48.09741211,98.5,66.73407192,70.5,23.59975165,-0.5770950373,2.419411227
run_000108,3.4,1.1,0.002,0.02,100,30,100,1,15,50,1656.522011,16.56522011,15.07342386,10.82678497,0,42.63302612,82.5,67.67262059,72.5,23.78176303,-0.659598384,2.520497558
run_000109,3.4,1.1,0.0025,0.02,100,30,60,1,15,50,33132.03659,331.3203659,386.8349457,151.7839507,8.447370529,528.9107056,99.5,62.42409768,64.5,23.95487793,-0.3300651009,2.149734564
run_000110,3.4,1.1,0.0025,0.02,100,30,65,1,15,50,17101.07962,171.0107962,183.318779,88.72189746,0.9601231813,308.7627563,91.5,64.56429753,67.5,23.63775514,-0.4499294592,2.265728818
run_000111,3.4,1.1,0.0025,0.02,100,30,70,1,15,50,10229.64202,102.2964202,110.1629791,56.03322018,0,190.3043518,98.5,65.26112929,68.5,23.1704897,-0.477719667,2.351395577
run_000112,3.4,1.1,0.0025,0.02,100,30,75,1,15,50,6531.183192,65.31183192,67.14754486,37.51111518,0.932333529,130.9623108,96.5,66.15568062,69.5,23.35987112,-0.530382403,2.388930965
run_000113,3.4,1.1,0.0025,0.02,100,30,80,1,15,50,4597.24298,45.9724298,48.48147774,27.00021917,0.918386519,92.67803192,99.5,66.42101852,70.5,23.37326412,-0.5360901938,2.399681073
run_000114,3.4,1.1,0.0025,0.02,100,30,85,1,15,50,3338.772192,33.38772192,34.42825508,19.7154576,0.9097332954,74.53993988,95.5,66.48740664,70.5,23.58881281,-0.579749869,2.483074627
run_000115,3.4,1.1,0.0025,0.02,100,30,90,1,15,50,2506.237702,25.06237702,24.18233776,15.83481843,0.8724121451,52.07250977,96.5,67.3371086,71.5,23.11942138,-0.6646939303,2.645014655
run_000116,3.4,1.1,0.0025,0.02,100,30,95,1,15,50,1933.082158,19.33082158,19.35214329,12.04778015,0.8839212656,45.52057266,98.5,67.06886806,70.5,23.20152617,-0.5857009636,2.54618775
run_000117,3.4,1.1,0.0025,0.02,100,30,100,1,15,50,1533.557662,15.33557662,14.20573282,9.837965536,0,37.70640182,80.5,66.78025563,71.5,23.48900325,-0.677738544,2.650832418
run_000118,3.4,1.1,0.003,0.02,100,30,60,1,15,50,32318.08053,323.1808053,378.5422058,146.310194,7.623895645,491.285614,90.5,62.01814544,64.5,23.81026522,-0.3221542164,2.151894636
run_000119,3.4,1.1,0.003,0.02,100,30,65,1,15,50,16468.98325,164.6898325,184.733017,82.72911572,0.905308485,278.1322937,98.5,63.91428264,66.5,23.55891131,-0.4051453067,2.231568706
run_000120,3.4,1.1,0.003,0.02,100,30,70,1,15,50,9853.486717,98.53486717,105.200325,54.21373083,1.869733334,188.1078491,95.5,65.41445322,68.5,23.18154539,-0.462174457,2.302562248
run_000121,3.4,1.1,0.003,0.02,100,30,75,1,15,50,6318.58869,63.1858869,66.46242523,36.12803108,0.7363091707,128.4919128,89.5,66.09443272,69.5,23.33942734,-0.5010299302,2.348654316
run_000122,3.4,1.1,0.003,0.02,100,30,80,1,15,50,4369.332727,43.69332727,43.99517441,25.94314211,0,86.47000122,93.5,66.65018042,70.5,23.15268584,-0.5866961047,2.48961112
run_000123,3.4,1.1,0.003,0.02,100,30,85,1,15,50,3297.781748,32.97781748,31.8973999,19.81040486,0.8884911537,75.15206909,99.5,66.76600907,70.5,23.11607745,-0.5750190687,2.484244422
run_000124,3.4,1.1,0.003,0.02,100,30,90,1,15,50,2448.635279,24.48635279,25.11301899,15.21967297,0,53.97784805,88.5,67.15370916,71.5,22.90657777,-0.6116447071,2.566820266
run_000125,3.4,1.1,0.003,0.02,100,30,95,1,15,50,1889.215876,18.89215876,18.0982008,11.60872986,0.8468429446,42.98552322,90.5,66.6980731,71.5,23.66504133,-0.6087891849,2.495674603
run_000126,3.4,1.1,0.003,0.02,100,30,100,1,15,50,1489.616666,14.89616666,14.08995914,9.614617268,0,37.07070541,95.5,66.89127378,69.5,22.83320395,-0.5492030926,2.504224272
run_000127,3.4,1.1,0.0035,0.02,100,30,60,1,15,50,31029.30746,310.2930746,377.6540985,139.6866909,8.457737923,469.445343,78.5,61.88321991,63.5,23.79542329,-0.3029538907,2.134852011
run_000128,3.4,1.1,0.0035,0.02,100,30,65,1,15,50,16028.4903,160.284903,181.9357147,81.72316946,4.25257206,272.466095,80.5,64.12138349,66.5,23.48572647,-0.4067225231,2.241547471
run_000129,3.4,1.1,0.0035,0.02,100,30,70,1,15,50,9530.240066,95.30240066,102.2216873,51.2093194,2.706298113,170.3093262,95.5,65.04078656,68.5,23.42685835,-0.4593749188,2.294972232
run_000130,3.4,1.1,0.0035,0.02,100,30,75,1,15,50,6065.453987,60.65453987,62.55656815,34.82826632,1.691334605,128.0005646,95.5,66.10553404,69.5,23.14497355,-0.5030324745,2.355587029
run_000131,3.4,1.1,0.0035,0.02,100,30,80,1,15,50,4178.013502,41.78013502,41.97176361,24.23926655,0.819930315,92.19747925,96.5,65.98827595,69.5,23.28975279,-0.5327121073,2.40994844
run_000132,3.4,1.1,0.0035,0.02,100,30,85,1,15,50,3111.194737,31.11194737,32.11138916,17.86349529,1.530204296,59.36949921,88.5,65.87813608,69.5,23.34054771,-0.5592417641,2.452026459
run_000133,3.4,1.1,0.0035,0.02,100,30,90,1,15,50,2356.755522,23.56755522,24.37687588,13.98586546,0,47.94109726,87.5,66.23347004,69.5,22.95685587,-0.5520780613,2.466175879
run_000134,3.4,1.1,0.0035,0.02,100,30,95,1,15,50,1775.651016,17.75651016,17.89043808,10.8563188,0.52368927,36.91133499,91.5,66.75259192,70.5,23.3421233,-0.6134045269,2.571219537
run_000135,3.4,1.1,0.0035,0.02,100,30,100,1,15,50,1366.460503,13.66460503,13.93626451,8.808401925,0.7948884368,34.80469894,91.5,67.41701798,71.5,23.24562834,-0.5754253039,2.440511404
run_000136,3.4,1.1,0.004,0.02,100,30,60,1,15,50,30273.925,302.73925,357.2639771,133.8702225,9.428483009,462.4170227,84.5,61.6563628,63.5,23.94738762,-0.3060771505,2.13512374
run_000137,3.4,1.1,0.004,0.02,100,30,65,1,15,50,15343.04142,153.4304142,174.9472198,76.36679721,3.73218298,248.9824371,87.5,63.6166848,66.5,23.48611195,-0.3978777701,2.230024905
run_000138,3.4,1.1,0.004,0.02,100,30,70,1,15,50,9253.03287,92.5303287,103.9161949,48.79169862,1.698539734,168.7339325,72.5,64.60927603,67.5,23.3292764,-0.4500155548,2.304229604
run_000139,3.4,1.1,0.004,0.02,100,30,75,1,15,50,5839.441891,58.39441891,64.11211205,31.97588523,0.9008651376,115.2775192,92.5,65.17070041,68.5,23.34233011,-0.4894639065,2.350896591
run_000140,3.4,1.1,0.004,0.02,100,30,80,1,15,50,4083.275919,40.83275919,42.58062935,23.75474463,1.500811338,86.46547699,97.5,66.04625239,69.5,23.38336441,-0.5482452382,2.436819516
run_000141,3.4,1.1,0.004,0.02,100,30,85,1,15,50,2971.289088,29.71289088,29.87097549,17.24863746,0.8614986539,63.74717712,91.5,66.03413698,70.5,23.61398833,-0.5683198589,2.445050991
run_000142,3.4,1.1,0.004,0.02,100,30,90,1,15,50,2166.792588,21.66792588,20.82001305,13.69456938,0,50.3728714,83.5,67.32168908,71.5,23.01681417,-0.6404297306,2.598566352
run_000143,3.4,1.1,0.004,0.02,100,30,95,1,15,50,1696.651944,16.96651944,16.84615421,10.16272222,0,41.73013687,80.5,65.92612356,70.5,23.92909789,-0.5776568776,2.3785732
run_000144,3.4,1.1,0.004,0.02,100,30,100,1,15,50,1327.824365,13.27824365,13.01115179,7.893439237,0.8089595437,29.92820358,96.5,65.9171805,69.5,24.05108948,-0.5737715992,2.450599964
run_000145,3.4,1.1,0.0045,0.02,100,30,60,1,15,50,29359.92879,293.5992879,357.6377411,129.5776687,8.41178894,433.612793,72.5,61.58258391,63.5,23.89910332,-0.3092265929,2.149264791
run_000146,3.4,1.1,0.0045,0.02,100,30,65,1,15,50,14835.97252,148.3597252,172.0396805,72.57007317,3.459376335,234.0894165,83.5,63.34556167,65.5,23.56730156,-0.3887175733,2.221050391
run_000147,3.4,1.1,0.0045,0.02,100,30,70,1,15,50,8984.339442,89.84339442,102.1023102,46.77408744,2.631213188,178.9450378,97.5,64.36336208,67.5,23.43939579,-0.4366336618,2.289026762
run_000148,3.4,1.1,0.0045,0.02,100,30,75,1,15,50,5645.449253,56.45449253,63.95828056,29.79493275,3.275498867,99.35274506,89.5,64.59333144,67.5,23.37339152,-0.463414733,2.336342833
run_000149,3.4,1.1,0.0045,0.02,100,30,80,1,15,50,3890.712834,38.90712834,41.37165833,22.12715606,0.8639281392,78.19927216,99.5,65.6626279,68.5,23.30686383,-0.5031764851,2.393752528
run_000150,3.4,1.1,0.0045,0.02,100,30,85,1,15,50,2796.653209,27.96653209,30.78736877,15.82406708,0.8446978927,58.15511703,98.5,65.64528337,69.5,23.51289205,-0.532579339,2.398391551
run_000151,3.4,1.1,0.0045,0.02,100,30,90,1,15,50,2108.859012,21.08859012,20.88202858,12.47262999,0.7698122859,44.38165283,99.5,65.9958133,70.5,23.54923009,-0.5588247769,2.407400777
run_000152,3.4,1.1,0.0045,0.02,100,30,95,1,15,50,1630.439016,16.30439016,15.7975421,10.3865577,0.7848918438,40.40238571,84.5,67.24295125,71.5,23.36692823,-0.6235552765,2.541731795
run_000153,3.4,1.1,0.0045,0.02,100,30,100,1,15,50,1221.036049,12.21036049,11.66265821,7.12767839,0.7557899356,25.81635666,89.5,65.62546267,69.5,23.91979309,-0.5436080293,2.418952649
run_000154,3.4,1.1,0.005,0.02,100,30,60,1,15,50,28400.18137,284.0018137,342.7804718,123.3756946,4.63139677,425.5285339,83.5,61.20200098,63.5,23.90630997,-0.2800673086,2.112342796
run_000155,3.4,1.1,0.005,0.02,100,30,65,1,15,50,14478.53047,144.7853047,164.7526016,70.88497375,1.70011735,231.9169159,97.5,63.27908061,65.5,23.4673821,-0.3690298332,2.19733807
run_000156,3.4,1.1,0.005,0.02,100,30,70,1,15,50,8578.147689,85.78147689,91.93241119,44.30714527,1.480832338,147.9439697,86.5,64.24965081,67.5,23.49050775,-0.4361056659,2.279733567
run_000157,3.4,1.1,0.005,0.02,100,30,75,1,15,50,5372.184502,53.72184502,56.46917343,28.82358723,1.568124771,105.4973297,96.5,64.82686921,67.5,23.35069707,-0.446978772,2.281244215
run_000158,3.4,1.1,0.005,0.02,100,30,80,1,15,50,3778.788059,37.78788059,37.8630619,20.95888161,1.673943281,76.94213104,96.5,65.33257721,68.5,23.55762309,-0.499310523,2.358508688
run_000159,3.4,1.1,0.005,0.02,100,30,85,1,15,50,2689.3594,26.893594,30.17729187,15.55276759,0.5453545451,57.42965698,99.5,65.98705719,68.5,23.04091445,-0.5073755157,2.416062723
run_000160,3.4,1.1,0.005,0.02,100,30,90,1,15,50,2004.984156,20.04984156,21.12544441,11.52540009,0,39.90803909,83.5,65.39494845,68.5,23.17330494,-0.5368825773,2.435897724
run_000161,3.4,1.1,0.005,0.02,100,30,95,1,15,50,1489.204536,14.89204536,15.38203955,9.034704321,0.7778944373,32.69539261,94.5,66.02298463,69.5,23.18733391,-0.5646445169,2.496402738
run_000162,3.4,1.1,0.005,0.02,100,30,100,1,15,50,1209.916058,12.09916058,12.33362913,7.620162326,0.6253458858,30.96640778,85.5,66.49046395,70.5,23.13018174,-0.5700070151,2.480072797
run_000163,3.4,1.1,0.001,0.03,100,30,60,1,15,50,51655.42638,516.5542638,617.8001099,237.342741,10.82817268,772.7156372,90.5,62.29310197,64.5,23.72744082,-0.3291743629,2.166219082
run_000164,3.4,1.1,0.001,0.03,100,30,65,1,15,50,27049.86711,270.4986711,306.0790253,140.2739697,6.755516052,461.6317139,97.5,64.42819863,67.5,23.31312426,-0.4272471177,2.268908128
run_000165,3.4,1.1,0.001,0.03,100,30,70,1,15,50,16552.33377,165.5233377,178.9735489,91.59817445,5.802368164,306.8792725,99.5,65.63836824,68.5,23.33843772,-0.4965083322,2.351125559
run_000166,3.4,1.1,0.001,0.03,100,30,75,1,15,50,10960.73773,109.6073773,117.7572708,63.7786018,1.930766106,215.3161316,92.5,66.40301406,69.5,23.08281518,-0.5465997793,2.442750837
run_000167,3.4,1.1,0.001,0.03,100,30,80,1,15,50,7693.224746,76.93224746,79.83940506,45.67882153,0.9689107537,154.7444763,89.5,66.66032942,70.5,22.95856642,-0.5477465335,2.438719581
run_000168,3.4,1.1,0.001,0.03,100,30,85,1,15,50,5677.60695,56.7760695,57.7537632,34.87620017,1.916071892,111.9663925,97.5,67.25949905,71.5,22.86518355,-0.6113964012,2.543315877
run_000169,3.4,1.1,0.001,0.03,100,30,90,1,15,50,4332.028536,43.32028536,41.49980545,27.0490834,0.9582604766,95.13557434,91.5,67.53255397,71.5,23.06965307,-0.611142246,2.544873772
run_000170,3.4,1.1,0.001,0.03,100,30,95,1,15,50,3266.531243,32.66531243,30.56702232,20.47861923,0,75.61054993,84.5,67.49423969,72.5,23.39548623,-0.6678894344,2.600166886
run_000171,3.4,1.1,0.001,0.03,100,30,100,1,15,50,2688.321,26.88321,26.64202976,16.93352195,0,72.7417984,83.5,67.20099558,71.5,23.29054158,-0.6458294781,2.608425879
run_000172,3.4,1.1,0.0015,0.03,100,30,60,1,15,50,50092.73858,500.9273858,611.0943298,224.6953637,10.77857018,771.8043823,69.5,61.77541515,63.5,23.75175913,-0.3045991533,2.13941166
run_000173,3.4,1.1,0.0015,0.03,100,30,65,1,15,50,26291.07016,262.9107016,298.5409698,132.6973904,7.720579147,435.2033691,92.5,63.99361339,66.5,23.49510915,-0.4141703434,2.251831367
run_000174,3.4,1.1,0.0015,0.03,100,30,70,1,15,50,15822.74592,158.2274592,168.5183487,86.96121508,0.9499356747,280.4152832,83.5,65.48234789,68.5,23.19951442,-0.4796671081,2.328716425
run_000175,3.4,1.1,0.0015,0.03,100,30,75,1,15,50,10401.77733,104.0177733,114.5457344,59.63508937,3.83488822,188.0536194,96.5,66.08600563,69.5,22.95660073,-0.5302729608,2.423784444
run_000176,3.4,1.1,0.0015,0.03,100,30,80,1,15,50,7328.118969,73.28118969,76.60027313,42.91128415,3.774533272,151.7782593,87.5,66.4328124,69.5,23.18171439,-0.5924725331,2.550388809
run_000177,3.4,1.1,0.0015,0.03,100,30,85,1,15,50,5353.089955,53.53089955,50.64370537,32.93938708,0.943362236,112.048996,84.5,67.27798258,71.5,22.85423239,-0.5883052218,2.475217316
run_000178,3.4,1.1,0.0015,0.03,100,30,90,1,15,50,4065.990522,40.65990522,42.94297028,23.90151131,0.8977466226,90.04247284,98.5,66.37226271,69.5,23.30901299,-0.5560035208,2.462275942
run_000179,3.4,1.1,0.0015,0.03,100,30,95,1,15,50,3146.805409,31.46805409,31.52951241,19.67311888,1.667190313,67.77349854,90.5,67.37718438,71.5,22.92538272,-0.6367650961,2.641140411
run_000180,3.4,1.1,0.0015,0.03,100,30,100,1,15,50,2561.932843,25.61932843,24.8068018,16.08415739,0.9191032648,58.25880432,89.5,67.12976884,71.5,22.94533898,-0.6003054287,2.535674212
run_000181,3.4,1.1,0.002,0.03,100,30,60,1,15,50,48391.62162,483.9162162,570.8803101,214.9597812,6.668576241,707.5766602,78.5,61.71634229,63.5,23.86873836,-0.2953403444,2.121161549
run_000182,3.4,1.1,0.002,0.03,100,30,65,1,15,50,25325.73312,253.2573312,299.4494629,127.5736777,5.648857594,422.8832397,82.5,63.89986448,66.5,23.4485379,-0.4103000836,2.257850658
run_000183,3.4,1.1,0.002,0.03,100,30,70,1,15,50,15325.59499,153.2559499,170.5001068,81.82181146,2.813455105,275.2238159,99.5,65.02367442,68.5,23.39713606,-0.4565043872,2.303142877
run_000184,3.4,1.1,0.002,0.03,100,30,75,1,15,50,10123.66661,101.2366661,110.7440758,57.26193473,2.694712639,203.1051788,89.5,65.88716426,69.5,23.19523219,-0.4963710062,2.340859613
run_000185,3.4,1.1,0.002,0.03,100,30,80,1,15,50,7009.200077,70.09200077,69.43101501,41.18163701,0.9273546338,143.147995,86.5,66.39761103,69.5,22.85347236,-0.5219735778,2.38759957
run_000186,3.4,1.1,0.002,0.03,100,30,85,1,15,50,5190.237162,51.90237162,52.49639511,29.67502565,0.8445956707,109.3365707,91.5,66.03652955,70.5,23.63262337,-0.5472612819,2.387338665
run_000187,3.4,1.1,0.002,0.03,100,30,90,1,15,50,3874.901021,38.74901021,38.78829765,22.75160403,0,81.74756622,87.5,66.18098716,69.5,23.37090052,-0.5797471153,2.488147454
run_000188,3.4,1.1,0.002,0.03,100,30,95,1,15,50,3020.196638,30.20196638,29.56311703,17.38887876,0.9089140296,63.4419632,95.5,65.84987518,69.5,23.68284802,-0.5421898163,2.398019993
run_000189,3.4,1.1,0.002,0.03,100,30,100,1,15,50,2459.276061,24.59276061,25.11164474,15.34563505,0,55.0470047,97.5,67.12226728,71.5,23.0247429,-0.5999947463,2.533370641
run_000190,3.4,1.1,0.0025,0.03,100,30,60,1,15,50,46450.80867,464.5080867,582.9211426,203.573699,11.55584717,677.640686,82.5,61.35729152,63.5,23.85333196,-0.2836351912,2.125058375
run_000191,3.4,1.1,0.0025,0.03,100,30,65,1,15,50,24367.78918,243.6778918,275.5659637,120.1030632,5.640374184,434.5261536,92.5,63.47568961,66.5,23.47390096,-0.3827055587,2.212071141
run_000192,3.4,1.1,0.0025,0.03,100,30,70,1,15,50,14891.82234,148.9182234,171.7787018,79.12707837,5.415565968,259.9770203,85.5,64.78393584,67.5,23.28567631,-0.4513987615,2.314548323
run_000193,3.4,1.1,0.0025,0.03,100,30,75,1,15,50,9827.82544,98.2782544,104.8547821,54.24753952,2.796495914,180.480484,95.5,65.51738334,68.5,23.21513191,-0.4785422167,2.330567551
run_000194,3.4,1.1,0.0025,0.03,100,30,80,1,15,50,6797.574918,67.97574918,73.57201004,40.28764784,1.797332764,141.7722321,99.5,66.64760966,70.5,23.01987611,-0.5523151564,2.457808119
run_000195,3.4,1.1,0.0025,0.03,100,30,85,1,15,50,4957.491139,49.57491139,52.37605476,28.72172363,1.794629574,96.33302307,95.5,66.16293479,69.5,23.23789479,-0.5413074216,2.416983564
run_000196,3.4,1.1,0.0025,0.03,100,30,90,1,15,50,3713.768343,37.13768343,37.40488052,22.21268868,0.6341338158,80.94081879,95.5,66.66551496,70.5,23.36511275,-0.5842722435,2.485316522
run_000197,3.4,1.1,0.0025,0.03,100,30,95,1,15,50,2903.409641,29.03409641,30.04424381,17.69413965,0,64.74740601,93.5,66.60845112,70.5,23.27636961,-0.5743962434,2.475699942
run_000198,3.4,1.1,0.0025,0.03,100,30,100,1,15,50,2272.466365,22.72466365,22.79434967,14.52764695,0.8691891432,62.21321106,91.5,67.36586259,71.5,23.32634086,-0.6133537753,2.519303317
run_000199,3.4,1.1,0.003,0.03,100,30,60,1,15,50,45263.2791,452.632791,559.3376465,196.1345322,4.740611553,649.6297607,89.5,61.07892744,62.5,23.83501763,-0.2713787255,2.111868695
run_000200,3.4,1.1,0.003,0.03,100,30,65,1,15,50,23784.5226,237.845226,283.4046173,116.5992748,5.319087982,369.3824768,81.5,63.36098151,65.5,23.42832796,-0.36849837,2.219015602
run_000201,3.4,1.1,0.003,0.03,100,30,70,1,15,50,14241.93074,142.4193074,161.6791534,76.30767397,6.387052536,255.1418915,86.5,64.84921253,67.5,23.1948585,-0.4618979986,2.339218057
run_000202,3.4,1.1,0.003,0.03,100,30,75,1,15,50,9365.932985,93.65932985,100.232933,51.35335674,0.8981375098,174.0196228,93.5,65.31961366,68.5,23.19086403,-0.4811376185,2.33834401
run_000203,3.4,1.1,0.003,0.03,100,30,80,1,15,50,6605.388394,66.05388394,66.60925293,38.10732992,0.900445044,131.6989441,97.5,66.29358242,69.5,23.28044542,-0.5204984184,2.362628516
run_000204,3.4,1.1,0.003,0.03,100,30,85,1,15,50,4763.815672,47.63815672,51.56354713,27.35954206,2.407994509,95.72012329,95.5,66.06575649,69.5,23.48677957,-0.5469344097,2.441000792
run_000205,3.4,1.1,0.003,0.03,100,30,90,1,15,50,3550.896008,35.50896008,37.73303223,21.30537575,0.8789288402,75.73018646,88.5,66.65966376,70.5,23.05466222,-0.5820461501,2.49366803
run_000206,3.4,1.1,0.003,0.03,100,30,95,1,15,50,2783.777945,27.83777945,30.49097347,16.70368631,0,58.43608475,91.5,66.45549877,70.5,23.14573058,-0.5704687914,2.503135065
run_000207,3.4,1.1,0.003,0.03,100,30,100,1,15,50,2288.064637,22.88064637,20.99550819,14.34263961,0,47.94868469,99.5,67.32805873,71.5,23.2220502,-0.6465063722,2.600299958
run_000208,3.4,1.1,0.0035,0.03,100,30,60,1,15,50,43791.45862,437.9145862,541.8744507,187.4626827,5.726459503,644.532959,71.5,60.95204867,62.5,23.94363001,-0.2716136916,2.114258853
run_000209,3.4,1.1,0.0035,0.03,100,30,65,1,15,50,22887.80941,228.8780941,266.2543335,110.9964881,7.495166779,366.1620483,82.5,63.15396818,65.5,23.53371456,-0.3809954804,2.229689764
run_000210,3.4,1.1,0.0035,0.03,100,30,70,1,15,50,13957.4559,139.574559,162.3560333,72.88065857,4.60321331,238.7443542,98.5,64.41865733,67.5,23.26378388,-0.4456172931,2.315419863
run_000211,3.4,1.1,0.0035,0.03,100,30,75,1,15,50,9048.743327,90.48743327,100.1194344,48.29873589,1.615128875,166.3813171,86.5,64.93872269,67.5,23.41973912,-0.455839658,2.30042928
run_000212,3.4,1.1,0.0035,0.03,100,30,80,1,15,50,6336.769061,63.36769061,65.00889969,36.4982365,0.8914718032,128.9143982,97.5,66.19526854,69.5,23.11656307,-0.5059483758,2.352968273
run_000213,3.4,1.1,0.0035,0.03,100,30,85,1,15,50,4637.319338,46.37319338,46.31705475,27.20448163,2.405264854,96.65985107,75.5,66.40934107,70.5,23.36914441,-0.5624221531,2.433073795
run_000214,3.4,1.1,0.0035,0.03,100,30,90,1,15,50,3427.654958,34.27654958,34.84509468,19.87866094,0.8224490881,67.88137054,82.5,65.94328756,68.5,23.16695101,-0.5314105045,2.421552168
run_000215,3.4,1.1,0.0035,0.03,100,30,95,1,15,50,2640.796243,26.40796243,26.00800323,15.87042924,0,58.65704346,97.5,66.6715657,70.5,23.47156741,-0.5515938401,2.379780026
run_000216,3.4,1.1,0.0035,0.03,100,30,100,1,15,50,2142.167062,21.42167062,21.70116425,12.91755489,2.263268232,47.91040421,89.5,66.60558278,70.5,23.42543539,-0.6335264849,2.570055628
run_000217,3.4,1.1,0.004,0.03,100,30,60,1,15,50,42737.92519,427.3792519,513.490387,179.69891,6.481989384,620.0457153,70.5,60.43174574,62.5,23.91231663,-0.248495658,2.095174945
run_000218,3.4,1.1,0.004,0.03,100,30,65,1,15,50,22372.76371,223.7276371,264.0014496,107.5730135,3.650824785,351.9778442,85.5,62.89915136,65.5,23.43645414,-0.3518464046,2.203864985
run_000219,3.4,1.1,0.004,0.03,100,30,70,1,15,50,13378.85899,133.7885899,151.02314,68.83906989,3.652095079,229.4845581,89.5,64.24389613,67.5,23.38533965,-0.429770263,2.273936449
run_000220,3.4,1.1,0.004,0.03,100,30,75,1,15,50,8638.146651,86.38146651,89.43877411,47.87100349,4.160219669,164.1032715,94.5,65.50464305,69.5,23.39471285,-0.509627576,2.371511394
run_000221,3.4,1.1,0.004,0.03,100,30,80,1,15,50,5937.540783,59.37540783,62.47663498,32.04250474,2.384438992,111.8101959,93.5,64.97364875,68.5,23.57806264,-0.4831127289,2.32033199
run_000222,3.4,1.1,0.004,0.03,100,30,85,1,15,50,4357.764398,43.57764398,46.8269062,23.8479895,1.654552221,80.87648773,89.5,65.1722081,68.5,23.37452904,-0.4792372279,2.33451772
run_000223,3.4,1.1,0.004,0.03,100,30,90,1,15,50,3299.047193,32.99047193,36.75292397,18.93221932,0.7113050222,63.44166946,84.5,65.94893973,69.5,23.24140008,-0.5430421539,2.426776548
run_000224,3.4,1.1,0.004,0.03,100,30,95,1,15,50,2565.318691,25.65318691,24.83520985,15.51687452,0.6170828342,63.69339371,94.5,66.57465881,70.5,23.48814019,-0.6039586817,2.517577421
run_000225,3.4,1.1,0.004,0.03,100,30,100,1,15,50,1955.355918,19.55355918,18.94562817,11.84315325,0.8012444377,43.82265472,90.5,66.60814674,71.5,23.50959852,-0.6109094289,2.52394441
run_000226,3.4,1.1,0.0045,0.03,100,30,60,1,15,50,41401.47894,414.0147894,497.2057037,172.4243832,13.05853462,591.9542847,60.5,60.16512109,61.5,23.9146599,-0.2342075959,2.101289502
run_000227,3.4,1.1,0.0045,0.03,100,30,65,1,15,50,21300.27004,213.0027004,258.7504883,99.34916657,7.163748741,328.4816895,90.5,62.50018583,64.5,23.73481928,-0.3496298215,2.196649917
run_000228,3.4,1.1,0.0045,0.03,100,30,70,1,15,50,12929.4425,129.294425,149.2317429,65.2199373,4.300094604,216.9259033,75.5,63.89798143,66.5,23.51750052,-0.4154131282,2.280030415
run_000229,3.4,1.1,0.0045,0.03,100,30,75,1,15,50,8391.136757,83.91136757,94.20321274,44.49568165,3.453421831,151.5390472,87.5,64.76843379,68.5,23.46287143,-0.4715019038,2.324767881
run_000230,3.4,1.1,0.0045,0.03,100,30,80,1,15,50,5806.899379,58.06899379,65.24984741,31.83609636,3.256400585,108.4464111,90.5,65.32056867,68.5,23.41429693,-0.5033739486,2.405781373
run_000231,3.4,1.1,0.0045,0.03,100,30,85,1,15,50,4272.908387,42.72908387,47.79265404,23.69560802,1.565354347,84.54699707,99.5,65.16784107,68.5,23.3477466,-0.4744426251,2.356472141
run_000232,3.4,1.1,0.0045,0.03,100,30,90,1,15,50,3164.59992,31.6459992,34.46699142,17.97196322,0.7910196781,61.63117599,94.5,65.70482846,68.5,23.19316717,-0.5070879218,2.441829106
run_000233,3.4,1.1,0.0045,0.03,100,30,95,1,15,50,2435.967699,24.35967699,26.03047562,13.88884736,0.7168179154,49.0724144,89.5,65.81595163,69.5,23.60075805,-0.521332932,2.377254173
run_000234,3.4,1.1,0.0045,0.03,100,30,100,1,15,50,1877.875695,18.77875695,17.98692894,11.17009944,0.7165611386,41.0259552,76.5,66.00051571,69.5,23.37759737,-0.5466394702,2.41257727
run_000235,3.4,1.1,0.005,0.03,100,30,60,1,15,50,39733.007,397.33007,476.8210754,163.6462212,10.11987686,560.7589111,77.5,60.01372962,61.5,23.95889748,-0.2239596854,2.082812076
run_000236,3.4,1.1,0.005,0.03,100,30,65,1,15,50,20619.12608,206.1912608,248.0534286,95.23228055,3.179590225,312.375824,84.5,62.17999906,64.5,23.60284501,-0.3192043501,2.16494679
run_000237,3.4,1.1,0.005,0.03,100,30,70,1,15,50,12260.38676,122.6038676,143.510704,61.41465205,1.58573401,202.5783844,92.5,63.6913676,66.5,23.45729757,-0.4130213358,2.265851563
run_000238,3.4,1.1,0.005,0.03,100,30,75,1,15,50,8083.591042,80.83591042,92.47533035,41.71946274,3.340603352,138.1658325,74.5,64.25815662,67.5,23.5142588,-0.4735474155,2.368042637
run_000239,3.4,1.1,0.005,0.03,100,30,80,1,15,50,5558.785155,55.58785155,62.90992546,29.88328905,2.418660641,101.7806091,92.5,64.85865341,68.5,23.52073285,-0.4716462807,2.324912856
run_000240,3.4,1.1,0.005,0.03,100,30,85,1,15,50,3989.588866,39.89588866,41.85797119,22.54422677,1.488896489,75.94062805,82.5,65.702088,69.5,23.33150039,-0.5398806048,2.418570925
run_000241,3.4,1.1,0.005,0.03,100,30,90,1,15,50,3015.570216,30.15570216,32.93437576,16.78649154,0.8056565523,58.61336136,93.5,65.49508139,69.5,23.72013759,-0.5434936627,2.409111867
run_000242,3.4,1.1,0.005,0.03,100,30,95,1,15,50,2310.839564,23.10839564,24.14505768,13.41447565,0.7702231407,50.62583542,93.5,65.92063426,69.5,23.49282057,-0.5590274824,2.442422273
run_000243,3.4,1.1,0.005,0.03,100,30,100,1,15,50,1778.210123,17.78210123,18.43131638,10.80437126,0,37.22126007,95.5,66.47034746,70.5,23.11458097,-0.6125267498,2.583520594
run_000244,3.4,1.1,0.001,0.04,100,30,60,1,15,50,64201.30597,642.0130597,769.5448608,280.8043146,13.6629591,921.8399658,63.5,61.18913326,62.5,23.74810899,-0.277039849,2.12240351
run_000245,3.4,1.1,0.001,0.04,100,30,65,1,15,50,34411.62331,344.1162331,406.6994781,169.152373,6.804012299,545.0246582,93.5,63.50835878,65.5,23.4793804,-0.3717637977,2.202648809
run_000246,3.4,1.1,0.001,0.04,100,30,70,1,15,50,21413.49922,214.1349922,246.8410721,115.0132749,4.771018982,376.9685974,97.5,65.0168176,68.5,23.22925555,-0.4676481028,2.353130202
run_000247,3.4,1.1,0.001,0.04,100,30,75,1,15,50,14073.50821,140.7350821,154.2526016,79.53108898,2.875230312,276.1447144,94.5,65.97395973,69.5,23.11333477,-0.524399015,2.41400439
run_000248,3.4,1.1,0.001,0.04,100,30,80,1,15,50,10167.52437,101.6752437,112.8037262,58.1230733,3.80589366,200.1733856,92.5,66.02373415,69.5,23.07013269,-0.530142935,2.420571022
run_000249,3.4,1.1,0.001,0.04,100,30,85,1,15,50,7448.256709,74.48256709,75.96455765,43.61428999,0.954718709,151.2090912,91.5,66.48479665,70.5,23.29058045,-0.566713051,2.448736268
run_000250,3.4,1.1,0.001,0.04,100,30,90,1,15,50,5794.120456,57.94120456,56.95004463,36.15315648,1.870787621,132.7378998,99.5,67.52825708,71.5,23.13600139,-0.6167520735,2.565763156
run_000251,3.4,1.1,0.001,0.04,100,30,95,1,15,50,4391.431426,43.91431426,44.74925613,26.73346641,1.881648064,93.51678467,97.5,66.89502043,71.5,23.29136602,-0.6401438672,2.601489126
run_000252,3.4,1.1,0.001,0.04,100,30,100,1,15,50,3583.29373,35.8329373,39.09413719,21.44143017,0.94674927,81.98226929,90.5,66.45817858,69.5,23.10896875,-0.57941984,2.521781115
run_000253,3.4,1.1,0.0015,0.04,100,30,60,1,15,50,62014.8886,620.148886,763.6961365,267.242486,9.519924164,890.9788208,69.5,60.80886913,62.5,23.74634599,-0.2582535385,2.118753823
run_000254,3.4,1.1,0.0015,0.04,100,30,65,1,15,50,33511.37233,335.1137233,394.5212402,164.2261248,6.727444172,543.9686279,78.5,63.36419079,65.5,23.43510998,-0.3680532016,2.204989674
run_000255,3.4,1.1,0.0015,0.04,100,30,70,1,15,50,20441.02297,204.4102297,217.7398529,109.425653,6.606944084,350.1955872,90.5,64.96392894,67.5,23.14813111,-0.4686904112,2.345537155
run_000256,3.4,1.1,0.0015,0.04,100,30,75,1,15,50,13859.48461,138.5948461,147.6093674,77.66125006,6.62384367,255.7544403,86.5,65.65343954,68.5,22.94461549,-0.515186077,2.440475792
run_000257,3.4,1.1,0.0015,0.04,100,30,80,1,15,50,9611.041625,96.11041625,102.3493958,55.90830697,0.9375613332,195.3711395,94.5,66.45753592,70.5,23.24307544,-0.5463348213,2.428147452
run_000258,3.4,1.1,0.0015,0.04,100,30,85,1,15,50,7103.352005,71.03352005,71.08247757,42.04618112,4.610113621,147.8241425,90.5,66.63349306,70.5,23.11668143,-0.5892443504,2.51514669
run_000259,3.4,1.1,0.0015,0.04,100,30,90,1,15,50,5435.482321,54.35482321,53.86301041,33.11268189,2.710860491,123.7162781,93.5,67.03847693,70.5,23.19781203,-0.6024595911,2.542227185
run_000260,3.4,1.1,0.0015,0.04,100,30,95,1,15,50,4200.457404,42.00457404,41.13928986,26.21681654,2.648310661,108.1049042,86.5,67.2246399,70.5,23.09209018,-0.6081463777,2.577495841
run_000261,3.4,1.1,0.0015,0.04,100,30,100,1,15,50,3402.978354,34.02978354,32.0225172,20.79621541,2.720017672,76.04829407,95.5,66.9812575,70.5,23.36562089,-0.6155812972,2.577573996
run_000262,3.4,1.1,0.002,0.04,100,30,60,1,15,50,60693.81253,606.9381253,736.3499146,255.203032,11.64466572,876.6841431,73.5,60.44335641,62.5,23.88764403,-0.2488745995,2.106986367
run_000263,3.4,1.1,0.002,0.04,100,30,65,1,15,50,32337.46912,323.3746912,391.5758209,155.2109128,5.776107788,508.1844177,79.5,62.84917421,65.5,23.40385537,-0.3528685796,2.208494634
run_000264,3.4,1.1,0.002,0.04,100,30,70,1,15,50,20075.30523,200.7530523,225.8339005,104.7333022,6.621264458,339.838562,87.5,64.50026446,67.5,23.2727998,-0.4344637059,2.284572617
run_000265,3.4,1.1,0.002,0.04,100,30,75,1,15,50,13244.28153,132.4428153,141.8825684,74.00228525,2.664386034,239.1062927,91.5,65.65190683,68.5,23.03312693,-0.5076369196,2.40554914
run_000266,3.4,1.1,0.002,0.04,100,30,80,1,15,50,9313.234269,93.13234269,94.95118713,54.06908763,2.808332682,177.4637146,99.5,66.29842627,69.5,23.11361841,-0.5372518389,2.443425402
run_000267,3.4,1.1,0.002,0.04,100,30,85,1,15,50,6857.849251,68.57849251,73.61554337,40.38606419,1.792915821,136.463501,96.5,66.50116128,70.5,22.96367672,-0.5544592165,2.450031081
run_000268,3.4,1.1,0.002,0.04,100,30,90,1,15,50,5224.954731,52.24954731,50.94841957,30.99870916,1.828738928,113.1245193,98.5,66.59397982,70.5,23.3123509,-0.5788956822,2.505065136
run_000269,3.4,1.1,0.002,0.04,100,30,95,1,15,50,4103.804068,41.03804068,39.75466347,24.94167134,0,88.05971527,99.5,66.95543852,71.5,23.33291862,-0.6256446377,2.533519492
run_000270,3.4,1.1,0.002,0.04,100,30,100,1,15,50,3153.268736,31.53268736,31.94853878,19.43314676,0.8761217594,69.43306732,87.5,67.12315439,70.5,23.04103432,-0.6095352084,2.545142633
run_000271,3.4,1.1,0.0025,0.04,100,30,60,1,15,50,58379.6425,583.796425,707.8973389,246.0879452,12.13355923,846.4182739,81.5,60.37099161,61.5,23.82059302,-0.2472895326,2.110699233
run_000272,3.4,1.1,0.0025,0.04,100,30,65,1,15,50,31493.95742,314.9395742,378.50354,151.3739835,11.00845051,489.8247986,81.5,62.91059826,65.5,23.45964154,-0.3626250138,2.233503618
run_000273,3.4,1.1,0.0025,0.04,100,30,70,1,15,50,18981.06038,189.8106038,219.114357,97.80094961,7.446911812,319.7503052,99.5,64.26821421,67.5,23.30258264,-0.4190640176,2.279483005
run_000274,3.4,1.1,0.0025,0.04,100,30,75,1,15,50,12469.35362,124.6935362,145.052948,67.89535711,2.685205698,221.8709564,94.5,65.17681025,68.5,23.08962847,-0.4694784056,2.334042985
run_000275,3.4,1.1,0.0025,0.04,100,30,80,1,15,50,8885.064563,88.85064563,93.36008072,50.29055349,3.385496378,169.4700165,85.5,65.92853654,69.5,23.13928749,-0.5204538438,2.402612903
run_000276,3.4,1.1,0.0025,0.04,100,30,85,1,15,50,6629.505182,66.29505182,66.11562729,38.65148366,2.733968258,132.8340912,99.5,66.43338112,69.5,23.18771853,-0.5469186478,2.439879767
run_000277,3.4,1.1,0.0025,0.04,100,30,90,1,15,50,5008.801153,50.08801153,48.07106781,29.33811174,3.192863941,107.0234222,97.5,66.46512394,69.5,23.34015772,-0.584390185,2.519815608
run_000278,3.4,1.1,0.0025,0.04,100,30,95,1,15,50,3891.707767,38.91707767,40.67882347,22.57384742,2.581984997,81.16430664,95.5,66.00735566,69.5,23.46950011,-0.5695615094,2.503217812
run_000279,3.4,1.1,0.0025,0.04,100,30,100,1,15,50,3065.5437,30.655437,31.45524311,18.20597991,0.8774416447,64.33467102,94.5,66.45101976,70.5,23.3390855,-0.5773172722,2.499820191
run_000280,3.4,1.1,0.003,0.04,100,30,60,1,15,50,56574.12193,565.7412193,670.7061157,233.2616576,20.12238121,806.6367188,60.5,59.90918911,61.5,23.90003511,-0.2186393346,2.084324397
run_000281,3.4,1.1,0.003,0.04,100,30,65,1,15,50,30108.17083,301.0817083,356.0650787,143.143824,5.659291744,470.4795227,67.5,62.73614042,65.5,23.49734093,-0.3473492021,2.199116287
run_000282,3.4,1.1,0.003,0.04,100,30,70,1,15,50,18458.47186,184.5847186,217.058136,94.3304169,4.469628334,311.3389282,82.5,63.96521274,66.5,23.23522926,-0.4054867472,2.269875634
run_000283,3.4,1.1,0.003,0.04,100,30,75,1,15,50,12309.24557,123.0924557,140.8770905,66.21597926,4.541543961,219.8318024,93.5,65.00657631,67.5,23.2133745,-0.4778050119,2.363598921
run_000284,3.4,1.1,0.003,0.04,100,30,80,1,15,50,8630.161837,86.30161837,87.28151703,48.33415873,2.272122145,165.0084839,95.5,65.68005152,69.5,23.25107541,-0.5070181511,2.358606304
run_000285,3.4,1.1,0.003,0.04,100,30,85,1,15,50,6221.916708,62.21916708,64.47511482,35.95804889,0.813059926,129.9000092,97.5,66.21780368,69.5,23.17399556,-0.5291427436,2.416505819
run_000286,3.4,1.1,0.003,0.04,100,30,90,1,15,50,4699.030293,46.99030293,46.13445282,27.59482046,2.617943764,93.04764557,87.5,66.41318927,70.5,23.05802319,-0.5854406053,2.511508681
run_000287,3.4,1.1,0.003,0.04,100,30,95,1,15,50,3718.11543,37.1811543,35.42904472,21.80325194,0.8541024923,78.7714386,94.5,66.30812158,69.5,23.32187609,-0.5860788429,2.511521764
run_000288,3.4,1.1,0.003,0.04,100,30,100,1,15,50,2960.916628,29.60916628,27.98302269,17.36365909,0,61.35276794,98.5,66.3180615,69.5,23.48270558,-0.5453432541,2.402029125
run_000289,3.4,1.1,0.0035,0.04,100,30,60,1,15,50,55363.10727,553.6310727,654.2874146,226.6383521,13.2770462,799.0449829,73.5,59.67136711,60.5,23.86868039,-0.2167100905,2.09182913
run_000290,3.4,1.1,0.0035,0.04,100,30,65,1,15,50,28977.60176,289.7760176,349.6528473,134.4284143,10.34531403,445.2990417,73.5,62.22474208,64.5,23.54354511,-0.3315034582,2.194268516
run_000291,3.4,1.1,0.0035,0.04,100,30,70,1,15,50,18121.44331,181.2144331,215.6134796,90.0434253,5.800449371,298.4784851,75.5,63.61079889,66.5,23.47111479,-0.4098757228,2.260535871
run_000292,3.4,1.1,0.0035,0.04,100,30,75,1,15,50,11726.35063,117.2635063,133.0181503,61.16982523,2.701451778,204.6036072,90.5,64.44103378,67.5,23.2540009,-0.420099782,2.276136858
run_000293,3.4,1.1,0.0035,0.04,100,30,80,1,15,50,8241.738146,82.41738146,93.71321869,45.89478268,3.314713478,160.9648895,99.5,65.62045498,68.5,23.1519041,-0.496004195,2.408426063
run_000294,3.4,1.1,0.0035,0.04,100,30,85,1,15,50,6055.06075,60.5506075,66.7068367,33.66415503,3.36108923,127.4811554,86.5,65.46174416,68.5,23.38946723,-0.5091373391,2.4044218
run_000295,3.4,1.1,0.0035,0.04,100,30,90,1,15,50,4504.559263,45.04559263,47.28232193,26.10254694,0.8525006771,91.56298828,93.5,66.3038028,70.5,23.54595876,-0.5585441304,2.418332215
run_000296,3.4,1.1,0.0035,0.04,100,30,95,1,15,50,3534.401794,35.34401794,37.55685806,20.45600363,1.583999038,75.60012054,94.5,66.19504392,69.5,23.25740348,-0.5361886761,2.396124631
run_000297,3.4,1.1,0.0035,0.04,100,30,100,1,15,50,2771.685546,27.71685546,27.76983452,16.33537026,0.6254150867,61.33368683,98.5,66.42285801,69.5,23.66345307,-0.5862867952,2.494013507
run_000298,3.4,1.1,0.004,0.04,100,30,60,1,15,50,53165.86041,531.6586041,631.2978516,214.9041895,11.0342226,758.7057495,61.5,59.46448123,60.5,23.94996125,-0.2048816842,2.084744869
run_000299,3.4,1.1,0.004,0.04,100,30,65,1,15,50,28260.21032,282.6021032,343.2613983,128.8036507,8.382008553,417.5056152,69.5,61.93476695,63.5,23.63573488,-0.3142204994,2.171027012
run_000300,3.4,1.1,0.004,0.04,100,30,70,1,15,50,17141.14866,171.4114866,205.6877594,85.51524846,4.541927338,286.6236267,92.5,63.61557268,66.5,23.41532565,-0.4020225679,2.2588517
run_000301,3.4,1.1,0.004,0.04,100,30,75,1,15,50,11416.19356,114.1619356,135.9489136,60.16116545,3.338909864,196.9137573,93.5,64.5849448,67.5,23.2255637,-0.4409990022,2.331566476
run_000302,3.4,1.1,0.004,0.04,100,30,80,1,15,50,7865.408539,78.65408539,88.25186539,42.67929699,1.695208311,136.3694916,81.5,65.10831779,68.5,23.12890217,-0.4757185046,2.357953766
run_000303,3.4,1.1,0.004,0.04,100,30,85,1,15,50,5723.100897,57.23100897,59.05818367,31.55184594,3.212368488,119.7235718,95.5,65.4073028,68.5,23.52459742,-0.5288277759,2.425431543
run_000304,3.4,1.1,0.004,0.04,100,30,90,1,15,50,4463.255812,44.63255812,44.05875206,25.23255545,0.8340789676,88.85745239,91.5,65.83359113,69.5,23.52637248,-0.5405471248,2.423411599
run_000305,3.4,1.1,0.004,0.04,100,30,95,1,15,50,3401.790316,34.01790316,34.54555321,19.23423061,1.494332194,66.64952087,92.5,65.70631145,69.5,23.60956206,-0.5517807822,2.457374584
run_000306,3.4,1.1,0.004,0.04,100,30,100,1,15,50,2645.901489,26.45901489,27.507411,14.95064845,0,55.82374954,90.5,65.6408127,69.5,23.75905171,-0.5169255056,2.374489652
run_000307,3.4,1.1,0.0045,0.04,100,30,60,1,15,50,51558.40829,515.5840829,603.3531494,204.0133988,6.574343681,724.326355,74.5,58.99404587,60.5,23.99755538,-0.1839973904,2.066514926
run_000308,3.4,1.1,0.0045,0.04,100,30,65,1,15,50,27299.18796,272.9918796,341.0970306,123.4767297,7.361878395,415.0456848,63.5,61.67008802,63.5,23.57741162,-0.3021417115,2.16911795
run_000309,3.4,1.1,0.0045,0.04,100,30,70,1,15,50,16496.08802,164.9608802,196.8421021,80.31782876,6.872606754,264.6116943,76.5,63.27398802,65.5,23.57157909,-0.3807193908,2.219024281
run_000310,3.4,1.1,0.0045,0.04,100,30,75,1,15,50,11018.53054,110.1853054,126.613163,56.67070023,4.143353462,181.6064606,92.5,64.12546449,66.5,23.31771186,-0.4310080957,2.307642426
run_000311,3.4,1.1,0.0045,0.04,100,30,80,1,15,50,7503.476397,75.03476397,78.77956009,40.46376226,2.518759966,149.4767303,95.5,64.96820733,67.5,23.38145993,-0.4920353447,2.385556032
run_000312,3.4,1.1,0.0045,0.04,100,30,85,1,15,50,5548.697074,55.48697074,56.06389427,31.31127419,0.8440145254,104.6094894,84.5,65.81689601,69.5,23.34092898,-0.5431850798,2.414004602
run_000313,3.4,1.1,0.0045,0.04,100,30,90,1,15,50,4182.155384,41.82155384,43.43693352,23.21080595,0.7714413404,87.84899902,98.5,65.43807459,68.5,23.58933021,-0.4928175675,2.325025642
run_000314,3.4,1.1,0.0045,0.04,100,30,95,1,15,50,3077.34412,30.7734412,31.09914875,17.24030244,1.452368975,64.23522186,99.5,65.55863508,69.5,23.91369345,-0.5595177251,2.429397664
run_000315,3.4,1.1,0.0045,0.04,100,30,100,1,15,50,2628.83229,26.2883229,25.29550743,15.20456421,1.385132551,54.24523926,82.5,65.78524802,69.5,23.81037204,-0.5816029922,2.480342565
run_000316,3.4,1.1,0.005,0.04,100,30,60,1,15,50,50114.59206,501.1459206,584.6261902,196.0824889,18.25145912,720.3859863,59.5,58.82162331,59.5,24.07102568,-0.1768135474,2.067607709
run_000317,3.4,1.1,0.005,0.04,100,30,65,1,15,50,26657.58041,266.5758041,327.0537872,120.464508,7.228785515,407.1040344,72.5,61.60282241,63.5,23.5874967,-0.2977328608,2.156193352
run_000318,3.4,1.1,0.005,0.04,100,30,70,1,15,50,15870.11863,158.7011863,185.2911072,77.47877215,5.385609627,256.5740662,88.5,63.26129728,65.5,23.54244982,-0.3829011326,2.233813511
run_000319,3.4,1.1,0.005,0.04,100,30,75,1,15,50,10544.6145,105.446145,119.2125893,54.31892709,3.421084881,178.1830292,95.5,64.17236677,67.5,23.38193432,-0.4525033724,2.331829862
run_000320,3.4,1.1,0.005,0.04,100,30,80,1,15,50,7339.6647,73.396647,84.1048317,38.66459865,1.676408768,128.4025574,99.5,64.51791649,67.5,23.3104254,-0.4424547427,2.328645362
run_000321,3.4,1.1,0.005,0.04,100,30,85,1,15,50,5284.348112,52.84348112,59.46165276,27.9171235,0.7200402021,95.46433258,94.5,64.71564381,67.5,23.63295831,-0.4693659225,2.320741887
run_000322,3.4,1.1,0.005,0.04,100,30,90,1,15,50,3990.814363,39.90814363,45.37810707,22.04231633,1.464856863,78.9394455,90.5,65.41410971,68.5,23.59320468,-0.5092897262,2.373152049
run_000323,3.4,1.1,0.005,0.04,100,30,95,1,15,50,3113.501532,31.13501532,33.5847702,17.14218711,2.223763704,62.05684662,88.5,65.27036947,68.5,23.74901114,-0.5636979293,2.464412863
run_000324,3.4,1.1,0.005,0.04,100,30,100,1,15,50,2407.768247,24.07768247,24.95542622,13.71160679,0.7697138786,50.57860184,97.5,65.73598913,69.5,23.52722709,-0.5778045992,2.511408467
run_000325,3.4,1.1,0.001,0.05,100,30,60,1,15,50,75002.45221,750.0245221,891.8765564,310.461958,24.58991241,1077.464355,60.5,59.78938814,60.5,23.79621385,-0.2149933888,2.10378926
run_000326,3.4,1.1,0.001,0.05,100,30,65,1,15,50,41334.67311,413.3467311,504.121933,196.255551,11.73549557,630.4910889,87.5,62.62979823,64.5,23.40051815,-0.3310786824,2.183611644
run_000327,3.4,1.1,0.001,0.05,100,30,70,1,15,50,25868.01808,258.6801808,302.8716736,136.9197472,2.933528662,441.7725525,93.5,64.67470575,67.5,23.04195054,-0.4392372705,2.314492537
run_000328,3.4,1.1,0.001,0.05,100,30,75,1,15,50,17344.2705,173.442705,186.8395386,96.21575465,3.822473526,313.2885437,90.5,65.5227676,68.5,22.95204453,-0.4981867462,2.394252453
run_000329,3.4,1.1,0.001,0.05,100,30,80,1,15,50,12287.36232,122.8736232,133.9041443,69.68584055,4.763285637,238.7057495,93.5,65.99506018,69.5,23.0076783,-0.5158544383,2.419806217
run_000330,3.4,1.1,0.001,0.05,100,30,85,1,15,50,9228.121633,92.28121633,96.15391159,53.2588552,4.759447575,179.9104309,97.5,66.25777836,69.5,23.20710795,-0.5696725005,2.503211887
run_000331,3.4,1.1,0.001,0.05,100,30,90,1,15,50,6989.75621,69.8975621,69.57006454,42.40056056,2.86090517,151.1400757,96.5,67.06899303,70.5,23.04210446,-0.5880891363,2.522383939
run_000332,3.4,1.1,0.001,0.05,100,30,95,1,15,50,5444.485679,54.44485679,56.04268646,32.6458077,2.82834053,122.6795883,97.5,66.78792594,70.5,23.3647032,-0.5951348913,2.531662894
run_000333,3.4,1.1,0.001,0.05,100,30,100,1,15,50,4476.617754,44.76617754,44.60769463,27.3413588,3.727575064,96.81732178,95.5,67.11586349,71.5,23.33865167,-0.6432415858,2.635866846
run_000334,3.4,1.1,0.0015,0.05,100,30,60,1,15,50,72288.20601,722.8820601,867.9222412,299.1784871,16.33639336,1056.908569,59.5,59.68436979,60.5,23.78625383,-0.2053397696,2.100965666
run_000335,3.4,1.1,0.0015,0.05,100,30,65,1,15,50,39890.60542,398.9060542,480.6291656,188.8216116,14.50247002,615.2702026,81.5,62.65004784,64.5,23.5238057,-0.3453570228,2.200329177
run_000336,3.4,1.1,0.0015,0.05,100,30,70,1,15,50,24634.55312,246.3455312,275.9071198,127.2637812,4.802994728,400.2529602,72.5,64.15169488,66.5,23.11357508,-0.4129166286,2.289456741
run_000337,3.4,1.1,0.0015,0.05,100,30,75,1,15,50,16862.12926,168.6212926,181.8097839,90.37874069,8.527147293,297.9021301,95.5,64.98295271,68.5,23.34562129,-0.4889170585,2.367242264
run_000338,3.4,1.1,0.0015,0.05,100,30,80,1,15,50,11897.09791,118.9709791,122.6490021,66.67192001,5.620146275,220.4146576,79.5,65.70953055,69.5,23.1194605,-0.5294947867,2.427368366
run_000339,3.4,1.1,0.0015,0.05,100,30,85,1,15,50,8767.50835,87.6750835,90.66082001,50.47100425,3.747844696,184.9526672,85.5,66.05668404,69.5,23.01604528,-0.5394844147,2.437094637
run_000340,3.4,1.1,0.0015,0.05,100,30,90,1,15,50,6692.007328,66.92007328,70.10327148,38.83382593,4.630349159,128.4140015,95.5,66.34313701,69.5,23.35459003,-0.5782199518,2.487122417
run_000341,3.4,1.1,0.0015,0.05,100,30,95,1,15,50,5307.220696,53.07220696,56.15813828,30.85165814,3.693366528,105.2154846,96.5,66.23511782,69.5,23.47699738,-0.5740868459,2.507160217
run_000342,3.4,1.1,0.0015,0.05,100,30,100,1,15,50,4221.065063,42.21065063,42.87240028,24.27213837,1.685395956,87.95845032,93.5,65.97654939,70.5,23.8293072,-0.5783888763,2.437520875
run_000343,3.4,1.1,0.002,0.05,100,30,60,1,15,50,70511.60083,705.1160083,835.1259155,286.3978751,15.40325356,994.8185425,57.5,59.27789885,60.5,23.831658,-0.1915628807,2.092412167
run_000344,3.4,1.1,0.002,0.05,100,30,65,1,15,50,38452.64517,384.5264517,461.0733185,179.0663966,9.499640465,589.7547607,79.5,62.32100154,64.5,23.52985008,-0.3385872627,2.203267961
run_000345,3.4,1.1,0.002,0.05,100,30,70,1,15,50,24115.13112,241.1513112,275.2743683,119.4970789,7.341886044,395.1893921,81.5,63.54073519,66.5,23.40606243,-0.4031091767,2.267667244
run_000346,3.4,1.1,0.002,0.05,100,30,75,1,15,50,16190.71028,161.9071028,180.1620255,86.28937259,3.76512742,292.4190369,83.5,64.68969048,67.5,23.1361487,-0.4612478311,2.352037828
run_000347,3.4,1.1,0.002,0.05,100,30,80,1,15,50,11394.06457,113.9406457,130.6005478,62.55252921,6.971503258,205.3506775,95.5,65.3413613,68.5,23.2008299,-0.4916281134,2.394536901
run_000348,3.4,1.1,0.002,0.05,100,30,85,1,15,50,8402.736005,84.02736005,87.02325058,48.95033651,1.658815622,164.1178436,92.5,66.3287862,69.5,23.0223792,-0.5762526445,2.516832049
run_000349,3.4,1.1,0.002,0.05,100,30,90,1,15,50,6436.07423,64.3607423,65.94586563,37.01515578,4.318664551,127.2633972,95.5,66.16167897,69.5,23.38088856,-0.5527253192,2.440311491
run_000350,3.4,1.1,0.002,0.05,100,30,95,1,15,50,4955.187883,49.55187883,53.48242188,29.10173505,1.764168262,108.6306381,91.5,66.34470079,70.5,23.10279299,-0.5788932696,2.503345554
run_000351,3.4,1.1,0.002,0.05,100,30,100,1,15,50,3969.848306,39.69848306,38.45689583,23.12964746,1.790044069,81.56090546,99.5,66.23874054,69.5,23.54276543,-0.5792869623,2.48798761
run_000352,3.4,1.1,0.0025,0.05,100,30,60,1,15,50,68156.04157,681.5604157,784.1075134,276.0852777,22.07224464,977.5325928,56.5,59.03860588,60.5,23.79384686,-0.1808755048,2.085433881
run_000353,3.4,1.1,0.0025,0.05,100,30,65,1,15,50,37385.37402,373.8537402,449.7000122,168.8400109,6.611502647,558.8079224,87.5,61.67243689,63.5,23.59099746,-0.2977192289,2.15214086
run_000354,3.4,1.1,0.0025,0.05,100,30,70,1,15,50,23423.1699,234.231699,274.5086517,117.4876002,6.529304981,372.5484314,77.5,63.69235066,66.5,23.28327333,-0.3996372723,2.279564037
run_000355,3.4,1.1,0.0025,0.05,100,30,75,1,15,50,15582.06001,155.8206001,184.6255875,81.76414077,4.396195889,267.4544373,94.5,64.53320646,67.5,23.20778699,-0.4463151099,2.332660575
run_000356,3.4,1.1,0.0025,0.05,100,30,80,1,15,50,10742.02941,107.4202941,117.5475655,58.90196496,5.182367802,199.6345215,98.5,65.39069848,68.5,23.26752953,-0.5048719888,2.386909324
run_000357,3.4,1.1,0.0025,0.05,100,30,85,1,15,50,8047.285771,80.47285771,86.52331924,44.75752626,2.563360691,168.941803,88.5,65.61478187,68.5,23.25410195,-0.5115043537,2.394846449
run_000358,3.4,1.1,0.0025,0.05,100,30,90,1,15,50,6112.859649,61.12859649,62.31829262,34.97540739,5.172050953,117.5608521,88.5,66.09112534,69.5,23.54205125,-0.5688899758,2.464396721
run_000359,3.4,1.1,0.0025,0.05,100,30,95,1,15,50,4835.642145,48.35642145,49.24785423,28.05611686,2.583618402,100.1424103,89.5,66.25317271,69.5,23.53361272,-0.565286663,2.460163393
run_000360,3.4,1.1,0.0025,0.05,100,30,100,1,15,50,3805.846741,38.05846741,39.09913635,21.91774428,2.449979782,76.41098022,87.5,65.98779063,69.5,23.58392985,-0.5934347768,2.523186429
run_000361,3.4,1.1,0.003,0.05,100,30,60,1,15,50,66417.11003,664.1711003,772.3879089,266.7645932,18.18285942,934.9782104,66.5,58.74637742,59.5,23.78519142,-0.1666551327,2.086342548
run_000362,3.4,1.1,0.003,0.05,100,30,65,1,15,50,36238.72084,362.3872084,440.2499695,162.7567103,14.12537384,535.4439697,69.5,61.56526878,63.5,23.62492649,-0.3035092575,2.174134215
run_000363,3.4,1.1,0.003,0.05,100,30,70,1,15,50,22419.25169,224.1925169,261.8582306,108.1047468,7.459497452,354.8423462,84.5,63.07772747,65.5,23.539801,-0.3778685468,2.230140715
run_000364,3.4,1.1,0.003,0.05,100,30,75,1,15,50,14749.08521,147.4908521,164.6831589,76.26646272,4.570550919,253.9588165,95.5,64.31769663,67.5,23.38504287,-0.4363555292,2.288215071
run_000365,3.4,1.1,0.003,0.05,100,30,80,1,15,50,10549.61108,105.4961108,112.4624214,56.78019798,2.702239513,184.5740051,86.5,65.07772976,68.5,23.34100974,-0.4856752244,2.354864098
run_000366,3.4,1.1,0.003,0.05,100,30,85,1,15,50,7788.884773,77.88884773,86.17217255,43.16546789,2.556311369,141.162796,97.5,65.56948104,69.5,23.34023968,-0.5324790646,2.430137658
run_000367,3.4,1.1,0.003,0.05,100,30,90,1,15,50,5893.205711,58.93205711,62.25778198,34.40728002,2.422157526,116.570015,82.5,66.19941017,69.5,23.05717129,-0.5764141485,2.512481059
run_000368,3.4,1.1,0.003,0.05,100,30,95,1,15,50,4549.180917,45.49180917,47.13376808,25.43177617,1.740060091,84.6936264,81.5,65.73670362,69.5,23.61155115,-0.5458148003,2.420338089
run_000369,3.4,1.1,0.003,0.05,100,30,100,1,15,50,3639.653658,36.39653658,37.780756,21.1280549,1.690237045,75.18971252,77.5,65.95068721,69.5,23.38275938,-0.5736378111,2.491401353
run_000370,3.4,1.1,0.0035,0.05,100,30,60,1,15,50,64077.6126,640.776126,752.1504211,252.75311,11.29031181,927.28479,61.5,58.6504914,59.5,23.9331173,-0.1724711549,2.082922932
run_000371,3.4,1.1,0.0035,0.05,100,30,65,1,15,50,34959.54914,349.5954914,429.3262482,155.7679901,6.446662426,515.6625977,71.5,61.4681737,63.5,23.69005241,-0.2903534624,2.151962387
run_000372,3.4,1.1,0.0035,0.05,100,30,70,1,15,50,21636.1996,216.361996,248.7888565,105.5482733,10.16805649,343.1794739,83.5,63.23268274,65.5,23.44664959,-0.3785061134,2.22721625
run_000373,3.4,1.1,0.0035,0.05,100,30,75,1,15,50,14408.91466,144.0891466,158.8763885,75.01709926,4.47826767,247.4725647,89.5,64.40067112,67.5,23.26671893,-0.4348242129,2.280086584
run_000374,3.4,1.1,0.0035,0.05,100,30,80,1,15,50,10268.12839,102.6812839,114.6787605,54.91363701,3.396253109,177.743103,99.5,64.91374438,68.5,23.25098454,-0.4687219181,2.339038613
run_000375,3.4,1.1,0.0035,0.05,100,30,85,1,15,50,7473.071455,74.73071455,81.96101379,40.99897037,5.085891247,138.0897522,99.5,65.28612924,68.5,23.30809903,-0.5180603923,2.459781045
run_000376,3.4,1.1,0.0035,0.05,100,30,90,1,15,50,5662.799257,56.62799257,61.05151558,30.74164923,3.418728828,108.5984497,89.5,65.24581037,69.5,23.71757768,-0.5212236628,2.379279041
run_000377,3.4,1.1,0.0035,0.05,100,30,95,1,15,50,4535.337068,45.35337068,46.30231094,24.77698173,0.8495755792,87.60456085,80.5,65.20191688,69.5,23.90187296,-0.552219323,2.420378055
run_000378,3.4,1.1,0.0035,0.05,100,30,100,1,15,50,3431.264735,34.31264735,34.60826492,19.3811559,0.6661612988,75.15494537,99.5,65.66844029,69.5,23.71920213,-0.5370875957,2.410605764
run_000379,3.4,1.1,0.004,0.05,100,30,60,1,15,50,62602.52995,626.0252995,717.5090637,244.5144485,15.87412834,872.6271973,55.5,58.2550152,59.5,23.91548227,-0.152956179,2.071511843
run_000380,3.4,1.1,0.004,0.05,100,30,65,1,15,50,33776.15617,337.7615617,403.3634949,147.546906,3.57296133,510.9668884,68.5,60.93174998,62.5,23.66525823,-0.2662492996,2.135770999
run_000381,3.4,1.1,0.004,0.05,100,30,70,1,15,50,20781.32313,207.8132313,243.7146225,98.89138014,8.5944767,316.4667358,71.5,62.68365653,64.5,23.46828348,-0.3538686768,2.227738194
run_000382,3.4,1.1,0.004,0.05,100,30,75,1,15,50,13948.75526,139.4875526,161.4779053,70.00628278,3.54351902,226.236496,86.5,63.76006603,66.5,23.38530602,-0.4088124099,2.26361762
run_000383,3.4,1.1,0.004,0.05,100,30,80,1,15,50,9735.201374,97.35201374,105.6694412,51.06114141,3.158195496,174.4087982,97.5,64.70794855,67.5,23.47948842,-0.4623410361,2.315815552
run_000384,3.4,1.1,0.004,0.05,100,30,85,1,15,50,7124.77009,71.2477009,75.69913864,38.14783564,0.856264174,127.0796661,79.5,64.84625962,68.5,23.43131026,-0.4984422631,2.378208552
run_000385,3.4,1.1,0.004,0.05,100,30,90,1,15,50,5409.84203,54.0984203,56.73943901,29.42681312,2.972229242,99.11063385,93.5,65.18657824,68.5,23.61356557,-0.5274056309,2.405915645
run_000386,3.4,1.1,0.004,0.05,100,30,95,1,15,50,4207.641131,42.07641131,43.81225395,23.59096415,2.692333221,81.96057892,97.5,65.59094401,69.5,23.71507097,-0.5645395308,2.474009743
run_000387,3.4,1.1,0.004,0.05,100,30,100,1,15,50,3275.323856,32.75323856,33.75107574,18.41910108,3.101926088,69.60546875,95.5,65.44898873,69.5,23.86559334,-0.5734878774,2.468236481
run_000388,3.4,1.1,0.0045,0.05,100,30,60,1,15,50,60177.01083,601.7701083,688.0987854,232.9560193,16.02572632,849.3293457,60.5,57.95851157,58.5,23.92897738,-0.139602229,2.058910255
run_000389,3.4,1.1,0.0045,0.05,100,30,65,1,15,50,32492.66357,324.9266357,393.3627777,142.1069675,9.925278664,482.7145081,60.5,60.91641292,62.5,23.64053171,-0.2661559466,2.140031592
run_000390,3.4,1.1,0.0045,0.05,100,30,70,1,15,50,20127.02907,201.2702907,245.941925,94.51611077,6.164674282,325.0712891,88.5,62.4813111,64.5,23.57270122,-0.3549210576,2.218507868
run_000391,3.4,1.1,0.0045,0.05,100,30,75,1,15,50,13380.81323,133.8081323,160.7967606,68.3742554,4.901878357,228.6966705,83.5,63.92987071,66.5,23.27202671,-0.419655756,2.291521884
run_000392,3.4,1.1,0.0045,0.05,100,30,80,1,15,50,9455.668196,94.55668196,100.8754234,49.79123218,3.779646397,167.3840332,96.5,64.51955036,67.5,23.3548767,-0.4465970111,2.307354604
run_000393,3.4,1.1,0.0045,0.05,100,30,85,1,15,50,6856.578727,68.56578727,73.11087036,36.03939343,3.284157276,124.1616364,87.5,64.58342195,67.5,23.59181069,-0.4778801641,2.342915666
run_000394,3.4,1.1,0.0045,0.05,100,30,90,1,15,50,5135.260188,51.35260188,55.71570587,28.19012817,0.8165175319,96.03427124,90.5,65.31167246,68.5,23.4820378,-0.4966880197,2.343487438
run_000395,3.4,1.1,0.0045,0.05,100,30,95,1,15,50,4023.581689,40.23581689,44.83086014,22.64758972,2.285136223,80.09716797,99.5,65.68889193,69.5,23.45494807,-0.5471734866,2.460322447
run_000396,3.4,1.1,0.0045,0.05,100,30,100,1,15,50,3143.724538,31.43724538,34.76381683,17.35649407,0.5922414064,63.29114532,96.5,65.29503884,68.5,23.82117455,-0.5253707059,2.393517259
run_000397,3.4,1.1,0.005,0.05,100,30,60,1,15,50,58482.54435,584.8254435,673.8846436,220.3597289,17.54401398,825.3881226,54.5,57.55463344,58.5,24.07513618,-0.13060407,2.059155886
run_000398,3.4,1.1,0.005,0.05,100,30,65,1,15,50,31861.07514,318.6107514,381.1710358,135.2330131,9.014435768,459.8373718,64.5,60.3149019,61.5,23.75358382,-0.2423882085,2.130367464
run_000399,3.4,1.1,0.005,0.05,100,30,70,1,15,50,19545.3796,195.453796,238.9764709,89.05546828,6.160185814,303.500824,71.5,61.93373672,64.5,23.72054011,-0.3289356281,2.194662845
run_000400,3.4,1.1,0.005,0.05,100,30,75,1,15,50,12837.59252,128.3759252,150.4444351,63.69701671,3.978176832,211.0789337,78.5,63.58833596,66.5,23.52351593,-0.4021108717,2.253666427
run_000401,3.4,1.1,0.005,0.05,100,30,80,1,15,50,8837.448246,88.37448246,97.8272934,46.23707189,1.508539438,159.1878052,86.5,64.46956685,67.5,23.42446313,-0.4684507793,2.323463298
run_000402,3.4,1.1,0.005,0.05,100,30,85,1,15,50,6550.722885,65.50722885,68.69336319,34.71782503,4.569996834,122.3519363,89.5,64.78173977,68.5,23.69811473,-0.5053467827,2.38564991
run_000403,3.4,1.1,0.005,0.05,100,30,90,1,15,50,4953.127199,49.53127199,52.35933304,27.0504293,1.17256546,95.13214874,93.5,65.09991074,68.5,23.65117965,-0.5339802708,2.40341049
run_000404,3.4,1.1,0.005,0.05,100,30,95,1,15,50,3838.065727,38.38065727,38.80108452,20.38788275,0,74.2299118,81.5,64.65472514,68.5,24.03533569,-0.5205701866,2.368464929
run_000405,3.4,1.1,0.005,0.05,100,30,100,1,15,50,3032.645072,30.32645072,30.79367065,16.1470255,2.156108856,58.67084122,88.5,64.75145499,68.5,24.28013823,-0.5186932347,2.352813165
run_000406,3.4,1.1,0.001,0.06,100,30,60,1,15,50,84202.06838,842.0206838,978.9188843,338.7882645,24.37573242,1224.511963,54.5,58.66893479,59.5,23.75772389,-0.1564126755,2.082651351
run_000407,3.4,1.1,0.001,0.06,100,30,65,1,15,50,47041.96015,470.4196015,564.2388611,215.2396717,13.56707478,717.4023438,76.5,61.7540114,63.5,23.43053577,-0.3042430526,2.170333738
run_000408,3.4,1.1,0.001,0.06,100,30,70,1,15,50,29789.6258,297.896258,335.4617615,146.7268118,8.689457893,485.3230896,89.5,63.49818156,66.5,23.5130494,-0.4038169738,2.256884598
run_000409,3.4,1.1,0.001,0.06,100,30,75,1,15,50,20091.05823,200.9105823,231.7755661,105.8955695,7.672801971,363.2685242,95.5,64.64923034,67.5,23.26965327,-0.4611965422,2.337039581
run_000410,3.4,1.1,0.001,0.06,100,30,80,1,15,50,14619.51297,146.1951297,153.7519531,80.86695748,5.604999065,264.0734863,89.5,65.46094864,68.5,23.12001518,-0.4971653924,2.394065868
run_000411,3.4,1.1,0.001,0.06,100,30,85,1,15,50,10806.47619,108.0647619,113.4594765,61.71592316,1.911905885,206.717926,96.5,66.11059698,69.5,23.1503406,-0.5529494509,2.468647856
run_000412,3.4,1.1,0.001,0.06,100,30,90,1,15,50,8236.802409,82.36802409,86.28565598,47.31766115,5.703476906,158.7388916,99.5,66.21009002,69.5,23.28955756,-0.5571185059,2.467617899
run_000413,3.4,1.1,0.001,0.06,100,30,95,1,15,50,6504.996391,65.04996391,67.32986069,38.08726893,3.786108017,138.6478271,98.5,66.51593825,70.5,23.5845663,-0.5667608356,2.444218584
run_000414,3.4,1.1,0.001,0.06,100,30,100,1,15,50,5378.23808,53.7823808,52.4370594,31.38955754,3.623310089,106.3765106,87.5,66.36585741,70.5,23.57421726,-0.5970231373,2.488765162
run_000415,3.4,1.1,0.0015,0.06,100,30,60,1,15,50,81408.574,814.08574,941.0115967,321.3370374,25.32713699,1170.74939,58.5,58.49796147,59.5,23.87366517,-0.1631596188,2.084034577
run_000416,3.4,1.1,0.0015,0.06,100,30,65,1,15,50,45283.24285,452.8324285,547.8550415,204.1805992,7.731879234,701.4971313,69.5,61.55693291,63.5,23.5601238,-0.3019233035,2.17579957
run_000417,3.4,1.1,0.0015,0.06,100,30,70,1,15,50,29172.73723,291.7273723,355.1249542,143.5645588,15.09974575,479.7774048,93.5,63.21868897,65.5,23.25090298,-0.3743533888,2.26818855
run_000418,3.4,1.1,0.0015,0.06,100,30,75,1,15,50,19617.39757,196.1739757,230.9825211,103.6331905,4.715713501,343.725769,99.5,64.64796596,67.5,23.17361803,-0.4356481674,2.318001129
run_000419,3.4,1.1,0.0015,0.06,100,30,80,1,15,50,14071.32258,140.7132258,154.3959045,77.09085776,9.304150581,242.552063,94.5,65.29144758,68.5,23.04307945,-0.4961030537,2.413120231
run_000420,3.4,1.1,0.0015,0.06,100,30,85,1,15,50,10406.7732,104.067732,107.1668053,58.25805909,3.7295928,197.0839844,92.5,65.69797942,69.5,23.3540525,-0.5611153367,2.471436958
run_000421,3.4,1.1,0.0015,0.06,100,30,90,1,15,50,7972.261346,79.72261346,86.11523056,44.93429751,5.509619236,153.3453674,84.5,65.70133278,69.5,23.31946836,-0.5613256209,2.487266761
run_000422,3.4,1.1,0.0015,0.06,100,30,95,1,15,50,6211.209666,62.11209666,66.1335907,35.62292533,4.588818073,119.6242828,93.5,66.10547247,69.5,23.40892519,-0.5883564404,2.539513848
run_000423,3.4,1.1,0.0015,0.06,100,30,100,1,15,50,5068.920895,50.68920895,50.57121468,29.10423472,1.832993507,106.3150482,95.5,66.02213454,69.5,23.88061345,-0.5945861307,2.510402125
run_000424,3.4,1.1,0.002,0.06,100,30,60,1,15,50,79445.61876,794.4561876,937.9436951,316.7174771,23.15837288,1132.271729,65.5,58.22673105,58.5,23.72851496,-0.1416805247,2.081405093
run_000425,3.4,1.1,0.002,0.06,100,30,65,1,15,50,44104.29797,441.0429797,545.9814453,195.9916103,15.34169579,652.7322998,68.5,61.18506695,62.5,23.5640468,-0.2763539798,2.156874685
run_000426,3.4,1.1,0.002,0.06,100,30,70,1,15,50,27682.10019,276.8210019,328.2928162,135.6544315,7.564463615,429.7593689,77.5,63.17369232,65.5,23.2620933,-0.3656410215,2.226070879
run_000427,3.4,1.1,0.002,0.06,100,30,75,1,15,50,18775.50374,187.7550374,218.8353043,98.08673862,2.765307903,315.4885559,89.5,64.39516015,67.5,23.19417319,-0.4337911551,2.319508168
run_000428,3.4,1.1,0.002,0.06,100,30,80,1,15,50,13453.399,134.53399,145.5033035,72.10384993,8.143109322,240.4458313,85.5,65.0241166,68.5,23.4278827,-0.4994805924,2.37692371
run_000429,3.4,1.1,0.002,0.06,100,30,85,1,15,50,10037.43966,100.3743966,109.3835602,54.48975089,4.196223736,194.5148621,83.5,65.22473364,68.5,23.51334722,-0.5000679389,2.359499558
run_000430,3.4,1.1,0.002,0.06,100,30,90,1,15,50,7698.669379,76.98669379,82.25545502,43.5177157,0.8908547163,148.707489,80.5,65.85118754,69.5,23.30601183,-0.5438122629,2.413473293
run_000431,3.4,1.1,0.002,0.06,100,30,95,1,15,50,5909.032363,59.09032363,56.13750648,33.484009,3.589263201,119.2690582,85.5,65.74207109,69.5,23.55834991,-0.5416903802,2.421351134
run_000432,3.4,1.1,0.002,0.06,100,30,100,1,15,50,4859.136139,48.59136139,52.8157444,28.21600695,0.8884955049,94.70237732,96.5,66.33302913,70.5,23.3863992,-0.5762914216,2.498131947
run_000433,3.4,1.1,0.0025,0.06,100,30,60,1,15,50,76533.29216,765.3329216,884.2260742,301.7955698,18.1852951,1089.820557,59.5,58.02300844,58.5,23.7791674,-0.1320537498,2.068324968
run_000434,3.4,1.1,0.0025,0.06,100,30,65,1,15,50,42977.41844,429.7741844,519.5158081,189.0037377,9.536019325,630.5678711,72.5,60.84573637,62.5,23.55358618,-0.2623618771,2.158507761
run_000435,3.4,1.1,0.0025,0.06,100,30,70,1,15,50,26957.64468,269.5764468,330.7180481,128.6448462,13.95807838,427.8848572,71.5,62.6981942,64.5,23.4577717,-0.362854241,2.238664157
run_000436,3.4,1.1,0.0025,0.06,100,30,75,1,15,50,18180.80836,181.8080836,209.1066818,92.67751806,8.248096466,303.5205994,88.5,64.00648514,66.5,23.33193426,-0.4350510623,2.326414323
run_000437,3.4,1.1,0.0025,0.06,100,30,80,1,15,50,13018.76534,130.1876534,150.4830017,70.57481648,5.445010185,242.4241943,89.5,65.18063151,68.5,23.26864602,-0.4888022063,2.37687687
run_000438,3.4,1.1,0.0025,0.06,100,30,85,1,15,50,9681.632669,96.81632669,100.2202187,51.66279496,4.163632393,172.645752,99.5,64.98218352,68.5,23.59927161,-0.4941278073,2.362289676
run_000439,3.4,1.1,0.0025,0.06,100,30,90,1,15,50,7407.703764,74.07703764,76.33280945,41.83251487,4.083933353,150.3742676,85.5,65.78475707,69.5,23.31994221,-0.5507081354,2.4488112
run_000440,3.4,1.1,0.0025,0.06,100,30,95,1,15,50,5591.322233,55.91322233,60.62306404,32.51030922,2.567915201,113.6253204,99.5,66.23133432,69.5,23.4131255,-0.5621001989,2.459003751
run_000441,3.4,1.1,0.0025,0.06,100,30,100,1,15,50,4588.511101,45.88511101,46.21637726,25.41184111,3.409560204,89.89731598,71.5,65.3282821,69.5,23.70362573,-0.5728597844,2.500802881
run_000442,3.4,1.1,0.003,0.06,100,30,60,1,15,50,74426.30396,744.2630396,824.5374451,289.9150559,26.7556324,1043.798096,50.5,57.59520971,57.5,23.8217788,-0.1150350743,2.074620628
run_000443,3.4,1.1,0.003,0.06,100,30,65,1,15,50,41389.67553,413.8967553,499.5520477,180.4410879,19.41482735,621.5488892,74.5,60.66254341,62.5,23.57496799,-0.2563152398,2.142123316
run_000444,3.4,1.1,0.003,0.06,100,30,70,1,15,50,25984.36676,259.8436676,319.3267365,123.0453418,12.3161478,399.7715454,84.5,62.57744861,64.5,23.4785287,-0.346806985,2.205656011
run_000445,3.4,1.1,0.003,0.06,100,30,75,1,15,50,17393.81934,173.9381934,191.5890274,88.48473778,6.962309361,292.8891296,84.5,63.95634539,66.5,23.37440968,-0.4350929586,2.319035562
run_000446,3.4,1.1,0.003,0.06,100,30,80,1,15,50,12351.99147,123.5199147,140.5982208,63.94620769,3.453398228,214.0280304,94.5,64.27512877,67.5,23.5060921,-0.461016333,2.331137774
run_000447,3.4,1.1,0.003,0.06,100,30,85,1,15,50,9103.630535,91.03630535,100.1156769,49.17109739,5.899594784,163.1542816,91.5,65.08450891,68.5,23.49349621,-0.5092041279,2.395573701
run_000448,3.4,1.1,0.003,0.06,100,30,90,1,15,50,6990.843901,69.90843901,68.91204071,39.28600696,4.995179176,139.8183289,89.5,65.67268733,69.5,23.60751451,-0.5726659904,2.479468352
run_000449,3.4,1.1,0.003,0.06,100,30,95,1,15,50,5359.475753,53.59475753,52.99683952,30.51442722,4.226687431,113.4071579,87.5,65.81509008,69.5,23.74042142,-0.5765531344,2.477878117
run_000450,3.4,1.1,0.003,0.06,100,30,100,1,15,50,4307.679072,43.07679072,49.05751419,23.55950624,2.503587484,84.27032471,76.5,65.05972988,68.5,23.49621238,-0.5243756354,2.432218599
run_000451,3.4,1.1,0.0035,0.06,100,30,60,1,15,50,72203.39213,722.0339213,823.4441528,277.7531877,22.58107948,1006.830261,49.5,57.39911145,57.5,23.87876645,-0.1125533676,2.067143096
run_000452,3.4,1.1,0.0035,0.06,100,30,65,1,15,50,39765.9588,397.659588,469.4250183,171.4645577,16.82708931,591.9055786,66.5,60.41828072,61.5,23.60380652,-0.2480715234,2.142735894
run_000453,3.4,1.1,0.0035,0.06,100,30,70,1,15,50,24956.71349,249.5671349,304.5008698,117.924376,7.703529835,383.8492126,70.5,62.29900976,64.5,23.34381878,-0.3335516005,2.227542256
run_000454,3.4,1.1,0.0035,0.06,100,30,75,1,15,50,16913.91461,169.1391461,195.2010498,84.60815227,6.935842991,277.8431702,64.5,63.51751589,65.5,23.29762764,-0.4012141558,2.285526657
run_000455,3.4,1.1,0.0035,0.06,100,30,80,1,15,50,11909.88873,119.0988873,139.0951843,62.55215077,1.774652243,215.0038605,86.5,64.55325734,67.5,23.39242758,-0.4615653176,2.343415803
run_000456,3.4,1.1,0.0035,0.06,100,30,85,1,15,50,8899.744292,88.99744292,99.04714584,46.79660935,2.541969061,154.9924011,89.5,64.63577809,67.5,23.5499501,-0.4846160364,2.365722558
run_000457,3.4,1.1,0.0035,0.06,100,30,90,1,15,50,6661.272182,66.61272182,73.67081833,35.95707174,5.755039692,123.9725723,98.5,64.98398401,68.5,23.47897919,-0.5116145825,2.420323751
run_000458,3.4,1.1,0.0035,0.06,100,30,95,1,15,50,5218.060915,52.18060915,57.06506157,28.77204153,3.319299459,96.7460022,87.5,65.09745317,68.5,23.41492193,-0.5360083938,2.473701086
run_000459,3.4,1.1,0.0035,0.06,100,30,100,1,15,50,4208.745556,42.08745556,42.78785706,23.76530245,0.8296304941,79.80330658,87.5,65.60261121,69.5,23.51940856,-0.578871845,2.470698592
run_000460,3.4,1.1,0.004,0.06,100,30,60,1,15,50,69960.3811,699.603811,786.9447632,268.9353531,12.96213436,997.3569946,54.5,57.07501964,57.5,23.8417682,-0.09630637503,2.069769471
run_000461,3.4,1.1,0.004,0.06,100,30,65,1,15,50,38754.17109,387.5417109,468.139267,165.9148609,19.05633545,568.4354858,75.5,60.28885118,61.5,23.61228347,-0.2408144953,2.133868822
run_000462,3.4,1.1,0.004,0.06,100,30,70,1,15,50,24060.12524,240.6012524,300.4081421,111.772436,11.53052711,372.5386047,79.5,62.16336055,64.5,23.51738103,-0.3190674407,2.187155108
run_000463,3.4,1.1,0.004,0.06,100,30,75,1,15,50,16018.50446,160.1850446,193.7622757,78.7501682,4.393940449,262.5481567,85.5,63.28911236,65.5,23.43265407,-0.379270227,2.252781073
run_000464,3.4,1.1,0.004,0.06,100,30,80,1,15,50,11333.25798,113.3325798,126.2042999,56.56086594,5.786695957,200.839798,86.5,63.79517811,66.5,23.68583846,-0.4341332009,2.287411248
run_000465,3.4,1.1,0.004,0.06,100,30,85,1,15,50,8417.010091,84.17010091,95.57263184,44.36349021,3.987504959,150.6429901,95.5,64.61106305,67.5,23.35065901,-0.4644319816,2.355518824
run_000466,3.4,1.1,0.004,0.06,100,30,90,1,15,50,6366.858285,63.66858285,71.54305267,35.33553181,2.46710515,119.5461655,87.5,65.56581663,68.5,23.30695387,-0.5003370537,2.374937252
run_000467,3.4,1.1,0.004,0.06,100,30,95,1,15,50,5024.276734,50.24276734,55.39487267,26.97932341,3.034181118,95.47190094,96.5,64.8659582,68.5,23.67398639,-0.5110330283,2.387722292
run_000468,3.4,1.1,0.004,0.06,100,30,100,1,15,50,3944.81185,39.4481185,40.3405304,22.34969953,0.7983619571,79.75653076,95.5,65.81080718,69.5,23.49785053,-0.5619511386,2.466244321
run_000469,3.4,1.1,0.0045,0.06,100,30,60,1,15,50,68390.42811,683.9042811,759.2786255,259.3933824,16.84811401,985.0428467,58.5,56.76777835,57.5,23.89268545,-0.08710474891,2.06513933
run_000470,3.4,1.1,0.0045,0.06,100,30,65,1,15,50,37043.45229,370.4345229,443.9765167,157.1961362,13.48824596,533.8113403,71.5,59.92167166,61.5,23.58701355,-0.2238632062,2.128203762
run_000471,3.4,1.1,0.0045,0.06,100,30,70,1,15,50,23321.61146,233.2161146,278.4584961,106.6731975,8.18776226,352.0061035,68.5,61.91863574,63.5,23.59298443,-0.3259936311,2.199405653
run_000472,3.4,1.1,0.0045,0.06,100,30,75,1,15,50,15665.57787,156.6557787,174.3489456,76.85041687,5.882590771,259.3997192,92.5,63.30319489,65.5,23.4453718,-0.397863672,2.273196402
run_000473,3.4,1.1,0.0045,0.06,100,30,80,1,15,50,11008.53608,110.0853608,123.4172478,55.51747105,3.827019691,188.2810669,88.5,63.85364842,66.5,23.51091979,-0.4443773439,2.326554209
run_000474,3.4,1.1,0.0045,0.06,100,30,85,1,15,50,8113.331968,81.13331968,93.57383347,42.657808,4.05130434,143.5467529,96.5,64.5163963,67.5,23.34082912,-0.4658692557,2.3526608
run_000475,3.4,1.1,0.0045,0.06,100,30,90,1,15,50,6076.280458,60.76280458,65.13506699,31.44371234,3.979704142,112.7056351,76.5,64.2207238,67.5,23.8461727,-0.4860567917,2.379119381
run_000476,3.4,1.1,0.0045,0.06,100,30,95,1,15,50,4689.244278,46.89244278,53.12664413,24.9439803,3.408912897,92.95824432,93.5,64.61466895,67.5,23.56146985,-0.4967120145,2.399780952
run_000477,3.4,1.1,0.0045,0.06,100,30,100,1,15,50,3794.943421,37.94943421,41.31452751,20.83434849,1.528882504,79.71122742,96.5,65.10659958,68.5,23.52544908,-0.5202718432,2.407879812
run_000478,3.4,1.1,0.005,0.06,100,30,60,1,15,50,66177.11499,661.7711499,735.2026672,251.981202,20.25270462,943.2942505,53.5,56.39340202,56.5,23.83052938,-0.06791047157,2.066155636
run_000479,3.4,1.1,0.005,0.06,100,30,65,1,15,50,35878.16551,358.7816551,421.3447571,149.7859274,14.24261665,518.8562622,64.5,59.58357773,60.5,23.65897015,-0.2183567797,2.134973275
run_000480,3.4,1.1,0.005,0.06,100,30,70,1,15,50,22417.75362,224.1775362,266.931778,100.4502448,7.03528738,344.2808228,71.5,61.54759373,63.5,23.67439207,-0.3128436362,2.172193829
run_000481,3.4,1.1,0.005,0.06,100,30,75,1,15,50,14907.20626,149.0720626,180.4118729,72.19877178,4.903535366,239.3883362,78.5,62.92018691,65.5,23.35844834,-0.3724106955,2.251638656
run_000482,3.4,1.1,0.005,0.06,100,30,80,1,15,50,10629.38042,106.2938042,124.3937531,52.68766803,5.305164337,180.889328,87.5,63.61627587,66.5,23.67426646,-0.4220951468,2.281820984
run_000483,3.4,1.1,0.005,0.06,100,30,85,1,15,50,7618.578093,76.18578093,89.2625351,38.75547684,3.27815032,138.246582,88.5,63.9563429,66.5,23.66160642,-0.4521675063,2.34113716
run_000484,3.4,1.1,0.005,0.06,100,30,90,1,15,50,5822.245988,58.22245988,60.0089035,30.69926014,2.3554039,107.7400284,77.5,64.68496801,68.5,23.68375589,-0.5090363313,2.39941199
run_000485,3.4,1.1,0.005,0.06,100,30,95,1,15,50,4508.290699,45.08290699,46.34195328,24.23173206,2.348366976,87.80802917,76.5,64.82793228,68.5,23.56495794,-0.5351707342,2.452209862
run_000486,3.4,1.1,0.005,0.06,100,30,100,1,15,50,3560.393921,35.60393921,37.00683212,19.86501907,1.518884182,74.70650482,92.5,65.28836867,68.5,23.53537723,-0.5384716633,2.431350772
run_000487,3.4,1.1,0.001,0.07,100,30,60,1,15,50,92122.05819,921.2205819,1033.662781,361.6991394,31.47900581,1316.498779,63.5,57.53612444,58.5,23.73088393,-0.1152189475,2.080435306
run_000488,3.4,1.1,0.001,0.07,100,30,65,1,15,50,52371.52498,523.7152498,622.4250793,231.0859168,10.60261536,791.9769287,70.5,60.90728449,62.5,23.51109551,-0.2707572426,2.158393662
run_000489,3.4,1.1,0.001,0.07,100,30,70,1,15,50,33650.84375,336.5084375,402.3716888,162.602078,11.68679714,522.6516724,87.5,62.93889073,65.5,23.37492694,-0.3699661941,2.238435486
run_000490,3.4,1.1,0.001,0.07,100,30,75,1,15,50,23136.14764,231.3614764,261.9687653,119.4021813,5.605630398,384.1802063,76.5,64.20869913,67.5,23.17843565,-0.4298899434,2.307175749
run_000491,3.4,1.1,0.001,0.07,100,30,80,1,15,50,16663.28921,166.6328921,183.9302444,89.71103146,6.732909679,295.3147583,90.5,65.04426763,68.5,23.24175467,-0.4843703548,2.368843983
run_000492,3.4,1.1,0.001,0.07,100,30,85,1,15,50,12503.35551,125.0335551,134.6078568,67.92461712,9.568329811,231.9489899,92.5,65.22702608,68.5,23.38797421,-0.5087709558,2.414288914
run_000493,3.4,1.1,0.001,0.07,100,30,90,1,15,50,9510.082834,95.10082834,105.4201088,52.38388417,6.640441895,188.6349792,89.5,65.41467237,68.5,23.42090372,-0.5358914101,2.468015899
run_000494,3.4,1.1,0.001,0.07,100,30,95,1,15,50,7502.806248,75.02806248,77.34344101,42.09473354,2.836613894,145.188736,88.5,65.76548804,69.5,23.49416757,-0.5620359528,2.47458251
run_000495,3.4,1.1,0.001,0.07,100,30,100,1,15,50,6060.33299,60.6033299,61.21577454,33.72438267,7.370611191,127.0481644,86.5,65.51412873,69.5,24.08724005,-0.5918412141,2.473511216
run_000496,3.4,1.1,0.0015,0.07,100,30,60,1,15,50,89040.35533,890.4035533,1015.492859,349.2447442,22.32424927,1273.024536,56.5,57.32799944,57.5,23.70798097,-0.1067447672,2.081832215
run_000497,3.4,1.1,0.0015,0.07,100,30,65,1,15,50,50749.6583,507.496583,602.1904297,221.1513357,19.1922245,743.6867676,63.5,60.4805406,61.5,23.48764519,-0.2465897767,2.144337197
run_000498,3.4,1.1,0.0015,0.07,100,30,70,1,15,50,32539.83403,325.3983403,398.3878632,155.0219948,16.08650398,509.3868713,71.5,62.56328408,64.5,23.35689607,-0.3379308603,2.218272233
run_000499,3.4,1.1,0.0015,0.07,100,30,75,1,15,50,22408.10672,224.0810672,265.9125214,112.4382582,8.560125351,380.3216248,78.5,63.69211643,66.5,23.34082655,-0.4072111798,2.28046464
run_000500,3.4,1.1,0.0015,0.07,100,30,80,1,15,50,15940.16928,159.4016928,184.9197922,83.67989965,7.208157063,272.9411926,94.5,64.54245308,67.5,23.26862185,-0.4591258785,2.364072756
run_000501,3.4,1.1,0.0015,0.07,100,30,85,1,15,50,11828.91916,118.2891916,133.1607819,64.18870977,3.741909981,224.4464722,85.5,65.14037815,68.5,23.26495801,-0.505359915,2.39340589
run_000502,3.4,1.1,0.0015,0.07,100,30,90,1,15,50,9191.172832,91.91172832,102.188736,51.31884491,2.627829075,166.4993591,78.5,65.58633054,69.5,23.26922974,-0.5451271571,2.459936819
run_000503,3.4,1.1,0.0015,0.07,100,30,95,1,15,50,7088.960183,70.88960183,73.70887756,39.79849403,2.771296263,146.67836,94.5,65.60000215,69.5,23.59356424,-0.5570351726,2.452112944
run_000504,3.4,1.1,0.0015,0.07,100,30,100,1,15,50,5700.339208,57.00339208,59.23986053,31.47772731,2.674248695,108.5112228,97.5,65.47594455,68.5,23.77786539,-0.5554394073,2.452685462
run_000505,3.4,1.1,0.002,0.07,100,30,60,1,15,50,86643.8768,866.438768,977.2567444,336.5040611,33.51442719,1241.100952,54.5,56.97700765,57.5,23.7450642,-0.0913226711,2.080953679
run_000506,3.4,1.1,0.002,0.07,100,30,65,1,15,50,49379.5419,493.795419,589.5524597,215.2289051,14.18657875,720.4226685,66.5,60.55885815,61.5,23.50612597,-0.2481762823,2.146572305
run_000507,3.4,1.1,0.002,0.07,100,30,70,1,15,50,31145.28848,311.4528848,376.1704102,147.4634175,9.377429962,480.2014771,92.5,62.39662225,64.5,23.36551154,-0.3485597049,2.234655041
run_000508,3.4,1.1,0.002,0.07,100,30,75,1,15,50,21398.35382,213.9835382,244.9230576,107.8730318,10.06860733,348.6049805,71.5,63.68762185,66.5,23.24453561,-0.4161498199,2.308053823
run_000509,3.4,1.1,0.002,0.07,100,30,80,1,15,50,15483.14527,154.8314527,173.1895828,81.01997177,7.954905033,257.9333801,86.5,64.49329563,67.5,23.33596118,-0.4706065819,2.350723793
run_000510,3.4,1.1,0.002,0.07,100,30,85,1,15,50,11449.20114,114.4920114,124.3241043,62.18940292,5.36284256,202.0131683,89.5,65.11481305,68.5,23.18192363,-0.4978412766,2.389275285
run_000511,3.4,1.1,0.002,0.07,100,30,90,1,15,50,8850.002928,88.50002928,96.49232101,48.66055351,3.566627264,162.3794556,86.5,65.33106314,68.5,23.20682456,-0.5025586962,2.38566948
run_000512,3.4,1.1,0.002,0.07,100,30,95,1,15,50,6942.917215,69.42917215,74.41196442,38.82788004,2.661370277,140.3090363,96.5,65.66889761,69.5,23.63174141,-0.5254022062,2.366134716
run_000513,3.4,1.1,0.002,0.07,100,30,100,1,15,50,5514.906879,55.14906879,56.61352348,31.893584,3.194282055,106.2094193,82.5,66.17743251,69.5,23.21611737,-0.5773072442,2.519170913
run_000514,3.4,1.1,0.0025,0.07,100,30,60,1,15,50,84261.83734,842.6183734,916.721405,321.6930078,19.90198326,1213.09314,49.5,56.66880406,56.5,23.83182909,-0.08425299656,2.07605156
run_000515,3.4,1.1,0.0025,0.07,100,30,65,1,15,50,47388.72131,473.8872131,564.4202881,203.1621435,15.14553547,721.2185059,72.5,60.10440076,61.5,23.53868495,-0.2328036146,2.141099898
run_000516,3.4,1.1,0.0025,0.07,100,30,70,1,15,50,30049.54444,300.4954444,372.6692963,139.2555366,11.09978676,469.9524231,70.5,61.95328646,63.5,23.4140985,-0.3220709399,2.221485724
run_000517,3.4,1.1,0.0025,0.07,100,30,75,1,15,50,20266.95854,202.6695854,242.4576187,100.2712985,9.118117332,321.3145447,70.5,63.43759291,65.5,23.40433534,-0.4081257646,2.289790121
run_000518,3.4,1.1,0.0025,0.07,100,30,80,1,15,50,14960.56146,149.6056146,167.3721161,77.14595968,10.58046532,262.5222778,75.5,64.19164782,67.5,23.39124493,-0.4537689398,2.329103557
run_000519,3.4,1.1,0.0025,0.07,100,30,85,1,15,50,10897.26194,108.9726194,125.0611153,58.16109164,6.164683819,193.8639526,92.5,64.89121988,67.5,23.42843199,-0.4909135954,2.390608438
run_000520,3.4,1.1,0.0025,0.07,100,30,90,1,15,50,8372.920387,83.72920387,87.3381424,45.6811354,7.005432129,154.4967957,90.5,65.28557885,68.5,23.59935832,-0.5382177912,2.413096406
run_000521,3.4,1.1,0.0025,0.07,100,30,95,1,15,50,6628.923308,66.28923308,69.17446899,36.15254245,3.36945796,127.2475739,96.5,65.22276477,68.5,23.64304565,-0.5270851843,2.411036474
run_000522,3.4,1.1,0.0025,0.07,100,30,100,1,15,50,5294.291296,52.94291296,52.91733742,28.99940955,1.73546505,99.02479553,92.5,65.15268917,68.5,23.51329718,-0.5394879396,2.436443016
run_000523,3.4,1.1,0.003,0.07,100,30,60,1,15,50,81605.2972,816.052972,911.5737915,313.5998253,31.45324135,1159.425659,57.5,56.42845659,56.5,23.75967133,-0.06700182117,2.063183466
run_000524,3.4,1.1,0.003,0.07,100,30,65,1,15,50,45518.10533,455.1810533,532.5672913,193.2281446,16.84043694,683.18927,68.5,59.72664247,60.5,23.53842209,-0.2172424889,2.133716357
run_000525,3.4,1.1,0.003,0.07,100,30,70,1,15,50,28996.54265,289.9654265,351.0632019,133.5512325,12.79367447,449.6868286,69.5,61.72830403,63.5,23.41869106,-0.3161353763,2.212716394
run_000526,3.4,1.1,0.003,0.07,100,30,75,1,15,50,19816.7707,198.167707,235.9608917,96.87890744,9.098792076,320.9187622,70.5,63.24794515,65.5,23.49642762,-0.3888251862,2.245535229
run_000527,3.4,1.1,0.003,0.07,100,30,80,1,15,50,14147.54819,141.4754819,158.2767487,72.39164696,7.835874081,242.6492615,99.5,64.11664792,66.5,23.41005732,-0.4360796051,2.310583432
run_000528,3.4,1.1,0.003,0.07,100,30,85,1,15,50,10378.07991,103.7807991,109.8002319,54.48455326,2.545319557,186.6610565,95.5,64.6142516,67.5,23.53489089,-0.484996961,2.36299548
run_000529,3.4,1.1,0.003,0.07,100,30,90,1,15,50,8056.40626,80.5640626,85.30969238,42.29020722,4.184940338,143.7588348,81.5,64.62098107,68.5,23.63410137,-0.4997428127,2.372706958
run_000530,3.4,1.1,0.003,0.07,100,30,95,1,15,50,6344.32722,63.4432722,67.38666153,34.11059422,5.78034544,114.046463,78.5,64.88742237,68.5,23.60549166,-0.5276629397,2.433437004
run_000531,3.4,1.1,0.003,0.07,100,30,100,1,15,50,5037.044845,50.37044845,54.14705467,27.20385483,4.149399757,98.65957642,89.5,65.03057476,68.5,23.70290941,-0.5102167851,2.371580572
run_000532,3.4,1.1,0.0035,0.07,100,30,60,1,15,50,79295.25975,792.9525975,867.5921936,301.7718369,27.44782257,1123.282715,47.5,56.09691569,56.5,23.81569221,-0.05325869625,2.074069213
run_000533,3.4,1.1,0.0035,0.07,100,30,65,1,15,50,44241.10703,442.4110703,513.9421997,182.7405501,20.22803688,655.3623657,59.5,59.35752831,60.5,23.70153077,-0.2006035798,2.119890933
run_000534,3.4,1.1,0.0035,0.07,100,30,70,1,15,50,28105.62948,281.0562948,331.1101074,128.0326264,10.73510647,429.1158142,72.5,61.73344161,63.5,23.52737097,-0.3222593745,2.19659998
run_000535,3.4,1.1,0.0035,0.07,100,30,75,1,15,50,18985.36314,189.8536314,229.824585,90.28532768,10.35710335,307.9121094,77.5,62.61605572,64.5,23.47355246,-0.3623543166,2.245463074
run_000536,3.4,1.1,0.0035,0.07,100,30,80,1,15,50,13546.60913,135.4660913,156.4247055,68.76885528,8.590004921,230.0592194,81.5,63.87705061,66.5,23.46292603,-0.4466137447,2.33399423
run_000537,3.4,1.1,0.0035,0.07,100,30,85,1,15,50,10016.01122,100.1601122,110.5854073,52.56027038,3.122346878,181.3331451,94.5,64.62599578,67.5,23.46319943,-0.4631953376,2.33432552
run_000538,3.4,1.1,0.0035,0.07,100,30,90,1,15,50,7637.046717,76.37046717,82.38925552,41.25703919,3.645103216,145.8021545,82.5,65.07698393,68.5,23.52153305,-0.4899063948,2.342099174
run_000539,3.4,1.1,0.0035,0.07,100,30,95,1,15,50,5980.873396,59.80873396,64.62565613,32.54444639,7.302024364,111.7932205,96.5,65.15512273,68.5,23.7532028,-0.5554067117,2.492314419
run_000540,3.4,1.1,0.0035,0.07,100,30,100,1,15,50,4701.585377,47.01585377,49.18722153,25.11282735,3.843286037,89.36360168,93.5,64.9326388,68.5,24.02214896,-0.5366983722,2.398090806
run_000541,3.4,1.1,0.004,0.07,100,30,60,1,15,50,76506.55363,765.0655363,840.055481,285.8089899,25.2731781,1096.881104,54.5,55.72379794,55.5,23.8894066,-0.04631457721,2.063571605
run_000542,3.4,1.1,0.004,0.07,100,30,65,1,15,50,42898.09263,428.9809263,496.4034882,175.3567185,15.37670231,612.576416,60.5,59.28092774,60.5,23.76438,-0.2093538646,2.117406233
run_000543,3.4,1.1,0.004,0.07,100,30,70,1,15,50,27201.05586,272.0105586,335.2246552,122.2815242,5.101159573,415.5641785,72.5,61.35036465,62.5,23.53264204,-0.2982981155,2.184006449
run_000544,3.4,1.1,0.004,0.07,100,30,75,1,15,50,18292.09328,182.9209328,213.5357971,88.48640331,11.4237957,300.4556274,83.5,62.89652367,65.5,23.38791001,-0.3783728224,2.257959425
run_000545,3.4,1.1,0.004,0.07,100,30,80,1,15,50,13082.64807,130.8264807,158.0582199,66.76749098,4.999479294,215.9694519,86.5,63.92534089,66.5,23.25824312,-0.4291391137,2.324700766
run_000546,3.4,1.1,0.004,0.07,100,30,85,1,15,50,9736.052259,97.36052259,108.5154495,50.15558154,3.372916698,170.4233246,76.5,64.21008364,67.5,23.52607095,-0.4688570733,2.351027233
run_000547,3.4,1.1,0.004,0.07,100,30,90,1,15,50,7347.889148,73.47889148,82.16828156,38.85570886,5.42593956,137.8856659,81.5,64.55226686,67.5,23.59004102,-0.4751571694,2.326313996
run_000548,3.4,1.1,0.004,0.07,100,30,95,1,15,50,5705.71621,57.0571621,62.87466621,30.62637839,5.316949844,109.9700775,91.5,64.8714045,68.5,23.6315313,-0.5213102307,2.402127854
run_000549,3.4,1.1,0.004,0.07,100,30,100,1,15,50,4435.462077,44.35462077,44.25161934,23.93022473,1.553360701,82.96942139,70.5,64.88895607,68.5,23.88675788,-0.5446274592,2.412666363
run_000550,3.4,1.1,0.0045,0.07,100,30,60,1,15,50,74507.48425,745.0748425,825.2125244,280.0859609,23.79652786,1071.4021,57.5,55.71741057,55.5,23.83125691,-0.0520634014,2.074250691
run_000551,3.4,1.1,0.0045,0.07,100,30,65,1,15,50,41562.1679,415.621679,477.6985474,171.6565103,13.19231224,609.43573,60.5,59.21447505,60.5,23.64132199,-0.1999172288,2.123301327
run_000552,3.4,1.1,0.0045,0.07,100,30,70,1,15,50,26212.27299,262.1227299,313.2054443,116.046053,10.23135757,395.3882141,82.5,61.02609003,62.5,23.55425108,-0.2832494756,2.158732159
run_000553,3.4,1.1,0.0045,0.07,100,30,75,1,15,50,17685.76301,176.8576301,213.645752,82.84236632,5.869300842,273.0632629,63.5,62.24300616,64.5,23.50323486,-0.3511879768,2.231684432
run_000554,3.4,1.1,0.0045,0.07,100,30,80,1,15,50,12368.01364,123.6801364,142.679306,60.21545316,5.072688103,203.0857391,79.5,63.25953163,65.5,23.61772068,-0.4030798819,2.27189188
run_000555,3.4,1.1,0.0045,0.07,100,30,85,1,15,50,9380.056972,93.80056972,108.9554634,47.28635684,7.919223785,157.1113281,92.5,63.71201343,66.5,23.4577123,-0.4266949434,2.315149749
run_000556,3.4,1.1,0.0045,0.07,100,30,90,1,15,50,7083.985365,70.83985365,74.46630478,35.95334509,3.611091852,128.4277954,93.5,64.01459092,66.5,23.7885875,-0.4478931244,2.312479165
run_000557,3.4,1.1,0.0045,0.07,100,30,95,1,15,50,5473.574765,54.73574765,58.5230999,28.56855843,3.42664814,101.7739944,74.5,64.34198052,68.5,23.6576931,-0.5082905359,2.396349144
run_000558,3.4,1.1,0.0045,0.07,100,30,100,1,15,50,4449.258788,44.49258788,46.53247833,23.69463106,4.368275642,87.3895874,97.5,64.7256335,68.5,23.94987756,-0.5187802493,2.383388558
run_000559,3.4,1.1,0.005,0.07,100,30,60,1,15,50,71956.73301,719.5673301,787.942749,272.1254041,26.04268265,1012.685974,61.5,55.37177799,55.5,23.7880775,-0.02857352625,2.074232308
run_000560,3.4,1.1,0.005,0.07,100,30,65,1,15,50,40463.8862,404.638862,471.8033142,162.7584084,15.70960712,583.255249,49.5,58.74660009,59.5,23.79716904,-0.173142038,2.09646162
run_000561,3.4,1.1,0.005,0.07,100,30,70,1,15,50,25250.55032,252.5055032,302.5793304,110.1525343,10.00721836,372.1130371,64.5,60.92307843,62.5,23.7136725,-0.2826894627,2.166585523
run_000562,3.4,1.1,0.005,0.07,100,30,75,1,15,50,17019.47546,170.1947546,212.7243118,80.48031902,4.982141972,271.5428772,71.5,62.31978917,64.5,23.41699628,-0.3447666093,2.227044671
run_000563,3.4,1.1,0.005,0.07,100,30,80,1,15,50,12059.02888,120.5902888,143.8790359,59.36071547,6.989076138,193.2301331,66.5,63.35126532,66.5,23.47098292,-0.4161228579,2.299524377
run_000564,3.4,1.1,0.005,0.07,100,30,85,1,15,50,8930.017231,89.30017231,100.0245209,44.52988055,8.350961685,148.869751,88.5,63.65036998,66.5,23.68862288,-0.4486511556,2.317466585
run_000565,3.4,1.1,0.005,0.07,100,30,90,1,15,50,6627.102789,66.27102789,71.24895096,33.96321638,4.549041748,115.1612473,72.5,64.08067554,67.5,23.62145309,-0.4683041133,2.359414056
run_000566,3.4,1.1,0.005,0.07,100,30,95,1,15,50,5206.892945,52.06892945,61.95144653,26.98470207,2.349358082,96.52430725,82.5,64.18047044,67.5,23.59332832,-0.4836993364,2.385265268
run_000567,3.4,1.1,0.005,0.07,100,30,100,1,15,50,4015.610428,40.15610428,43.5711422,21.0759178,1.585378647,76.95911407,77.5,64.42321506,67.5,23.83031802,-0.4934971071,2.365944688
run_000568,3.4,1.1,0.001,0.08,100,30,60,1,15,50,98880.7184,988.807184,1080.794128,382.680192,16.75024605,1390.156616,55.5,56.32228913,56.5,23.68003679,-0.06749230825,2.082803727
run_000569,3.4,1.1,0.001,0.08,100,30,65,1,15,50,56973.67293,569.7367293,668.7896729,241.8443863,17.62701225,823.1990356,55.5,59.91064804,61.5,23.5792747,-0.2411949798,2.15357926
run_000570,3.4,1.1,0.001,0.08,100,30,70,1,15,50,36673.91021,366.7391021,453.1304626,171.4107725,13.52792168,578.0762939,75.5,62.06708293,64.5,23.39471481,-0.3382738794,2.243106887
run_000571,3.4,1.1,0.001,0.08,100,30,75,1,15,50,25402.74162,254.0274162,297.0385132,125.9889496,10.59580517,407.0348206,84.5,63.45008441,65.5,23.35540565,-0.4126697872,2.306282869
run_000572,3.4,1.1,0.001,0.08,100,30,80,1,15,50,18710.52133,187.1052133,220.3825073,97.1557704,9.585870743,320.9595947,89.5,64.29687035,67.5,23.24915076,-0.447564941,2.336777012
run_000573,3.4,1.1,0.001,0.08,100,30,85,1,15,50,13820.0734,138.200734,149.806572,73.95698776,4.735574722,237.1960144,83.5,64.8491833,67.5,23.29124983,-0.4938447851,2.406049184
run_000574,3.4,1.1,0.001,0.08,100,30,90,1,15,50,10651.83596,106.5183596,113.2989731,58.18548726,5.703203201,189.1510162,87.5,65.15225809,68.5,23.23010018,-0.510241145,2.421541816
run_000575,3.4,1.1,0.001,0.08,100,30,95,1,15,50,8559.657845,85.59657845,93.26845169,46.56067193,7.504466057,165.9445496,94.5,65.16688292,69.5,23.71445802,-0.553890312,2.450857498
run_000576,3.4,1.1,0.001,0.08,100,30,100,1,15,50,6852.531934,68.52531934,67.60665512,38.37095169,7.438892365,137.0661469,91.5,65.52819644,69.5,23.67955634,-0.5674198857,2.501327129
run_000577,3.4,1.1,0.0015,0.08,100,30,60,1,15,50,96287.37652,962.8737652,1070.768799,367.7546926,29.27289963,1380.140503,55.5,56.00876976,56.5,23.75184295,-0.05979372471,2.080266534
run_000578,3.4,1.1,0.0015,0.08,100,30,65,1,15,50,55168.19689,551.6819689,644.4165649,235.2248039,11.45852852,786.4945679,71.5,59.81722041,60.5,23.50258812,-0.2115144729,2.130279328
run_000579,3.4,1.1,0.0015,0.08,100,30,70,1,15,50,35403.82222,354.0382222,435.2901917,164.9471127,14.37402248,558.0259399,73.5,61.9005441,63.5,23.31404676,-0.312423909,2.209955263
run_000580,3.4,1.1,0.0015,0.08,100,30,75,1,15,50,24109.26433,241.0926433,283.0880432,119.1117612,13.31383801,388.3825989,84.5,63.20097884,65.5,23.22480722,-0.3926268123,2.288926673
run_000581,3.4,1.1,0.0015,0.08,100,30,80,1,15,50,17864.10219,178.6410219,207.1843872,91.57110915,7.505103588,298.7246399,82.5,64.02579707,66.5,23.32505034,-0.4324079402,2.327391729
run_000582,3.4,1.1,0.0015,0.08,100,30,85,1,15,50,13267.06017,132.6706017,144.5707855,70.52508807,4.669353008,238.029541,92.5,64.74786565,68.5,23.42172184,-0.487777037,2.372408251
run_000583,3.4,1.1,0.0015,0.08,100,30,90,1,15,50,10226.30196,102.2630196,109.4890327,55.13222637,4.372559547,186.2993927,91.5,65.00002396,68.5,23.48522318,-0.5203013765,2.429601246
run_000584,3.4,1.1,0.0015,0.08,100,30,95,1,15,50,8257.490668,82.57490668,87.98184586,44.18943332,5.456771851,151.8922272,93.5,64.98062808,68.5,23.73029317,-0.5129471204,2.400516733
run_000585,3.4,1.1,0.0015,0.08,100,30,100,1,15,50,6614.909496,66.14909496,71.25512695,35.24851215,7.292388916,118.6592407,88.5,64.844871,68.5,23.73801436,-0.5471208373,2.463367291
run_000586,3.4,1.1,0.002,0.08,100,30,60,1,15,50,93227.21496,932.2721496,1037.747131,355.4692395,31.77676582,1352.156982,47.5,55.69615968,55.5,23.7511533,-0.04097756939,2.075350201
run_000587,3.4,1.1,0.002,0.08,100,30,65,1,15,50,53225.9141,532.259141,621.2868652,222.9222525,11.19446182,771.5155029,64.5,59.39358099,60.5,23.55963928,-0.1989689437,2.128687889
run_000588,3.4,1.1,0.002,0.08,100,30,70,1,15,50,34314.87384,343.1487384,430.675415,159.0773019,14.03874207,532.7479248,74.5,61.84431632,63.5,23.3468229,-0.3085269955,2.203954514
run_000589,3.4,1.1,0.002,0.08,100,30,75,1,15,50,23732.31638,237.3231638,275.4470825,115.2541392,12.60026646,390.0062256,89.5,63.15719472,65.5,23.53521337,-0.3949284558,2.262649074
run_000590,3.4,1.1,0.002,0.08,100,30,80,1,15,50,16950.68639,169.5068639,193.1719284,85.18319663,10.68875217,287.7718506,76.5,63.80240518,66.5,23.5341573,-0.4370140112,2.322753653
run_000591,3.4,1.1,0.002,0.08,100,30,85,1,15,50,12728.06563,127.2806563,141.6549835,64.87119524,6.376741886,218.0417175,88.5,64.08900101,67.5,23.60887179,-0.4684342337,2.353057679
run_000592,3.4,1.1,0.002,0.08,100,30,90,1,15,50,9965.963148,99.65963148,106.6162033,54.04081846,6.260031223,180.5777435,98.5,65.10412255,68.5,23.47338075,-0.5247125375,2.446713585
run_000593,3.4,1.1,0.002,0.08,100,30,95,1,15,50,7890.873702,78.90873702,76.71366501,43.11686291,1.725027084,161.6464539,89.5,65.27709334,68.5,23.78701055,-0.5519640736,2.424994769
run_000594,3.4,1.1,0.002,0.08,100,30,100,1,15,50,6371.146356,63.71146356,66.67489243,34.70996923,5.094517708,126.1885452,87.5,65.215098,68.5,23.83100995,-0.5588809877,2.458598608
run_000595,3.4,1.1,0.0025,0.08,100,30,60,1,15,50,90566.08781,905.6608781,1010.285889,345.1758715,31.66165543,1295.431152,58.5,55.54628482,55.5,23.72285854,-0.03999699666,2.079842282
run_000596,3.4,1.1,0.0025,0.08,100,30,65,1,15,50,51595.73394,515.9573394,599.9449768,213.5526608,15.10710812,771.4263916,73.5,59.06108985,59.5,23.61112395,-0.1924891853,2.129991991
run_000597,3.4,1.1,0.0025,0.08,100,30,70,1,15,50,33179.78758,331.7978758,401.341095,149.58289,9.98015976,501.1538086,68.5,61.36629264,63.5,23.46563909,-0.297004405,2.186687802
run_000598,3.4,1.1,0.0025,0.08,100,30,75,1,15,50,22877.71237,228.7771237,280.1075897,111.0311518,10.00753593,365.4588623,69.5,62.80708541,64.5,23.2940385,-0.3787967376,2.289461649
run_000599,3.4,1.1,0.0025,0.08,100,30,80,1,15,50,16407.29306,164.0729306,187.9956741,82.16471001,8.159986496,271.0819702,94.5,63.61710979,66.5,23.39060844,-0.4254106668,2.314103889
run_000600,3.4,1.1,0.0025,0.08,100,30,85,1,15,50,12341.97409,123.4197409,139.9402084,62.80216821,4.340987682,217.0496521,75.5,63.96967868,66.5,23.4966931,-0.4465165093,2.330967502
run_000601,3.4,1.1,0.0025,0.08,100,30,90,1,15,50,9277.322289,92.77322289,101.3864212,50.35951708,6.88214016,172.9476624,89.5,65.10067252,68.5,23.36738982,-0.5199663651,2.454150683
run_000602,3.4,1.1,0.0025,0.08,100,30,95,1,15,50,7568.643595,75.68643595,85.71169662,39.57161595,7.793901443,142.7123413,84.5,64.43734621,67.5,23.78879904,-0.4974743706,2.395586828
run_000603,3.4,1.1,0.0025,0.08,100,30,100,1,15,50,5956.730465,59.56730465,61.14574051,32.80206754,5.837347984,119.0515442,97.5,65.24957081,68.5,23.88337573,-0.5617237099,2.45601418
run_000604,3.4,1.1,0.003,0.08,100,30,60,1,15,50,87035.72052,870.3572052,940.0050049,337.8695516,30.44779968,1309.291016,51.5,55.38428886,55.5,23.61238355,-0.02532493752,2.092448655
run_000605,3.4,1.1,0.003,0.08,100,30,65,1,15,50,50048.12786,500.4812786,570.389679,205.8484924,17.74445724,731.1359253,62.5,58.97820865,59.5,23.62652355,-0.1801910261,2.110120514
run_000606,3.4,1.1,0.003,0.08,100,30,70,1,15,50,32022.89621,320.2289621,383.0988617,143.2118252,15.36669445,474.1845703,61.5,61.02537204,62.5,23.4259655,-0.266973217,2.169318291
run_000607,3.4,1.1,0.003,0.08,100,30,75,1,15,50,21883.79789,218.8379789,262.459137,103.2558374,8.085806847,341.4081116,73.5,62.34665274,64.5,23.43208881,-0.3496510224,2.254731279
run_000608,3.4,1.1,0.003,0.08,100,30,80,1,15,50,15860.8617,158.608617,184.2981262,80.11239342,9.719291687,262.9185791,88.5,63.7394565,66.5,23.30100114,-0.4194443,2.304177676
run_000609,3.4,1.1,0.003,0.08,100,30,85,1,15,50,11719.77913,117.1977913,133.9298859,58.97237741,5.86806488,199.3026428,96.5,63.89310446,66.5,23.64672228,-0.4405795613,2.31309981
run_000610,3.4,1.1,0.003,0.08,100,30,90,1,15,50,8942.447794,89.42447794,100.7610207,46.69846686,7.529616833,156.805191,91.5,64.407385,67.5,23.51362898,-0.4846781784,2.397760526
run_000611,3.4,1.1,0.003,0.08,100,30,95,1,15,50,7135.653912,71.35653912,76.83228302,37.94120604,4.171695709,130.6213989,83.5,64.69971314,68.5,23.56525227,-0.5121022423,2.403449523
run_000612,3.4,1.1,0.003,0.08,100,30,100,1,15,50,5610.829471,56.10829471,60.12162209,30.33581066,5.882775784,106.7375336,83.5,65.00693216,68.5,23.80467853,-0.5704991913,2.487216187
run_000613,3.4,1.1,0.0035,0.08,100,30,60,1,15,50,84719.49169,847.1949169,942.3630981,325.5094704,22.32547569,1259.852783,46.5,54.97845849,54.5,23.65077243,-0.01072746376,2.084553056
run_000614,3.4,1.1,0.0035,0.08,100,30,65,1,15,50,48193.91359,481.9391359,554.92276,200.1998621,18.10061836,692.0912476,60.5,58.76792316,59.5,23.48570606,-0.1751910731,2.13587012
run_000615,3.4,1.1,0.0035,0.08,100,30,70,1,15,50,30909.59837,309.0959837,371.6541748,136.3577835,9.803050041,473.5021667,75.5,60.8577692,62.5,23.57297462,-0.2667303455,2.162137367
run_000616,3.4,1.1,0.0035,0.08,100,30,75,1,15,50,21133.36439,211.3336439,259.2724762,100.2775547,9.815906525,329.1966553,90.5,62.47058397,64.5,23.38314222,-0.3445612818,2.225029888
run_000617,3.4,1.1,0.0035,0.08,100,30,80,1,15,50,15275.45306,152.7545306,176.1444626,75.23357382,8.530312538,267.4427185,77.5,63.3225297,66.5,23.58366757,-0.4300759763,2.310799119
run_000618,3.4,1.1,0.0035,0.08,100,30,85,1,15,50,11314.52168,113.1452168,128.8900986,56.69776768,6.536514282,196.4474945,94.5,63.7552987,66.5,23.66819861,-0.4449035618,2.322980892
run_000619,3.4,1.1,0.0035,0.08,100,30,90,1,15,50,8606.590188,86.06590188,94.26858139,42.19484573,5.143941879,146.3220367,92.5,63.48774264,66.5,23.96633323,-0.438271447,2.286649913
run_000620,3.4,1.1,0.0035,0.08,100,30,95,1,15,50,6808.294041,68.08294041,71.16152954,35.72474079,6.572117329,128.4784393,87.5,64.47402778,67.5,23.90851113,-0.5197962028,2.411603663
run_000621,3.4,1.1,0.0035,0.08,100,30,100,1,15,50,5365.699181,53.65699181,56.16735649,27.35471205,0.8121046424,100.5650864,93.5,64.08293691,67.5,24.13556691,-0.4938463451,2.32799648
run_000622,3.4,1.1,0.004,0.08,100,30,60,1,15,50,83281.81236,832.8181236,917.8102112,316.7656505,29.25514221,1213.894409,56.5,54.7750453,54.5,23.72080817,-0.001608535843,2.083645107
run_000623,3.4,1.1,0.004,0.08,100,30,65,1,15,50,47061.52188,470.6152188,544.1803284,190.9679456,22.4782238,684.458374,62.5,58.31290367,58.5,23.62172581,-0.1563698092,2.1176793
run_000624,3.4,1.1,0.004,0.08,100,30,70,1,15,50,30023.93309,300.2393309,364.0036469,133.4220143,10.77498913,446.3794861,63.5,60.95635447,62.5,23.44285892,-0.2704631134,2.162366116
run_000625,3.4,1.1,0.004,0.08,100,30,75,1,15,50,20364.40516,203.6440516,244.9518509,94.8432425,11.1789465,324.4845276,75.5,62.1618102,64.5,23.53014023,-0.3489093202,2.235362199
run_000626,3.4,1.1,0.004,0.08,100,30,80,1,15,50,14539.6318,145.396318,172.3657074,71.01117893,9.299959183,241.3300323,69.5,63.11228774,65.5,23.50229691,-0.4111818513,2.29665028
run_000627,3.4,1.1,0.004,0.08,100,30,85,1,15,50,10984.96026,109.8496026,130.2527161,55.95651079,3.893327236,185.2195282,87.5,63.7709472,66.5,23.29976717,-0.4360572357,2.322829942
run_000628,3.4,1.1,0.004,0.08,100,30,90,1,15,50,8188.40234,81.8840234,90.09447861,42.22488502,3.296466112,142.5813141,78.5,64.1514774,67.5,23.49461018,-0.4781786511,2.384117916
run_000629,3.4,1.1,0.004,0.08,100,30,95,1,15,50,6566.776362,65.66776362,68.80842972,34.67643516,4.581929684,122.2514954,75.5,64.66938092,67.5,23.78090187,-0.5083651557,2.403018514
run_000630,3.4,1.1,0.004,0.08,100,30,100,1,15,50,5066.049178,50.66049178,50.88796806,26.33752241,5.010875702,94.43595123,89.5,64.48264155,67.5,24.07795889,-0.5158147985,2.373237576
run_000631,3.4,1.1,0.0045,0.08,100,30,60,1,15,50,80085.3713,800.853713,875.3183899,305.8929924,40.38990784,1160.186035,45.5,54.50121207,54.5,23.67180257,0.00379944425,2.085840218
run_000632,3.4,1.1,0.0045,0.08,100,30,65,1,15,50,45237.42945,452.3742945,512.3718262,181.9269758,17.71133232,671.4366455,61.5,58.28910441,58.5,23.67682557,-0.1517473981,2.100432334
run_000633,3.4,1.1,0.0045,0.08,100,30,70,1,15,50,28914.49573,289.1449573,342.7496033,124.9291491,9.510889053,437.9788208,66.5,60.35104432,61.5,23.58046578,-0.2546043234,2.167581425
run_000634,3.4,1.1,0.0045,0.08,100,30,75,1,15,50,19798.58183,197.9858183,237.5182343,90.88715816,9.348908424,323.5344238,84.5,61.80621743,63.5,23.56054738,-0.3418909436,2.235366638
run_000635,3.4,1.1,0.0045,0.08,100,30,80,1,15,50,14003.7462,140.037462,167.3078461,68.48344209,5.786447525,218.2242584,77.5,63.06490068,65.5,23.38493715,-0.3865118243,2.289767899
run_000636,3.4,1.1,0.0045,0.08,100,30,85,1,15,50,10341.09189,103.4109189,117.9487839,51.01412665,4.538787365,173.0326385,77.5,63.33111425,65.5,23.69728309,-0.4277464849,2.31774701
run_000637,3.4,1.1,0.0045,0.08,100,30,90,1,15,50,8035.342089,80.35342089,92.46004105,41.35883578,1.368113041,139.2872009,86.5,64.23141325,67.5,23.61318457,-0.4617596438,2.33532687
run_000638,3.4,1.1,0.0045,0.08,100,30,95,1,15,50,6209.301409,62.09301409,68.17297745,32.04529736,1.351560593,113.6874542,89.5,64.1577888,67.5,23.5952851,-0.4742205458,2.353587217
run_000639,3.4,1.1,0.0045,0.08,100,30,100,1,15,50,5014.765718,50.14765718,55.13949394,26.72476918,3.44009757,90.54020691,91.5,64.88670773,68.5,23.80736162,-0.5316100007,2.432154688
run_000640,3.4,1.1,0.005,0.08,100,30,60,1,15,50,78384.72243,783.8472243,844.8834229,297.7484242,23.65684128,1132.543335,53.5,54.40188829,53.5,23.7164776,0.01132626143,2.085429872
run_000641,3.4,1.1,0.005,0.08,100,30,65,1,15,50,44087.32431,440.8732431,503.175705,176.5209796,17.24145317,649.397644,70.5,57.8472084,58.5,23.63212313,-0.152039414,2.121208546
run_000642,3.4,1.1,0.005,0.08,100,30,70,1,15,50,27615.61583,276.1561583,318.2956238,118.3026865,11.31603432,408.5055847,65.5,60.15000256,61.5,23.58821973,-0.2465410646,2.157149695
run_000643,3.4,1.1,0.005,0.08,100,30,75,1,15,50,19107.1776,191.071776,237.2194977,87.28619633,9.749969482,298.2585449,69.5,61.6627286,63.5,23.49478547,-0.3086808947,2.20341727
run_000644,3.4,1.1,0.005,0.08,100,30,80,1,15,50,13477.44046,134.7744046,162.4514694,62.99255319,6.955281734,212.2423248,81.5,62.3622419,64.5,23.71354244,-0.3686347243,2.247621785
run_000645,3.4,1.1,0.005,0.08,100,30,85,1,15,50,9872.225645,98.72225645,115.1343002,48.17152868,5.500335693,167.6870728,89.5,63.22490807,65.5,23.7041501,-0.4185976618,2.301883389
run_000646,3.4,1.1,0.005,0.08,100,30,90,1,15,50,7593.417,75.93417,87.07263947,37.91115154,3.704968214,129.7532806,88.5,63.55986046,66.5,23.63657165,-0.4429616141,2.327817214
run_000647,3.4,1.1,0.005,0.08,100,30,95,1,15,50,6009.683695,60.09683695,65.23093414,30.52145439,7.660130978,107.3117218,92.5,64.0208378,67.5,24.1237055,-0.4968426524,2.384148273
run_000648,3.4,1.1,0.005,0.08,100,30,100,1,15,50,4737.141909,47.37141909,51.77915001,23.18709619,4.424847126,84.80433655,79.5,63.28827554,66.5,24.35332174,-0.468869843,2.320116367
run_000649,3.4,1.1,0.001,0.09,100,30,60,1,15,50,103816.1899,1038.161899,1144.478333,401.5315195,36.45428085,1535.52002,51.5,55.29044474,54.5,23.62109476,-0.02052232578,2.083643595
run_000650,3.4,1.1,0.001,0.09,100,30,65,1,15,50,60899.56192,608.9956192,715.2421265,253.4884113,19.5698185,894.7269897,55.5,59.06951156,59.5,23.55573681,-0.1815101955,2.113521916
run_000651,3.4,1.1,0.001,0.09,100,30,70,1,15,50,40082.55304,400.8255304,490.6708832,182.9546088,19.40186501,618.7681274,67.5,61.37824499,63.5,23.31733053,-0.2998251756,2.211563471
run_000652,3.4,1.1,0.001,0.09,100,30,75,1,15,50,27752.3243,277.523243,332.3749695,136.7898644,6.641392231,464.2670898,82.5,63.21960649,65.5,23.25960721,-0.3935749515,2.28315584
run_000653,3.4,1.1,0.001,0.09,100,30,80,1,15,50,20234.40911,202.3440911,232.893486,102.2855489,10.59800148,338.9177551,86.5,63.9187185,66.5,23.44333294,-0.4413665207,2.336117806
run_000654,3.4,1.1,0.001,0.09,100,30,85,1,15,50,15370.54527,153.7054527,172.4747696,79.06668416,10.46759319,273.8918762,90.5,64.29911021,67.5,23.58270458,-0.468937314,2.347968494
run_000655,3.4,1.1,0.001,0.09,100,30,90,1,15,50,12009.68386,120.0968386,124.2854424,64.01606658,9.495228767,226.970932,95.5,64.86222538,68.5,23.60459704,-0.5227006903,2.418907662
run_000656,3.4,1.1,0.001,0.09,100,30,95,1,15,50,9577.687249,95.77687249,104.7603798,52.03368145,8.463256836,173.287262,92.5,65.12113823,68.5,23.5975476,-0.5500736644,2.459407585
run_000657,3.4,1.1,0.001,0.09,100,30,100,1,15,50,7512.053394,75.12053394,78.89435577,40.94327708,5.614865303,142.1255646,86.5,65.35258449,68.5,23.77375502,-0.5343204753,2.408856154
run_000658,3.4,1.1,0.0015,0.09,100,30,60,1,15,50,101093.0137,1010.930137,1101.401672,392.6659508,29.1286087,1523.40332,52.5,54.99376035,54.5,23.59293943,-0.007749649948,2.09104129
run_000659,3.4,1.1,0.0015,0.09,100,30,65,1,15,50,58751.33125,587.5133125,677.1719055,243.2330215,20.02233887,851.5803223,63.5,58.83761677,59.5,23.54012969,-0.1793291672,2.124874771
run_000660,3.4,1.1,0.0015,0.09,100,30,70,1,15,50,38803.95769,388.0395769,471.8813019,173.6799494,17.79568481,594.7892456,67.5,61.13639065,62.5,23.45815494,-0.2912847312,2.190849149
run_000661,3.4,1.1,0.0015,0.09,100,30,75,1,15,50,26984.24711,269.8424711,329.2591553,129.5987913,8.550418854,427.5551758,71.5,62.68353755,64.5,23.34235369,-0.3633211901,2.257872615
run_000662,3.4,1.1,0.0015,0.09,100,30,80,1,15,50,19363.48009,193.6348009,229.1652298,95.63190334,12.15068913,326.8731079,74.5,63.31177075,66.5,23.4223828,-0.4152336322,2.312083279
run_000663,3.4,1.1,0.0015,0.09,100,30,85,1,15,50,14757.43085,147.5743085,166.2204895,75.79558757,9.18862915,262.5585327,84.5,64.15697328,66.5,23.40845833,-0.4506982724,2.351593506
run_000664,3.4,1.1,0.0015,0.09,100,30,90,1,15,50,11212.48126,112.1248126,127.3822479,59.17386147,8.238833427,193.0437164,80.5,64.48116477,67.5,23.27211116,-0.4999750477,2.441221842
run_000665,3.4,1.1,0.0015,0.09,100,30,95,1,15,50,8916.549322,89.16549322,100.7327538,47.58095937,4.523443222,164.9425354,81.5,64.7930323,67.5,23.51251334,-0.5083001718,2.42127011
run_000666,3.4,1.1,0.0015,0.09,100,30,100,1,15,50,7323.749212,73.23749212,78.36890793,39.42152207,8.904764175,134.6526489,73.5,64.95285614,68.5,23.89127034,-0.5571510753,2.461181881
run_000667,3.4,1.1,0.002,0.09,100,30,60,1,15,50,98607.42336,986.0742336,1078.949402,380.9650338,29.7529335,1426.207764,49.5,54.70485483,54.5,23.59124653,-0.001602902982,2.09245514
run_000668,3.4,1.1,0.002,0.09,100,30,65,1,15,50,57434.61798,574.3461798,654.0027466,237.9101174,22.85856247,855.8641357,63.5,58.54485613,59.5,23.45813753,-0.1682363336,2.123501573
run_000669,3.4,1.1,0.002,0.09,100,30,70,1,15,50,37132.87245,371.3287245,451.0668793,164.6681567,18.77400017,558.4802246,67.5,60.74487481,62.5,23.42859683,-0.2637994039,2.18304068
run_000670,3.4,1.1,0.002,0.09,100,30,75,1,15,50,25709.62447,257.0962447,307.6048889,122.639641,9.375066757,418.8342896,74.5,62.65462107,64.5,23.42464977,-0.3626293587,2.24783528
run_000671,3.4,1.1,0.002,0.09,100,30,80,1,15,50,18872.3371,188.723371,223.9561996,93.70045634,10.88135433,324.4030151,73.5,63.47825324,66.5,23.41512037,-0.4172899563,2.305567234
run_000672,3.4,1.1,0.002,0.09,100,30,85,1,15,50,14119.07577,141.1907577,163.0231094,72.13820483,6.289301395,244.8212433,83.5,64.14152772,67.5,23.51821118,-0.4546045316,2.337641996
run_000673,3.4,1.1,0.002,0.09,100,30,90,1,15,50,10843.16798,108.4316798,122.7492905,56.24275157,7.084200859,194.6465912,92.5,64.41651583,67.5,23.69730804,-0.4897892939,2.37804104
run_000674,3.4,1.1,0.002,0.09,100,30,95,1,15,50,8515.073795,85.15073795,94.50104523,44.88575176,6.237280369,162.379303,71.5,64.56604871,67.5,23.78068171,-0.5095874052,2.395147063
run_000675,3.4,1.1,0.002,0.09,100,30,100,1,15,50,6916.586564,69.16586564,78.45689011,36.50623754,7.045206547,131.4129944,75.5,64.61461124,67.5,23.62229306,-0.5068907305,2.426681543
run_000676,3.4,1.1,0.0025,0.09,100,30,60,1,15,50,95219.61931,952.1961931,1046.274597,369.5622413,33.98519135,1410.943481,44.5,54.43047989,53.5,23.5602468,0.009410993056,2.090493206
run_000677,3.4,1.1,0.0025,0.09,100,30,65,1,15,50,55420.94281,554.2094281,630.901062,227.5235183,23.68396187,825.8498535,59.5,58.34273408,59.5,23.50470795,-0.1557470686,2.11734755
run_000678,3.4,1.1,0.0025,0.09,100,30,70,1,15,50,36086.37917,360.8637917,422.9234772,158.6014546,10.12422562,546.1168213,57.5,60.48776412,61.5,23.44490115,-0.2606423816,2.189422514
run_000679,3.4,1.1,0.0025,0.09,100,30,75,1,15,50,24811.53876,248.1153876,302.2292786,116.3490532,13.5785141,400.2365723,78.5,62.23232883,64.5,23.45288866,-0.342291309,2.224319749
run_000680,3.4,1.1,0.0025,0.09,100,30,80,1,15,50,18030.33346,180.3033346,215.0570526,87.94939571,12.40129566,292.8959351,78.5,63.12824568,65.5,23.46100476,-0.4109072705,2.309318359
run_000681,3.4,1.1,0.0025,0.09,100,30,85,1,15,50,13510.15671,135.1015671,150.2771988,69.28299336,7.614881516,233.164093,81.5,64.04252824,66.5,23.36170447,-0.4543127962,2.358086449
run_000682,3.4,1.1,0.0025,0.09,100,30,90,1,15,50,10406.03318,104.0603318,111.810524,54.17305428,4.277858257,183.1330261,96.5,64.33022122,67.5,23.60448871,-0.5010288103,2.406044264
run_000683,3.4,1.1,0.0025,0.09,100,30,95,1,15,50,8168.509887,81.68509887,94.03642654,42.85573437,5.30313015,153.2183685,89.5,64.48517593,67.5,23.64036526,-0.498352961,2.395580527
run_000684,3.4,1.1,0.0025,0.09,100,30,100,1,15,50,6695.953588,66.95953588,71.53532028,35.03793111,8.165613174,122.8357773,84.5,64.48628264,68.5,23.86515263,-0.5197771427,2.403542632
run_000685,3.4,1.1,0.003,0.09,100,30,60,1,15,50,92621.64398,926.2164398,1004.632629,357.8282811,35.6811142,1377.922119,43.5,54.13365169,53.5,23.60970521,0.02666325382,2.092466535
run_000686,3.4,1.1,0.003,0.09,100,30,65,1,15,50,53596.81961,535.9681961,605.387085,216.4293039,26.37470245,781.8175659,60.5,57.99164907,58.5,23.5757329,-0.1459455369,2.109885493
run_000687,3.4,1.1,0.003,0.09,100,30,70,1,15,50,35103.03735,351.0303735,417.507782,152.8933396,18.26249123,551.0480957,60.5,60.43074507,61.5,23.51197958,-0.2596117327,2.173790904
run_000688,3.4,1.1,0.003,0.09,100,30,75,1,15,50,23935.68804,239.3568804,289.3103333,108.5333315,12.49114609,358.729248,82.5,61.63697076,63.5,23.58436941,-0.3223823249,2.208533069
run_000689,3.4,1.1,0.003,0.09,100,30,80,1,15,50,17315.48457,173.1548457,201.5278015,83.17538667,9.80765152,277.1846313,78.5,62.85006882,65.5,23.56089375,-0.4024608137,2.29736631
run_000690,3.4,1.1,0.003,0.09,100,30,85,1,15,50,12877.31355,128.7731355,144.6523666,64.74884741,9.199911118,221.2622528,81.5,63.62555056,66.5,23.46977446,-0.4514596192,2.362885983
run_000691,3.4,1.1,0.003,0.09,100,30,90,1,15,50,10062.267,100.62267,115.6218987,52.7282627,5.990893364,179.7659607,90.5,64.15734512,66.5,23.17969252,-0.4740017974,2.406228071
run_000692,3.4,1.1,0.003,0.09,100,30,95,1,15,50,7879.928555,78.79928555,83.99568939,40.76474268,6.732317448,142.8043671,79.5,64.17563296,67.5,23.6406473,-0.4858056394,2.374996623
run_000693,3.4,1.1,0.003,0.09,100,30,100,1,15,50,6278.971452,62.78971452,67.26036072,31.67556781,5.014372826,115.1882324,94.5,63.85519408,67.5,24.04723614,-0.4958396667,2.364441994
run_000694,3.4,1.1,0.0035,0.09,100,30,60,1,15,50,90428.24592,904.2824592,965.3241577,349.8897104,31.22570229,1336.403687,52.5,53.79195182,53.5,23.57546553,0.03547094575,2.100386471
run_000695,3.4,1.1,0.0035,0.09,100,30,65,1,15,50,51930.76076,519.3076076,578.5787048,209.1070393,22.75728989,752.428772,46.5,57.84493361,58.5,23.58105661,-0.1461586585,2.120776144
run_000696,3.4,1.1,0.0035,0.09,100,30,70,1,15,50,33361.84042,333.6184042,390.7599792,143.5172675,14.48130417,497.2371826,65.5,60.14817833,61.5,23.52389772,-0.2478685467,2.161943228
run_000697,3.4,1.1,0.0035,0.09,100,30,75,1,15,50,23157.42569,231.5742569,274.8238373,104.6834833,10.99461174,374.2267761,79.5,61.4383667,63.5,23.53904967,-0.3063889432,2.196381903
run_000698,3.4,1.1,0.0035,0.09,100,30,80,1,15,50,16747.95366,167.4795366,200.7102737,80.55884629,8.735455513,268.5778809,90.5,62.86171895,64.5,23.45514255,-0.376409329,2.273604247
run_000699,3.4,1.1,0.0035,0.09,100,30,85,1,15,50,12590.303,125.90303,150.228035,62.3259503,8.278698921,199.9717102,94.5,63.4775337,66.5,23.50316752,-0.42425784,2.315861616
run_000700,3.4,1.1,0.0035,0.09,100,30,90,1,15,50,9628.77113,96.2877113,106.9831047,46.708167,8.136638641,164.6764221,82.5,63.29740381,66.5,24.00999822,-0.4436531729,2.302715645
run_000701,3.4,1.1,0.0035,0.09,100,30,95,1,15,50,7466.962234,74.66962234,82.78986359,37.83870546,6.39054203,128.3279114,98.5,63.87862412,66.5,23.80457852,-0.4709440768,2.368220381
run_000702,3.4,1.1,0.0035,0.09,100,30,100,1,15,50,5956.782045,59.56782045,67.14757156,30.72006335,4.611559391,128.4703522,93.5,64.14379092,67.5,23.91360616,-0.4922005493,2.360271035
run_000703,3.4,1.1,0.004,0.09,100,30,60,1,15,50,87148.28229,871.4828229,955.2412109,339.9273494,42.65177155,1371.127075,43.5,53.66836936,52.5,23.54289755,0.04194240982,2.105941306
run_000704,3.4,1.1,0.004,0.09,100,30,65,1,15,50,50609.22115,506.0922115,560.9312439,201.8787599,22.26143074,746.5974121,47.5,57.36716639,57.5,23.5967573,-0.1183587975,2.109540825
run_000705,3.4,1.1,0.004,0.09,100,30,70,1,15,50,32378.14769,323.7814769,382.5101929,137.7116953,16.96858215,486.6254272,67.5,59.95025977,61.5,23.5987635,-0.2386801788,2.156704225
run_000706,3.4,1.1,0.004,0.09,100,30,75,1,15,50,22272.45809,222.7245809,273.90271,100.6773136,10.17648888,327.6052246,79.5,61.47839305,63.5,23.50965288,-0.2975967529,2.189183049
run_000707,3.4,1.1,0.004,0.09,100,30,80,1,15,50,15951.40765,159.5140765,189.4134903,77.83673936,10.14005566,260.5145569,64.5,62.92560203,65.5,23.32659014,-0.3909532392,2.290104564
run_000708,3.4,1.1,0.004,0.09,100,30,85,1,15,50,12036.20425,120.3620425,140.3476791,59.31392638,10.95992756,194.5099182,81.5,63.30854832,65.5,23.54817848,-0.4205419786,2.336899335
run_000709,3.4,1.1,0.004,0.09,100,30,90,1,15,50,8889.392192,88.89392192,102.0120163,44.24851318,5.797094822,156.7056885,83.5,63.58386863,66.5,23.75756163,-0.4648721789,2.352191524
run_000710,3.4,1.1,0.004,0.09,100,30,95,1,15,50,7162.753687,71.62753687,77.83457565,36.71568695,3.842533827,126.9990768,87.5,64.15264157,67.5,23.83638834,-0.486139717,2.356889703
run_000711,3.4,1.1,0.004,0.09,100,30,100,1,15,50,5825.442016,58.25442016,65.49606705,29.90390988,4.570775986,110.8765182,82.5,64.20945156,67.5,23.90760378,-0.4823865438,2.343173
run_000712,3.4,1.1,0.0045,0.09,100,30,60,1,15,50,85231.91368,852.3191368,916.7666626,329.9365478,34.77738571,1252.109985,45.5,53.39513993,52.5,23.57876496,0.05354421653,2.102063187
run_000713,3.4,1.1,0.0045,0.09,100,30,65,1,15,50,49137.86926,491.3786926,547.3636169,196.087897,19.52833748,717.0463257,53.5,57.29436622,57.5,23.57461194,-0.1201597563,2.117317987
run_000714,3.4,1.1,0.0045,0.09,100,30,70,1,15,50,31367.61053,313.6761053,371.347641,133.1373629,15.53309822,465.0042419,48.5,59.74931584,60.5,23.56178886,-0.2264172716,2.152177527
run_000715,3.4,1.1,0.0045,0.09,100,30,75,1,15,50,21219.05067,212.1905067,250.5063705,94.78860553,7.780754089,321.4811401,83.5,61.24568758,63.5,23.58863343,-0.3113255994,2.206884549
run_000716,3.4,1.1,0.0045,0.09,100,30,80,1,15,50,15246.53202,152.4653202,178.0525284,70.09967788,6.286441803,241.960144,79.5,62.09467062,64.5,23.73883474,-0.3688800421,2.241691083
run_000717,3.4,1.1,0.0045,0.09,100,30,85,1,15,50,11489.61751,114.8961751,136.1584778,54.62168373,4.777800083,197.8266144,91.5,62.64465873,64.5,23.74435569,-0.387616883,2.257314682
run_000718,3.4,1.1,0.0045,0.09,100,30,90,1,15,50,8699.22887,86.9922887,104.6381416,43.30439909,7.575251579,145.2603302,89.5,63.46510427,66.5,23.50300992,-0.436501558,2.360526468
run_000719,3.4,1.1,0.0045,0.09,100,30,95,1,15,50,7010.345691,70.10345691,78.2231102,35.38649408,7.026565552,121.3946533,96.5,63.80072373,66.5,23.74093816,-0.4802430388,2.39674272
run_000720,3.4,1.1,0.0045,0.09,100,30,100,1,15,50,5381.374072,53.81374072,58.91372299,26.73434102,5.189527512,93.81704712,85.5,63.73231071,66.5,24.06934692,-0.4629137335,2.3171058
run_000721,3.4,1.1,0.005,0.09,100,30,60,1,15,50,82728.14132,827.2814132,900.9914551,320.3909019,34.60161591,1221.648438,52.5,53.06144559,52.5,23.58994587,0.06536549977,2.104990386
run_000722,3.4,1.1,0.005,0.09,100,30,65,1,15,50,46880.49041,468.8049041,522.1065979,186.4057169,18.2488327,699.177002,57.5,57.03021601,57.5,23.57851441,-0.1056977919,2.115757906
run_000723,3.4,1.1,0.005,0.09,100,30,70,1,15,50,30329.97688,303.2997688,352.1834869,126.7972184,15.78900528,452.1945496,58.5,59.41298283,60.5,23.60879516,-0.2150442827,2.152728564
run_000724,3.4,1.1,0.005,0.09,100,30,75,1,15,50,20694.33979,206.9433979,249.2674179,92.07587325,11.51917744,323.7098999,61.5,61.03865106,62.5,23.55116465,-0.3069684433,2.214644193
run_000725,3.4,1.1,0.005,0.09,100,30,80,1,15,50,14753.0981,147.530981,173.7945633,69.42745478,11.43421936,245.9692688,81.5,62.29016784,64.5,23.52473858,-0.3585360819,2.258247195
run_000726,3.4,1.1,0.005,0.09,100,30,85,1,15,50,11006.21149,110.0621149,122.6230659,52.33651699,9.581017494,181.0981445,90.5,62.73887067,65.5,23.72556356,-0.4066084463,2.277663214
run_000727,3.4,1.1,0.005,0.09,100,30,90,1,15,50,8278.063345,82.78063345,96.35066223,40.76835102,8.173995018,140.1113892,83.5,63.30550314,66.5,23.75200526,-0.4406883704,2.324759692
run_000728,3.4,1.1,0.005,0.09,100,30,95,1,15,50,6467.5213,64.675213,68.19156265,31.69013816,5.19251585,111.1590271,83.5,63.51151586,66.5,24.13870458,-0.4674341055,2.317645848
run_000729,3.4,1.1,0.005,0.09,100,30,100,1,15,50,5254.154203,52.54154203,58.98557091,25.91506239,2.25140357,92.87541962,98.5,63.54603617,66.5,24.11719876,-0.4499074768,2.303953441
run_000730,3.4,1.1,0.001,0.1,100,30,60,1,15,50,108760.6449,1087.606449,1177.649475,419.6046259,39.28206253,1604.207764,53.5,54.06741796,53.5,23.60346013,0.0255879734,2.09639847
run_000731,3.4,1.1,0.001,0.1,100,30,65,1,15,50,64615.23126,646.1523126,726.9108887,268.6526551,26.33042526,951.2943726,60.5,58.15199929,58.5,23.35736632,-0.1469159315,2.133145876
run_000732,3.4,1.1,0.001,0.1,100,30,70,1,15,50,42425.79201,424.2579201,507.7073059,188.4195347,27.19959068,622.3362427,72.5,60.61497249,62.5,23.351432,-0.2649927111,2.200452633
run_000733,3.4,1.1,0.001,0.1,100,30,75,1,15,50,29897.11514,298.9711514,363.4471283,139.0000428,7.621345997,456.3184204,81.5,61.97941309,63.5,23.4006572,-0.3287448939,2.226524369
run_000734,3.4,1.1,0.001,0.1,100,30,80,1,15,50,21813.41362,218.1341362,250.6375732,105.6218164,10.56913376,346.3153381,80.5,63.12424324,65.5,23.58829761,-0.3948787931,2.272576306
run_000735,3.4,1.1,0.001,0.1,100,30,85,1,15,50,16568.29393,165.6829393,192.9367599,85.92162417,8.553982735,282.8449707,86.5,64.31593067,67.5,23.36134757,-0.4773792654,2.372244273
run_000736,3.4,1.1,0.001,0.1,100,30,90,1,15,50,13002.34743,130.0234743,144.7774506,66.00487367,7.524395943,238.5428162,87.5,63.97806274,67.5,23.66467956,-0.4798103105,2.359607256
run_000737,3.4,1.1,0.001,0.1,100,30,95,1,15,50,10337.90515,103.3790515,110.1911736,53.90136879,9.275968552,189.9983368,99.5,64.538175,67.5,23.82324298,-0.522178685,2.420453429
run_000738,3.4,1.1,0.001,0.1,100,30,100,1,15,50,8420.751555,84.20751555,93.91440201,43.94572699,9.281013489,161.5308838,96.5,64.34520038,67.5,23.80589969,-0.5151577796,2.430059286
run_000739,3.4,1.1,0.0015,0.1,100,30,60,1,15,50,105896.8534,1058.968534,1135.425964,415.6625832,39.07173538,1569.857422,46.5,53.95191611,53.5,23.48123956,0.03165857252,2.106071683
run_000740,3.4,1.1,0.0015,0.1,100,30,65,1,15,50,62718.84662,627.1884662,708.794342,255.3412537,27.01890755,908.2484741,51.5,57.87793542,58.5,23.50615956,-0.1343955788,2.121086206
run_000741,3.4,1.1,0.0015,0.1,100,30,70,1,15,50,41221.16341,412.2116341,489.8775024,179.0453919,18.0983448,620.0780029,63.5,60.35736192,61.5,23.50812356,-0.2537596154,2.169999785
run_000742,3.4,1.1,0.0015,0.1,100,30,75,1,15,50,28828.40474,288.2840474,353.72229,134.8984571,17.82522392,443.150238,62.5,62.02273265,63.5,23.34098748,-0.3356210964,2.241502607
run_000743,3.4,1.1,0.0015,0.1,100,30,80,1,15,50,21198.40954,211.9840954,255.5366745,103.8583963,12.13098907,342.3358459,81.5,63.08804503,65.5,23.34671961,-0.3904578195,2.300771724
run_000744,3.4,1.1,0.0015,0.1,100,30,85,1,15,50,16093.17228,160.9317228,188.0357666,80.2181092,15.63370609,265.7225342,83.5,63.58501264,66.5,23.52936943,-0.452180088,2.353168417
run_000745,3.4,1.1,0.0015,0.1,100,30,90,1,15,50,12329.99627,123.2999627,138.2161484,62.27431105,8.108384132,204.8012695,94.5,63.93669378,67.5,23.59210571,-0.4607028771,2.340604205
run_000746,3.4,1.1,0.0015,0.1,100,30,95,1,15,50,9802.787384,98.02787384,109.4347801,51.50525992,10.98391438,175.4816132,85.5,64.53595824,67.5,23.65028342,-0.5138929808,2.417335858
run_000747,3.4,1.1,0.0015,0.1,100,30,100,1,15,50,7842.302128,78.42302128,86.80284119,41.26329963,5.377939224,141.7789917,93.5,64.65538614,68.5,23.75971187,-0.5102010975,2.410393929
run_000748,3.4,1.1,0.002,0.1,100,30,60,1,15,50,103172.4559,1031.724559,1134.999512,406.6074483,31.82619858,1574.33252,52.5,53.54557956,52.5,23.47004194,0.05075369717,2.11142624
run_000749,3.4,1.1,0.002,0.1,100,30,65,1,15,50,60385.59775,603.8559775,679.1296997,244.7099906,21.96726227,891.8080444,63.5,57.60606381,58.5,23.48229515,-0.1271495455,2.111717503
run_000750,3.4,1.1,0.002,0.1,100,30,70,1,15,50,39717.39273,397.1739273,473.5524902,170.8036829,15.8931284,609.223938,58.5,60.03969145,61.5,23.49939644,-0.2387189027,2.165542679
run_000751,3.4,1.1,0.002,0.1,100,30,75,1,15,50,27961.7364,279.617364,331.5680847,127.780158,13.7775898,427.5417175,79.5,61.69254886,63.5,23.52084648,-0.3304178612,2.217300083
run_000752,3.4,1.1,0.002,0.1,100,30,80,1,15,50,20290.66983,202.9066983,242.7532349,99.26671474,8.25357151,338.1684875,69.5,63.03734763,65.5,23.36399483,-0.3909040662,2.284429964
run_000753,3.4,1.1,0.002,0.1,100,30,85,1,15,50,15350.55811,153.5055811,171.698204,76.27876095,14.2264986,261.3473511,88.5,63.57033337,66.5,23.6865915,-0.4512174591,2.340793034
run_000754,3.4,1.1,0.002,0.1,100,30,90,1,15,50,12034.8794,120.348794,130.526947,60.77430217,4.513426304,211.4267273,75.5,63.87660839,66.5,23.61918953,-0.454893722,2.317752103
run_000755,3.4,1.1,0.002,0.1,100,30,95,1,15,50,9469.334093,94.69334093,107.6389389,50.52533219,6.041088581,167.5545502,95.5,64.76080251,68.5,23.45577385,-0.5006009882,2.413107812
run_000756,3.4,1.1,0.002,0.1,100,30,100,1,15,50,7680.64588,76.8064588,83.94356155,38.81215377,3.438110113,135.9200287,90.5,64.00438771,67.5,24.06131606,-0.5053815598,2.405042339
run_000757,3.4,1.1,0.0025,0.1,100,30,60,1,15,50,99791.95794,997.9195794,1062.046631,389.3299086,43.2026062,1496.587036,44.5,53.30597151,52.5,23.53932077,0.05546736312,2.109366672
run_000758,3.4,1.1,0.0025,0.1,100,30,65,1,15,50,58769.0894,587.690894,661.5874329,238.4566287,28.21028519,871.7376099,63.5,57.3216691,57.5,23.44361545,-0.122706229,2.126682767
run_000759,3.4,1.1,0.0025,0.1,100,30,70,1,15,50,38305.14382,383.0514382,453.2702026,162.9059259,21.26018715,575.7113647,56.5,59.78720467,60.5,23.5404232,-0.2320741282,2.156600279
run_000760,3.4,1.1,0.0025,0.1,100,30,75,1,15,50,27239.50838,272.3950838,335.3305511,124.6542849,17.04213905,426.3888245,70.5,61.52538748,63.5,23.37736284,-0.3100575309,2.213720912
run_000761,3.4,1.1,0.0025,0.1,100,30,80,1,15,50,19607.79381,196.0779381,229.559494,92.45564885,8.811264038,310.1929932,75.5,62.50437594,64.5,23.59222737,-0.3685407513,2.239737071
run_000762,3.4,1.1,0.0025,0.1,100,30,85,1,15,50,14752.72921,147.5272921,175.6850815,71.72399568,12.27811241,253.0282593,78.5,63.05285301,65.5,23.57124098,-0.4152488001,2.307363239
run_000763,3.4,1.1,0.0025,0.1,100,30,90,1,15,50,11268.56726,112.6856726,123.7313881,57.19862441,11.06348896,190.5150452,93.5,63.89861341,66.5,23.60185135,-0.4694693958,2.385127683
run_000764,3.4,1.1,0.0025,0.1,100,30,95,1,15,50,8936.523565,89.36523565,98.04476166,45.38804468,5.692203522,156.3630676,83.5,63.83143398,67.5,23.71168992,-0.4649492613,2.349407612
run_000765,3.4,1.1,0.0025,0.1,100,30,100,1,15,50,7208.832266,72.08832266,78.51875687,38.31186824,7.626016617,131.6725006,85.5,64.70280897,68.5,23.72943763,-0.5339919324,2.453306508
run_000766,3.4,1.1,0.003,0.1,100,30,60,1,15,50,96978.17914,969.7817914,1055.93689,383.8979561,45.01618576,1474.260376,50.5,53.10377896,52.5,23.43983075,0.06602922745,2.11592517
run_000767,3.4,1.1,0.003,0.1,100,30,65,1,15,50,56881.21185,568.8121185,642.1080933,227.7239504,32.36642456,827.3118896,58.5,57.17976641,57.5,23.53739575,-0.1092364987,2.115935797
run_000768,3.4,1.1,0.003,0.1,100,30,70,1,15,50,36962.64281,369.6264281,430.723877,158.8439034,14.51286888,549.6594238,56.5,59.86283821,60.5,23.45648276,-0.223421141,2.150277102
run_000769,3.4,1.1,0.003,0.1,100,30,75,1,15,50,25921.78254,259.2178254,308.1021118,116.0552305,18.58699799,385.9256287,62.5,61.23101448,63.5,23.55619662,-0.3174658764,2.226410159
run_000770,3.4,1.1,0.003,0.1,100,30,80,1,15,50,18828.1204,188.281204,224.5839462,88.37933626,9.654619217,291.161499,74.5,62.47471987,64.5,23.64147972,-0.3829309215,2.26422122
run_000771,3.4,1.1,0.003,0.1,100,30,85,1,15,50,14159.64861,141.5964861,161.9307938,69.53076195,11.88123226,237.8151855,72.5,62.98838905,65.5,23.41671112,-0.4240163833,2.34190398
run_000772,3.4,1.1,0.003,0.1,100,30,90,1,15,50,10928.04731,109.2804731,124.2477112,54.14490791,8.572976112,180.3636169,93.5,63.53066839,66.5,23.64275311,-0.4355832086,2.317786744
run_000773,3.4,1.1,0.003,0.1,100,30,95,1,15,50,8665.207464,86.65207464,91.96203232,43.9517301,10.72311592,169.4852753,84.5,63.87043527,67.5,23.74584644,-0.4939981056,2.399868241
run_000774,3.4,1.1,0.003,0.1,100,30,100,1,15,50,6801.534431,68.01534431,75.67627716,33.08335092,4.781963348,118.4419327,95.5,63.41631243,66.5,24.28337372,-0.4583771478,2.30526976
run_000775,3.4,1.1,0.0035,0.1,100,30,60,1,15,50,93895.21342,938.9521342,995.1463318,373.7265264,49.22055435,1424.790771,40.5,52.80292427,51.5,23.4074539,0.07651676209,2.126020592
run_000776,3.4,1.1,0.0035,0.1,100,30,65,1,15,50,54894.82272,548.9482272,616.4699402,217.9404974,29.93903351,834.2382202,60.5,56.79989845,57.5,23.56985297,-0.1018696768,2.126078195
run_000777,3.4,1.1,0.0035,0.1,100,30,70,1,15,50,36142.8036,361.428036,417.9090118,151.901781,18.14414024,550.0532227,70.5,59.39090473,60.5,23.54958699,-0.211808567,2.150328024
run_000778,3.4,1.1,0.0035,0.1,100,30,75,1,15,50,24808.37878,248.0837878,297.3345642,110.3928641,15.1272707,380.6724243,69.5,61.09298037,62.5,23.56164269,-0.300240327,2.203452142
run_000779,3.4,1.1,0.0035,0.1,100,30,80,1,15,50,18008.74499,180.0874499,216.9039612,83.87822617,9.202550888,281.8589172,68.5,62.3550177,64.5,23.69146913,-0.3824232768,2.277991863
run_000780,3.4,1.1,0.0035,0.1,100,30,85,1,15,50,13587.25466,135.8725466,161.0718384,64.16670626,9.874593735,213.4903412,74.5,62.54477401,64.5,23.64512091,-0.3918072103,2.292389275
run_000781,3.4,1.1,0.0035,0.1,100,30,90,1,15,50,10514.78025,105.1478025,120.5440445,50.02163741,12.44723988,180.420517,87.5,62.96076877,65.5,23.94955502,-0.4258112021,2.301053582
run_000782,3.4,1.1,0.0035,0.1,100,30,95,1,15,50,8112.652472,81.12652472,89.99263,39.93950278,5.371907234,134.8030701,95.5,63.58739701,66.5,24.00156917,-0.4554140553,2.335094294
run_000783,3.4,1.1,0.0035,0.1,100,30,100,1,15,50,6713.171182,67.13171182,74.98763275,33.64129196,6.779640198,124.4667358,97.5,63.91529381,67.5,24.28654177,-0.502913032,2.364582195
run_000784,3.4,1.1,0.004,0.1,100,30,60,1,15,50,91655.21346,916.5521346,970.7900391,365.8341545,27.18436432,1399.803711,42.5,52.38994736,51.5,23.39835126,0.09216604059,2.127563364
run_000785,3.4,1.1,0.004,0.1,100,30,65,1,15,50,53619.99356,536.1999356,605.960144,212.1204856,20.98974228,786.0349121,51.5,56.53676063,56.5,23.56085801,-0.08239612563,2.114452905
run_000786,3.4,1.1,0.004,0.1,100,30,70,1,15,50,34561.22263,345.6122263,400.7333679,146.3786127,17.43510437,517.6360474,58.5,59.29242008,60.5,23.46628552,-0.2032271096,2.158439842
run_000787,3.4,1.1,0.004,0.1,100,30,75,1,15,50,23846.8115,238.468115,281.9214172,105.320172,9.470256805,370.5623169,58.5,60.78073176,62.5,23.52845737,-0.2847123582,2.196528311
run_000788,3.4,1.1,0.004,0.1,100,30,80,1,15,50,17392.98322,173.9298322,205.0283966,81.18340752,9.804423332,277.5602722,75.5,62.14431549,64.5,23.56465096,-0.3664231412,2.272689066
run_000789,3.4,1.1,0.004,0.1,100,30,85,1,15,50,12904.49404,129.0449404,151.3668747,60.73878422,7.204149723,209.846817,76.5,62.56005439,64.5,23.72788962,-0.3921088122,2.27982486
run_000790,3.4,1.1,0.004,0.1,100,30,90,1,15,50,9923.361002,99.23361002,113.5885963,48.37113674,6.388689995,170.0541687,71.5,63.24555107,66.5,23.78043852,-0.4213365099,2.297814729
run_000791,3.4,1.1,0.004,0.1,100,30,95,1,15,50,7962.701358,79.62701358,88.96342468,39.45233813,6.523391247,135.0361786,96.5,63.47595112,66.5,23.78796838,-0.454520086,2.338216748
run_000792,3.4,1.1,0.004,0.1,100,30,100,1,15,50,6240.829275,62.40829275,70.1100769,30.60443773,6.676728249,110.5397644,87.5,63.41540495,66.5,24.10914639,-0.4635312618,2.313843815
run_000793,3.4,1.1,0.0045,0.1,100,30,60,1,15,50,89461.05002,894.6105002,956.750061,355.7426298,31.89347649,1375.6521,44.5,52.15514565,51.5,23.43622554,0.1013019652,2.128573294
run_000794,3.4,1.1,0.0045,0.1,100,30,65,1,15,50,51816.34903,518.1634903,564.9894409,206.4498352,22.01862526,762.1608887,51.5,56.33220029,56.5,23.48498655,-0.07121156485,2.111155825
run_000795,3.4,1.1,0.0045,0.1,100,30,70,1,15,50,33479.8516,334.798516,379.910675,140.479837,18.20845985,518.0131226,58.5,59.01672855,59.5,23.4802671,-0.2008169721,2.161242782
run_000796,3.4,1.1,0.0045,0.1,100,30,75,1,15,50,23147.47696,231.4747696,271.6364441,102.0860338,15.22540379,363.1841431,65.5,60.56694456,62.5,23.44690087,-0.274285171,2.201897186
run_000797,3.4,1.1,0.0045,0.1,100,30,80,1,15,50,16676.62741,166.7662741,202.6566467,76.86334145,12.54991341,264.9059448,65.5,61.81664785,63.5,23.49777049,-0.3394467498,2.244847622
run_000798,3.4,1.1,0.0045,0.1,100,30,85,1,15,50,12457.69224,124.5769224,143.065033,58.10839749,15.08320618,208.436676,75.5,62.33196456,64.5,23.79381658,-0.4029012499,2.299505886
run_000799,3.4,1.1,0.0045,0.1,100,30,90,1,15,50,9564.367694,95.64367694,109.8188553,45.50761214,9.350945473,161.4355621,82.5,62.76648698,65.5,23.87992432,-0.431803829,2.313769349
run_000800,3.4,1.1,0.0045,0.1,100,30,95,1,15,50,7586.097445,75.86097445,83.9511528,36.66374475,6.229942799,125.9310074,98.5,63.03378667,65.5,23.89912426,-0.4349667173,2.326946383
run_000801,3.4,1.1,0.0045,0.1,100,30,100,1,15,50,6022.930631,60.22930631,63.58777428,30.14624233,6.116266251,111.5494385,74.5,63.70053797,67.5,24.12801562,-0.5000707722,2.378412678
run_000802,3.4,1.1,0.005,0.1,100,30,60,1,15,50,86981.61321,869.8161321,930.7844238,346.4093982,38.53454208,1347.833496,48.5,51.89402588,50.5,23.44261538,0.1105366228,2.136361605
run_000803,3.4,1.1,0.005,0.1,100,30,65,1,15,50,50504.75421,505.0475421,559.2366028,199.8592783,17.93316078,767.0413208,54.5,56.06682697,55.5,23.51088801,-0.06274666535,2.106170487
run_000804,3.4,1.1,0.005,0.1,100,30,70,1,15,50,32439.36988,324.3936988,372.1912231,133.6174845,10.05896378,490.4329834,60.5,58.65576699,59.5,23.55732069,-0.1825109706,2.141685566
run_000805,3.4,1.1,0.005,0.1,100,30,75,1,15,50,22067.46767,220.6746767,258.8232422,95.43464238,10.21002102,339.4386902,66.5,60.3029954,61.5,23.57565181,-0.2728331015,2.197047492
run_000806,3.4,1.1,0.005,0.1,100,30,80,1,15,50,16000.33418,160.0033418,194.5981827,72.83513389,10.3682251,253.8263397,71.5,61.61846945,63.5,23.60654303,-0.3296128396,2.228912501
run_000807,3.4,1.1,0.005,0.1,100,30,85,1,15,50,12026.94962,120.2694962,141.0947266,54.80429975,12.4645977,193.8682098,71.5,62.17402933,64.5,24.03170205,-0.3947109419,2.268862052
run_000808,3.4,1.1,0.005,0.1,100,30,90,1,15,50,9085.25152,90.8525152,106.7660751,44.35752427,5.87379837,166.6815491,72.5,62.99199282,65.5,23.67611748,-0.4319285445,2.325891171
run_000809,3.4,1.1,0.005,0.1,100,30,95,1,15,50,7122.506507,71.22506507,83.32707596,33.37425615,8.479107857,119.2844772,85.5,62.71587303,65.5,24.13894145,-0.4157481794,2.285187281
run_000810,3.4,1.1,0.005,0.1,100,30,100,1,15,50,5728.306454,57.28306454,65.12560272,26.93075358,7.60178566,97.12730408,75.5,62.72309487,65.5,24.22014417,-0.4359523852,2.297541394
