RunID,Junge,n,mua,mus,DomainX,DomainY,DomainZ,SourceX,SourceY,SourceZ,TotalSignal,MeanBinWeight,MedianBinWeight,StdBinWeight,MinBinWeight,MaxBinWeight,PeakPosition,WeightedMeanPosition,WeightedMedianPosition,WeightedStdPosition,WeightedSkewness,WeightedKurtosis,GammaK_mom,GammaTheta_mom,GammaPeak_mom,GammaA_fit,GammaK_fit,GammaTheta_fit,GammaPeak_fit,GammaPeak_fit_stderr,GammaR2_fit,GammaFitStatus
run_v2_000001,3.4,1.1,0.001,0.01,500,30,60,1,15,50,102297.6787,204.5953575,206.3013229,94.20428239,4.938509464,381.3885498,131.5,213.5180215,196.5,118.814011,0.4590284626,2.335107083,3.2294886193419035,66.11511810916681,147.4029033908332,3.3925806789099218,2.1775199694752154,114.18120799751492,134.45065255587699,0.521295734051514,0.982804326400136,ok
run_v2_000002,3.4,1.1,0.001,0.01,500,30,65,1,15,50,65082.36789,130.1647358,132.2544632,53.91492126,2.92329812,217.7934723,162.5,229.9242654,216.5,119.9305797,0.3376085993,2.208475651,3.6754434861513237,62.556876814003516,167.36738858599648,0.9204156037012812,2.3234350061532067,119.85876602786396,158.6252867556019,0.7823246487045644,0.9610393996703475,ok
run_v2_000003,3.4,1.1,0.001,0.01,500,30,70,1,15,50,46010.22586,92.02045172,95.75270844,36.11310287,0.9791452289,171.5187836,193.5,242.6585699,231.5,120.2105174,0.2454857974,2.129214465,4.074800349348949,59.5510329576689,183.10753694233108,0.3126689909715198,2.4503928029149,123.63807167927064,179.32376932989064,0.9532736564021407,0.9442787050360207,ok
run_v2_000004,3.4,1.1,0.001,0.01,500,30,75,1,15,50,34171.32248,68.34264496,73.60510254,25.65940738,0.9717752934,122.3870392,177.5,252.9884158,245.5,120.600276,0.1548998427,2.085021959,4.400526773286041,57.49048439741317,195.4979314025869,0.1522791277177907,2.506470989099734,131.55107346867663,198.17787576548903,1.188683602838342,0.9210515381260729,ok
run_v2_000005,3.4,1.1,0.001,0.01,500,30,80,1,15,50,26847.68949,53.69537899,55.50061226,20.226908,0.0,99.01043701,225.5,259.6658393,253.5,120.6114952,0.1096531998,2.066136568,4.635026650621115,56.022512678584825,203.64332662141516,0.08886633991209973,2.549661682539426,136.02854832867837,210.7982290764153,1.4483838550442318,0.8961765445228776,ok
run_v2_000006,3.4,1.1,0.001,0.01,500,30,85,1,15,50,21440.1259,42.8802518,45.11709213,16.6537521,0.0,76.10552979,244.5,266.6653942,262.5,119.6780097,0.05531879091,2.072331671,4.964832529228326,53.71085381634156,212.9545403836584,0.032813165293559966,2.698892037897179,133.16681751764364,226.23604599283135,1.6326563716085096,0.8831803756150514,ok
run_v2_000007,3.4,1.1,0.001,0.01,500,30,90,1,15,50,17837.19571,35.67439142,38.34494781,13.7675679,0.0,63.39519119,246.5,269.332793,266.5,120.2246773,0.02868324151,2.040043922,5.018699925974598,53.665849118822806,215.66694388117716,0.038033522917319304,2.610991597242568,143.85681539433364,231.7521208063468,1.924696039431222,0.859260476971993,ok
run_v2_000008,3.4,1.1,0.001,0.01,500,30,95,1,15,50,14891.41119,29.78282237,32.13389015,12.03410704,0.0,55.95585632,240.5,276.1565564,274.5,119.2540282,-0.01469433411,2.049970351,5.362466618053788,51.498046714223854,224.65850968577612,0.01694163849818292,2.7273295465479346,143.11475937694686,247.2063524188984,2.2119297827282707,0.847783890199027,ok
run_v2_000009,3.4,1.1,0.001,0.01,500,30,100,1,15,50,12557.90422,25.11580845,27.40955162,10.38935553,0.0,52.52742004,230.5,280.298575,280.5,119.2680814,-0.04832275166,2.036329773,5.5232323529614,50.74901019684822,229.54956480315184,0.014633899604812473,2.703860953746241,151.3503336818867,257.87992389703123,2.6980254143663576,0.821101066743734,ok
run_v2_000010,3.4,1.1,0.0015,0.01,500,30,60,1,15,50,91941.31973,183.8826395,178.2076797,91.78084412,0.8528544903,351.969696,134.5,206.3309725,187.5,117.1340347,0.521279767,2.429358918,3.1028633130432954,66.496958352197,139.834014147803,3.2832443831960156,2.187237990918202,106.91086880918948,126.92864509234157,0.5477055436359609,0.9811975286544398,ok
run_v2_000011,3.4,1.1,0.0015,0.01,500,30,65,1,15,50,58094.87541,116.1897508,117.8802147,51.32755782,0.0,219.4344025,132.5,222.9443467,208.5,118.8070257,0.392273925,2.267111157,3.5213458481274142,63.31225511931969,159.6320915806803,0.9792597792732132,2.308355556213457,114.04101896235562,149.20620079564216,0.735258461659646,0.9657390641723889,ok
run_v2_000012,3.4,1.1,0.0015,0.01,500,30,70,1,15,50,40589.7816,81.17956321,83.05118561,33.84941572,0.0,143.4869843,186.5,236.2794661,224.5,119.0451671,0.2951844521,2.196354548,3.9393849715623332,59.97877024095291,176.3006958590471,0.2638479756913607,2.485263960751381,115.20803233822767,171.1143384210492,0.9869192731806551,0.9391264424628133,ok
run_v2_000013,3.4,1.1,0.0015,0.01,500,30,75,1,15,50,30417.70297,60.83540595,64.34264755,24.52295979,0.0,112.6088486,147.5,244.9579024,234.5,119.3192886,0.2288540628,2.126969554,4.214650806815472,58.12056885089529,186.83733354910473,0.13365741257815486,2.544958419762602,119.44814040116346,184.54241023776288,1.111514228792807,0.9263894646005213,ok
run_v2_000014,3.4,1.1,0.0015,0.01,500,30,80,1,15,50,23602.85091,47.20570183,49.8158741,18.38263169,0.0,89.17386627,179.5,252.3792793,244.5,119.7758558,0.1638772085,2.102475131,4.439855405556046,56.844031223217755,195.53524807678227,0.07770899702405733,2.5805551649536356,125.25870691107775,197.9782961637176,1.2827884663608495,0.9081744860697306,ok
run_v2_000015,3.4,1.1,0.0015,0.01,500,30,85,1,15,50,18849.55911,37.69911821,39.95949554,14.4401139,0.0,69.73356628,217.5,259.462855,253.5,120.4100507,0.1111318148,2.063472389,4.643280354855456,55.87921365305477,203.58364134694523,0.0608272961454406,2.556798355915139,135.1126124987297,210.34309300142164,1.5863100280726308,0.8779445863301657,ok
run_v2_000016,3.4,1.1,0.0015,0.01,500,30,90,1,15,50,15353.90376,30.70780753,32.16385269,12.30245735,0.0,59.08995819,223.5,263.8843727,258.5,119.3980107,0.08086589265,2.079460881,4.884646751497361,54.023225450050745,209.8611472499492,0.023839999783431997,2.7081818842331318,128.98364930644186,220.32753310754333,1.8345475298608507,0.8491062335211179,ok
run_v2_000017,3.4,1.1,0.0015,0.01,500,30,95,1,15,50,12802.79803,25.60559606,27.09706593,10.12443665,0.0,46.52380753,186.5,268.8596349,266.5,120.3476835,0.0282785963,2.047574118,4.99086403511735,53.87035852073224,214.98927637926778,0.02862761834738923,2.6011303316855594,144.32337593658534,231.08053478332457,2.299554016087648,0.8088350993624613,ok
run_v2_000018,3.4,1.1,0.0015,0.01,500,30,100,1,15,50,10795.37029,21.59074058,22.96974754,8.512308215,0.0,41.49185181,209.5,272.9154306,270.5,120.8100994,0.0007911326602,2.035362872,5.103283549134771,53.478398363005134,219.4370322369948,0.025321452779392316,2.573166292131513,152.8877015711824,240.51777859324628,2.5322081953545426,0.8022640567567982,ok
run_v2_000019,3.4,1.1,0.002,0.01,500,30,60,1,15,50,83362.73387,166.7254677,161.2509842,89.00204484,2.904292822,322.9267883,124.5,199.4918186,180.5,115.218314,0.5752745559,2.535637053,2.997831006328268,66.54538503967801,132.94643356032196,3.3880574050573515,2.18015931415777,101.91155388407155,120.27186953657852,0.46838876980382876,0.9863610317148557,ok
run_v2_000020,3.4,1.1,0.002,0.01,500,30,65,1,15,50,52019.35712,104.0387142,104.276619,49.30240105,0.9177610278,188.2387848,124.5,216.1176502,199.5,117.2171779,0.4502905457,2.354226804,3.399366196585651,63.57586611794582,152.54178408205422,0.8909158486464067,2.3310024222605628,106.59231219142794,141.8746257211447,0.6398287385147429,0.973940589101228,ok
run_v2_000021,3.4,1.1,0.002,0.01,500,30,70,1,15,50,36160.09734,72.32019468,74.69147873,31.48984058,0.0,138.7029419,149.5,229.5667943,215.5,118.3673401,0.3460453746,2.232573895,3.761441939441136,61.03159320175718,168.5352010982428,0.3102037659013226,2.4463500714403144,111.2796934719054,160.94939260294666,0.8549971438823799,0.9535762050630217,ok
run_v2_000022,3.4,1.1,0.002,0.01,500,30,75,1,15,50,26607.29336,53.21458672,54.13617706,22.20358744,0.9459699988,96.78933716,148.5,238.548166,227.5,118.7616966,0.2751730896,2.172963482,4.034589719524882,59.12575567363805,179.42241032636198,0.1419749371735219,2.5238587545936824,114.8009961791281,174.94050306364025,1.0394992084781611,0.9334182033614238,ok
run_v2_000023,3.4,1.1,0.002,0.01,500,30,80,1,15,50,20718.54288,41.43708576,43.36394691,16.77733813,0.0,78.60678864,164.5,246.4712194,237.5,119.1001362,0.2115810541,2.132522274,4.28260393002158,57.55171933416641,188.91950006583357,0.07775491051309989,2.5744916682772616,119.4059089739317,188.00360882252858,1.252593935453717,0.9088588076445991,ok
run_v2_000024,3.4,1.1,0.002,0.01,500,30,85,1,15,50,16591.13298,33.18226596,34.00778198,13.48386936,0.9154267311,64.70517731,199.5,251.7468053,243.5,119.2054128,0.1827170008,2.12377279,4.460011556193516,56.44532578629869,195.3014795137013,0.041842983365429125,2.6473055830993277,119.72142584283223,197.21777320750968,1.4648303645810015,0.8822070347187996,ok
run_v2_000025,3.4,1.1,0.002,0.01,500,30,90,1,15,50,13497.19659,26.99439317,28.44280338,10.88595197,0.0,50.63028336,207.5,259.0852473,253.5,118.8962429,0.1162334735,2.096920563,4.748419788767235,54.5624141978531,204.5228331021469,0.022984193573351745,2.7070400713934695,123.76814630037086,211.27718529682244,1.626381252598679,0.8690523954199912,ok
run_v2_000026,3.4,1.1,0.002,0.01,500,30,95,1,15,50,11132.24789,22.26449578,23.22978306,8.859620829,0.0,42.01034546,250.5,262.6627468,258.5,120.0718963,0.06583719052,2.085962779,4.78535569251459,54.88886588114351,207.77388091885643,0.025569055575709664,2.6182912248951205,135.40524945218914,219.1251269932125,2.160259368826806,0.8018708035164044,ok
run_v2_000027,3.4,1.1,0.002,0.01,500,30,100,1,15,50,9448.415887,18.89683177,19.80898571,7.510514649,0.0,36.90386581,219.5,266.6365913,263.5,120.1420669,0.04056408647,2.061508867,4.925488380644262,54.1340412755422,212.50255002445783,0.02087026625726941,2.612211308803308,140.643616147574,226.74722846411035,2.264720689828622,0.8033081159730497,ok
run_v2_000028,3.4,1.1,0.0025,0.01,500,30,60,1,15,50,75347.02925,150.6940585,140.3299637,85.91089443,3.658766747,303.3028564,113.5,193.6091316,173.5,113.3154459,0.6315642061,2.650361429,2.9192645256822796,66.32120176048466,127.28792983951534,2.955451737168223,2.212503456800738,95.47367948557542,115.7621664097459,0.4397285986104224,0.9878547967747093,ok
run_v2_000029,3.4,1.1,0.0025,0.01,500,30,65,1,15,50,46730.58929,93.46117857,92.18522644,47.55239014,1.90881753,195.5704498,119.5,210.236506,192.5,115.5622318,0.5037150639,2.433673837,3.309667911378983,63.52193381009164,146.71457218990835,0.7524973779658679,2.370458707369868,99.44516772695623,136.28549601726417,0.6579905235201737,0.9724306511605324,ok
run_v2_000030,3.4,1.1,0.0025,0.01,500,30,70,1,15,50,32329.19237,64.65838473,65.63914871,30.06519752,0.9440634251,123.0109787,156.5,222.1527483,207.5,116.8784299,0.4002727099,2.308671596,3.6127228261652404,61.491777528863516,160.6609707711365,0.30611401866265764,2.450965666127241,104.91268203830474,152.22469957890425,0.8059077008166307,0.9586025308478937,ok
run_v2_000031,3.4,1.1,0.0025,0.01,500,30,75,1,15,50,23797.84398,47.59568796,48.54359818,20.77970843,0.7665938139,88.97924042,150.5,230.6721484,217.5,118.2241044,0.3365270531,2.230538296,3.806959490625647,60.592225624678406,170.0799227753216,0.18212116888443555,2.4690326148177033,110.99207846356451,163.05098324938186,0.9612409425370826,0.9420392575751401,ok
run_v2_000032,3.4,1.1,0.0025,0.01,500,30,80,1,15,50,18209.42044,36.41884087,37.44026375,15.66556577,0.0,74.3374176,127.5,238.1743892,226.5,118.1021173,0.2786383313,2.192306704,4.0670054380414875,58.56259423019005,179.61179496980992,0.08024965862811957,2.5704180818818285,111.77107592133035,175.52731865824384,1.220403476597693,0.9104861096068463,ok
run_v2_000033,3.4,1.1,0.0025,0.01,500,30,85,1,15,50,14489.30169,28.97860339,29.79605198,11.79391155,0.0,52.92307281,208.5,245.4886957,235.5,119.7698658,0.2203312368,2.127220529,4.201146933169788,58.43373240811109,187.05496329188887,0.06981089746392773,2.519694501312675,121.97510991812746,185.3649038395874,1.4871169437385225,0.875189528579275,ok
run_v2_000034,3.4,1.1,0.0025,0.01,500,30,90,1,15,50,11759.28997,23.51857994,24.65293789,9.654677129,0.0,47.8426857,173.5,250.0952634,242.5,118.7396151,0.1739942188,2.135087739,4.436287256576529,56.374902916678536,193.72036048332146,0.03043511807512154,2.6447520177690396,119.02045050663767,195.75912612657243,1.552406557153553,0.8684013754448856,ok
run_v2_000035,3.4,1.1,0.0025,0.01,500,30,95,1,15,50,9689.117284,19.37823457,19.957201,8.049211009,0.0,38.86222076,159.5,255.7488705,249.5,118.5914528,0.1407101281,2.104053147,4.650725103938693,54.99118197362528,200.75768852637472,0.017444900127498532,2.708523549040236,120.10290817926936,205.1986469324989,1.7536021448632455,0.8452898248684142,ok
run_v2_000036,3.4,1.1,0.0025,0.01,500,30,100,1,15,50,8256.831905,16.51366381,17.473176,6.756136131,0.0,33.49517822,245.5,260.1514418,254.5,119.4708707,0.1024751396,2.066738067,4.741638239619413,54.86530786475203,205.28613393524793,0.01828157798232924,2.6417785692473164,129.44285202653217,212.51650039941205,2.058738375040227,0.8102575124898848,ok
run_v2_000037,3.4,1.1,0.003,0.01,500,30,60,1,15,50,68128.92051,136.257841,129.9743729,82.51655559,3.819223642,303.7909851,124.5,187.3797929,166.5,111.1149835,0.6760424433,2.758358762,2.843807904370474,65.89045364563039,121.48933925436963,2.970108154720378,2.2089926245893414,91.44536243605917,110.55676873809475,0.46261505693202853,0.9866034823739169,ok
run_v2_000038,3.4,1.1,0.003,0.01,500,30,65,1,15,50,41915.5863,83.83117259,80.18846893,44.83111584,1.902214527,172.0769348,141.5,203.3795892,185.5,114.2016088,0.5501148281,2.529573167,3.1715406890988835,64.12643227282238,139.2531569271776,0.9094020788337479,2.321113014959705,97.38640664379422,128.6584492972748,0.628267758442372,0.9751880390383577,ok
run_v2_000039,3.4,1.1,0.003,0.01,500,30,70,1,15,50,28945.93354,57.89186708,56.99586296,28.815301,0.0,116.6499481,141.5,214.6942879,199.5,115.374728,0.4585128121,2.398720375,3.4627377327004822,62.00131354810016,152.69297435189986,0.32352668063746187,2.4395406447965997,99.8208946501972,143.69623504891834,0.8204095095337169,0.9574940878248278,ok
run_v2_000040,3.4,1.1,0.003,0.01,500,30,75,1,15,50,21016.21273,42.03242546,42.28926659,19.57001693,0.0,78.31443024,183.5,224.8953275,210.5,116.7222311,0.3823656184,2.288999693,3.712390941544523,60.57964558183988,164.31568191816015,0.15725275645857015,2.497888991131164,104.42319541456365,156.41435483021314,0.9574407965804768,0.9426146929562175,ok
run_v2_000041,3.4,1.1,0.003,0.01,500,30,80,1,15,50,16201.97758,32.40395516,33.40283203,14.18224416,0.0,62.0790062,189.5,232.6016214,220.5,118.0877164,0.3145087801,2.223624917,3.879859751204318,59.95103852086403,172.65058287913598,0.10652475972539478,2.4960701636801557,111.46723556880727,166.76280536239997,1.1908371937309061,0.9137000791651431,ok
run_v2_000042,3.4,1.1,0.003,0.01,500,30,85,1,15,50,12746.61821,25.49323642,25.99800014,11.07783081,0.0,48.96976089,151.5,239.4342252,228.5,117.6229524,0.2650574542,2.191457866,4.143700009651273,57.782712223935924,181.65151297606408,0.0451191026059291,2.6165876689193683,110.39839375837448,178.46868201829315,1.3049002380957755,0.8993500396928661,ok
run_v2_000043,3.4,1.1,0.003,0.01,500,30,90,1,15,50,10309.43042,20.61886083,21.00843048,8.763668917,0.0,42.32235718,156.5,244.3515351,234.5,118.4460397,0.222489515,2.158705723,4.255876870366033,57.41508566693664,186.93644943306336,0.03259208962112696,2.622096991873494,114.70667865151165,186.06535838841657,1.5690075475987635,0.8615012642524218,ok
run_v2_000044,3.4,1.1,0.003,0.01,500,30,95,1,15,50,8569.248272,17.13849654,17.27647877,7.403758608,0.0,36.25408554,207.5,248.759687,239.5,117.9886244,0.1985719983,2.144599089,4.445081496109255,55.96290804065964,192.79677895934037,0.015680189459659863,2.7343401352817063,111.80056902487631,193.90021400717572,1.6810970812332475,0.8463146063229678,ok
run_v2_000045,3.4,1.1,0.003,0.01,500,30,100,1,15,50,7080.893538,14.16178708,14.26283169,6.180255808,0.0,27.61923218,136.5,252.1616636,243.5,117.6401429,0.1808100657,2.146283745,4.594592880216316,54.88226490877426,197.27939869122574,0.00900081312027909,2.8058246449067865,110.77506427117534,200.04034110202167,1.769546428110212,0.8358001503520109,ok
run_v2_000046,3.4,1.1,0.0035,0.01,500,30,60,1,15,50,62220.26178,124.4405236,111.5514603,80.36529064,3.744777679,279.0015259,105.5,181.2089178,160.5,109.0631887,0.7363475046,2.886440179,2.7605953446460436,65.64124588250152,115.56767191749846,2.8228174414796783,2.2253917422415666,86.16075930863285,105.58068296206187,0.4408412057460959,0.9876284213143943,ok
run_v2_000047,3.4,1.1,0.0035,0.01,500,30,65,1,15,50,37821.37813,75.64275627,71.09251404,43.44636074,3.692843199,162.1552734,99.5,195.9092109,177.5,112.1376975,0.6121537624,2.648983047,3.0521539919118,64.18719744126899,131.72201345873103,0.9198259963725387,2.3222577656499084,91.97670008544766,121.61690594683576,0.5879400101981668,0.9782153011441928,ok
run_v2_000048,3.4,1.1,0.0035,0.01,500,30,70,1,15,50,25850.86149,51.70172298,50.66935921,26.98021465,1.519180059,105.6113052,96.5,208.8206547,191.5,114.4885823,0.5040893758,2.450232068,3.326768272251682,62.76982272608435,146.05083197391565,0.4086213687572529,2.379153153590735,98.28852947721937,135.554935390303,0.7932564075555855,0.9608858284243219,ok
run_v2_000049,3.4,1.1,0.0035,0.01,500,30,75,1,15,50,18869.92292,37.73984584,38.04743195,18.48912003,0.8184683323,84.15447235,137.5,217.1015411,202.5,115.6904078,0.4358110311,2.369119773,3.521527699224707,61.649817818498676,155.4517232815013,0.20744957658989857,2.433604147389756,102.10044803359071,146.37162575130787,0.9272601649638359,0.9466489369241768,ok
run_v2_000050,3.4,1.1,0.0035,0.01,500,30,80,1,15,50,14417.80359,28.83560717,29.6161623,13.58645291,0.0,57.16252518,145.5,224.661195,210.5,116.4758628,0.3818739148,2.290735568,3.7203539222496365,60.387049107454565,164.27414589254545,0.10943064785380767,2.495268736195219,104.4319598757364,156.15384466178216,1.073411235276043,0.9293772790323497,ok
run_v2_000051,3.4,1.1,0.0035,0.01,500,30,85,1,15,50,11415.84292,22.83168585,23.40589905,10.21287838,0.0,43.95420456,197.5,230.7637381,217.5,117.5761499,0.32392887,2.237906293,3.8520920904581746,59.906080301562206,170.85765779843783,0.07353689111464431,2.507536934199816,109.35562547034127,164.8576443590616,1.2437179088424308,0.9064253804580268,ok
run_v2_000052,3.4,1.1,0.0035,0.01,500,30,90,1,15,50,9238.205055,18.47641011,18.58582973,8.33269202,0.0,36.7381134,207.5,237.2482104,225.5,117.0018539,0.2912936128,2.231876716,4.111690380654291,57.70089389907974,179.54731650092026,0.025614655532973322,2.683838550129587,104.82373611812957,176.50624784431773,1.3643894506196441,0.8890905677012807,ok
run_v2_000053,3.4,1.1,0.0035,0.01,500,30,95,1,15,50,7490.423487,14.98084697,15.45658207,6.664152559,0.0,30.09058189,221.5,241.2486101,231.5,117.3865864,0.2472984567,2.197267074,4.223696393401349,57.11788623749118,184.13072386250886,0.019407256880636933,2.6816506766887938,108.59102809945382,182.61217588577833,1.6135403479238632,0.8529521546330936,ok
run_v2_000054,3.4,1.1,0.0035,0.01,500,30,100,1,15,50,6177.166181,12.35433236,12.84673071,5.259124683,0.0,26.03637314,126.5,245.6924642,235.5,119.1894585,0.209683801,2.112107433,4.249207886865186,57.820768185869426,187.87169601413058,0.029030847956993674,2.524800774375204,121.90152859478711,185.87554519885245,1.8898847661539728,0.8155820379427,ok
run_v2_000055,3.4,1.1,0.004,0.01,500,30,60,1,15,50,56835.38459,113.6707692,98.37428284,77.32446069,3.789955378,262.9137573,106.5,175.4651708,154.5,106.7942062,0.784768053,3.024267037,2.699519462934324,64.99866854424262,110.46650225575736,2.620965405824961,2.2434080128918583,81.91826644052267,101.8578288943561,0.396875858478102,0.9897794461063889,ok
run_v2_000056,3.4,1.1,0.004,0.01,500,30,65,1,15,50,34411.87411,68.82374821,65.71847916,41.82032315,1.871463537,146.8372192,81.5,190.6285913,171.5,110.1829177,0.6587428639,2.748986204,2.993281351924765,63.685490566204344,126.94310073379566,0.8169612160662212,2.3501651907349714,87.09250138217044,117.58926374024391,0.5491104699708127,0.9807974950974239,ok
run_v2_000057,3.4,1.1,0.004,0.01,500,30,70,1,15,50,23154.27064,46.30854128,43.89425468,25.88328412,0.0,95.3666687,111.5,202.6897706,185.5,112.1166324,0.558406096,2.567935422,3.2683124867415456,62.01664358051589,140.6731270194841,0.2993135544907903,2.452592542008668,90.60882860483187,131.61770867152043,0.7009693313365836,0.9688735960759183,ok
run_v2_000058,3.4,1.1,0.004,0.01,500,30,75,1,15,50,16953.28699,33.90657399,32.22074509,17.90259571,0.0,71.21499634,118.5,211.0515673,195.5,113.5713289,0.4937799833,2.475612616,3.453343253621326,61.115143152561544,149.93642414743843,0.14200323006003826,2.5245784498820827,93.14472493356973,142.0064403539147,0.8842010414319232,0.950629280482767,ok
run_v2_000059,3.4,1.1,0.004,0.01,500,30,80,1,15,50,12787.10742,25.57421485,26.69778442,12.78175067,0.0,56.03305435,138.5,219.5188824,204.5,114.7151531,0.4207519049,2.362687121,3.66186380658167,59.94730934707255,159.57157305292748,0.08739067477777299,2.540226778744015,98.41325365018658,151.57872865534455,1.0642497507364417,0.9306646796543584,ok
run_v2_000060,3.4,1.1,0.004,0.01,500,30,85,1,15,50,10091.91126,20.18382252,20.55085087,9.733328033,0.0,46.41751862,152.5,225.6471542,212.5,115.1534101,0.3652917816,2.326414808,3.8397779859349606,58.765677345550074,166.88147685444991,0.04140433804263979,2.635159946500784,98.86953456004248,161.66750284175646,1.1843855092249407,0.9138389088828258,ok
run_v2_000061,3.4,1.1,0.004,0.01,500,30,90,1,15,50,8027.624022,16.05524804,16.05947351,7.595010254,0.0,34.20180893,131.5,231.3069839,219.5,116.3155657,0.3344081045,2.270174003,3.954593215906135,58.4907147894855,172.81626911051453,0.02890193648804864,2.646309573865027,102.01690671166631,167.95141021551157,1.45145734592787,0.8759281768548801,ok
run_v2_000062,3.4,1.1,0.004,0.01,500,30,95,1,15,50,6637.555895,13.27511179,13.32299185,6.214091733,0.0,28.08535194,94.5,235.1612742,224.5,115.9244775,0.2967442088,2.257403319,4.115108734966196,57.1458227098176,178.01545149018241,0.016137146421186965,2.721855361455207,101.66091652122051,175.04539416251376,1.4889095859939458,0.8707807436599228,ok
run_v2_000063,3.4,1.1,0.004,0.01,500,30,100,1,15,50,5505.986452,11.0119729,11.35066509,5.03597696,0.0,25.49311066,169.5,240.0205114,229.5,117.1288791,0.2568795387,2.208642117,4.199221072072708,57.15834134008273,182.86217005991728,0.013364088292679845,2.7020531433632122,106.4786351925901,181.23229573057273,1.7684203060270036,0.8270888124281264,ok
run_v2_000064,3.4,1.1,0.0045,0.01,500,30,60,1,15,50,51861.48251,103.722965,87.63299561,73.95469457,5.402680397,254.1147919,101.5,169.9329765,148.5,104.6692675,0.8269339224,3.145939085,2.6358273447600804,64.4704505542899,105.4625259457101,2.6525156280692217,2.2385977543462587,78.89999136890088,97.72535212745983,0.3866361723524017,0.9901635977662816,ok
run_v2_000065,3.4,1.1,0.0045,0.01,500,30,65,1,15,50,31320.06703,62.64013407,57.43681908,40.26467394,1.816877604,145.1975555,102.5,184.245073,164.5,108.0559806,0.7085097837,2.876749477,2.9073287849447924,63.37263055836275,120.87244244163725,0.8210056018926426,2.3498584998128096,83.29685084366938,112.4389621189669,0.5501605178056043,0.9805869293476535,ok
run_v2_000066,3.4,1.1,0.0045,0.01,500,30,70,1,15,50,21140.70852,42.28141704,39.31105804,25.2819502,1.575154066,92.0076828,150.5,196.0267696,177.5,110.0403844,0.6198393255,2.680810021,3.1734127952497393,61.771594887822715,134.25517471217728,0.30006080167336796,2.458753455668958,85.74802015550242,125.0852207186106,0.6226841395419299,0.9753017762133142,ok
run_v2_000067,3.4,1.1,0.0045,0.01,500,30,75,1,15,50,15134.55552,30.26911104,29.67748642,17.01025179,0.8861673474,67.43283081,111.5,204.6840188,187.5,112.0324697,0.550637753,2.570147717,3.337951721921924,61.32024542348598,143.36377337651402,0.14665294537373727,2.515965237877337,89.11549779351299,135.0959968111002,0.8965384033954995,0.949583688079881,ok
run_v2_000068,3.4,1.1,0.0045,0.01,500,30,80,1,15,50,11393.27056,22.78654113,22.31820011,12.02616359,0.0,50.28611374,152.5,212.1616239,196.5,113.3102982,0.4731222777,2.451910829,3.505862642801977,60.51623965804743,151.64538424195254,0.09129402073700994,2.5293757814326425,93.99400759053478,143.75215880875987,1.0152409996019116,0.9363568830908694,ok
run_v2_000069,3.4,1.1,0.0045,0.01,500,30,85,1,15,50,9045.525124,18.09105025,17.07529736,9.388087069,0.0,42.43912506,128.5,218.3594771,204.5,113.8644909,0.4366502833,2.42497384,3.677625261107268,59.37512976356265,158.98434733643737,0.03710851934036414,2.6664240569287703,92.11714814834008,153.50623173006542,1.2290399924255355,0.9068226035862486,ok
run_v2_000070,3.4,1.1,0.0045,0.01,500,30,90,1,15,50,7211.136741,14.42227348,14.10097504,7.122789737,0.0,31.59000206,135.5,223.6368857,209.5,115.4950843,0.3921258773,2.344273782,3.7493835632869703,59.64630769969673,163.99057800030323,0.034636147720869565,2.6073453729660336,98.34630242586483,158.07647415253206,1.3586536636902626,0.8890078835780274,ok
run_v2_000071,3.4,1.1,0.0045,0.01,500,30,95,1,15,50,5880.625498,11.761251,11.88713789,5.577786492,0.0,25.33098602,158.5,228.223473,217.5,116.071853,0.3279379163,2.282006059,3.8660439297059486,59.03281937547944,169.19065362452056,0.030160203424845117,2.568742690164308,104.63253385304361,164.14152263533163,1.5444347427895457,0.8624841301544061,ok
run_v2_000072,3.4,1.1,0.0045,0.01,500,30,100,1,15,50,4831.354973,9.662709945,9.837622643,4.639665231,0.0,22.07726288,175.5,233.1776431,221.5,115.933473,0.3124925324,2.251220784,4.045350203671758,57.64090408992443,175.53673901007562,0.017292448605519532,2.639509186116826,104.02877623936678,170.5561342649336,1.7036062490146275,0.8402149502110314,ok
run_v2_000073,3.4,1.1,0.005,0.01,500,30,60,1,15,50,48057.91311,96.11582622,78.71111679,72.23654018,1.7640661,238.0419312,87.5,164.4234412,143.5,102.1047504,0.8754075269,3.298813405,2.593197358310057,63.40567973860347,101.01776146139656,2.517978232609897,2.2557035959482943,75.05377008080366,94.24528897994166,0.3862807192403495,0.9899651842968618,ok
run_v2_000074,3.4,1.1,0.005,0.01,500,30,65,1,15,50,28572.6772,57.14535441,49.18316269,38.57935066,0.9023492336,140.9048462,104.5,178.7842944,158.5,105.9976782,0.7511395728,2.984672963,2.844893576614263,62.843930567263264,115.94036383273672,0.8438217344204556,2.3420161865820384,80.36471681358282,107.85075079390984,0.5068562880021703,0.9834031974279975,ok
run_v2_000075,3.4,1.1,0.005,0.01,500,30,70,1,15,50,19112.56297,38.22512595,35.2891655,23.95233894,0.8944362998,86.71662903,133.5,189.620927,171.5,108.2435444,0.6612984569,2.795278638,3.0687995474907632,61.78993579266054,127.83099120733945,0.32484166877332926,2.436415776023433,83.26144602812685,119.598054609325,0.6446808199480821,0.9735316285739151,ok
run_v2_000076,3.4,1.1,0.005,0.01,500,30,75,1,15,50,13634.12871,27.26825742,25.65721607,15.93531336,0.868911922,62.67750931,117.5,199.7589857,181.5,110.5105919,0.5806971586,2.625367044,3.2674190613984235,61.1366286191968,138.6223570808032,0.1485940538688838,2.5067380736197444,86.45309373108825,130.2621679068471,0.8022403719605808,0.959353632267535,ok
run_v2_000077,3.4,1.1,0.005,0.01,500,30,80,1,15,50,10267.14304,20.53428608,19.8653326,11.55317335,0.0,45.97078705,146.5,206.6963561,191.5,111.2972253,0.5258030769,2.558976985,3.4490299551955714,59.92883761088693,146.7675184891131,0.07058684327349114,2.5894245630925776,87.80414642910512,139.5580670757971,0.9860137384576909,0.9395310802469717,ok
run_v2_000078,3.4,1.1,0.005,0.01,500,30,85,1,15,50,7881.651732,15.76330346,15.25036812,8.477292261,0.0,35.90501785,127.5,213.5661822,197.5,112.7285703,0.4719223327,2.461808819,3.589194306361542,59.502541230903006,154.06364096909695,0.037294744557510244,2.653544247491064,89.26370286406349,147.60148238062382,1.088864511732726,0.9257769436329714,ok
run_v2_000079,3.4,1.1,0.005,0.01,500,30,90,1,15,50,6393.221913,12.78644383,12.46367741,6.752235309,0.0,27.81288528,167.5,218.0692227,202.5,113.4440526,0.4422586078,2.43340853,3.6950922560538406,59.01590747639037,159.05331522360964,0.024624704596233365,2.6838815003997096,91.06285449712632,153.33905606130153,1.298150717539399,0.8975957795446377,ok
run_v2_000080,3.4,1.1,0.005,0.01,500,30,95,1,15,50,5108.817463,10.21763493,10.19411421,5.16559745,0.0,22.80404663,188.5,224.7169625,212.5,114.3863742,0.3752487584,2.335897055,3.859429603139988,58.2254337058442,166.49152879415578,0.018622678436473746,2.6690586677179144,96.36712747332153,160.84238939242448,1.4681175495063807,0.8740806720402328,ok
run_v2_000081,3.4,1.1,0.005,0.01,500,30,100,1,15,50,4250.429088,8.500858176,8.188930988,4.277308578,0.0,18.53047752,99.5,227.8661259,214.5,115.1247851,0.3540466701,2.314408789,3.9176160683750627,58.16448623933524,169.7016396606647,0.011717755776356883,2.722100241745953,96.25352730735976,165.75822264490495,1.6954583838966553,0.8355552938752473,ok
run_v2_000082,3.4,1.1,0.001,0.02,500,30,60,1,15,50,121184.9322,242.3698643,193.9170151,184.325254,3.949522734,574.6787109,108.5,165.2429047,145.5,100.0799857,0.86679219,3.335507856,2.7261589366341394,60.6138191282485,104.62908557175149,3.686399013771881,2.3915197285831953,71.19633613634907,99.07110633657041,0.28534817039292615,0.9944004452583096,ok
run_v2_000083,3.4,1.1,0.001,0.02,500,30,65,1,15,50,79887.77038,159.7755408,141.4949265,106.4980746,4.903619766,363.2028809,97.5,183.9402039,165.5,105.3038049,0.7153219593,2.935639472,3.0511615286706104,60.28530517692475,123.65489872307523,1.0545686501434486,2.5250419199486265,76.61411167515033,116.83973196422973,0.43258730453966937,0.9875991697000072,ok
run_v2_000084,3.4,1.1,0.001,0.02,500,30,70,1,15,50,58120.15116,116.2403023,109.5282173,71.26648284,2.906517506,254.8380432,134.5,197.875284,180.5,107.4724862,0.607417579,2.737281662,3.389912676556552,58.371793871988544,139.50349012801146,0.29103418947037024,2.7060853078685287,78.22533598074637,133.45909641983076,0.5550287969506411,0.9796906427156341,ok
run_v2_000085,3.4,1.1,0.001,0.02,500,30,75,1,15,50,44647.33137,89.29466273,88.4262352,49.52940122,2.906216383,185.737915,167.5,210.2478946,195.5,110.2328949,0.4927591399,2.531711784,3.637817311291858,57.7950668241053,152.45282777589472,0.16395714905541925,2.7272796252601186,84.7516248696606,146.38975484505352,0.6805328193973424,0.9700516582092208,ok
run_v2_000086,3.4,1.1,0.001,0.02,500,30,80,1,15,50,35526.75833,71.05351667,71.01158142,37.18762095,0.9643988609,145.0064697,162.5,220.2936028,207.5,111.6666032,0.4212081446,2.428941475,3.8918595623794796,56.60368758663858,163.68991521336142,0.07481693732004077,2.8201236995407557,87.18191057693484,158.68186161232197,0.7989271358567214,0.9589773600273602,ok
run_v2_000087,3.4,1.1,0.001,0.02,500,30,85,1,15,50,28873.71131,57.74742262,59.75422478,28.96743579,0.0,108.9718933,190.5,226.7734138,214.5,112.5250925,0.364592897,2.369373535,4.061491218280774,55.835012711413164,170.9384010885868,0.04446240945102307,2.865549466193664,89.73519182192618,167.40543920218042,0.9018850594244818,0.9482398868444062,ok
run_v2_000088,3.4,1.1,0.001,0.02,500,30,90,1,15,50,24408.85031,48.81770061,49.43693161,23.59031901,1.880818248,97.37037659,171.5,235.7326137,224.5,113.7335106,0.3020880857,2.294525598,4.295982006149948,54.872812167866414,180.8598015321336,0.021024458658440808,2.966273697613238,91.29370262263676,179.50840622461533,1.1301487727604254,0.9203222202546436,ok
run_v2_000089,3.4,1.1,0.001,0.02,500,30,95,1,15,50,20415.11423,40.83022846,41.99302101,19.27657873,0.0,88.82263184,191.5,240.5782709,229.5,114.2893652,0.2736907582,2.251801095,4.430993952706683,54.29442546475203,186.28384543524797,0.015485065500807197,2.9773256344691204,93.75635629021748,185.3868466870672,1.1583699085034307,0.9179745033482838,ok
run_v2_000090,3.4,1.1,0.001,0.02,500,30,100,1,15,50,17563.55963,35.12711925,35.43311882,16.41306324,0.836284399,70.66520691,203.5,246.8971952,237.5,114.5053237,0.2149626698,2.218840029,4.649229180499346,53.10497409669149,193.7922211033085,0.008506501627478073,3.0525296384713045,95.35924584098517,195.72767839089354,1.4278635203126095,0.8821565587856153,ok
run_v2_000091,3.4,1.1,0.0015,0.02,500,30,60,1,15,50,112034.1025,224.0682049,170.6711426,178.8066556,5.840281487,586.4190063,100.5,160.258,140.5,97.62272667,0.9135775138,3.488194008,2.6948684485819396,59.467837876957965,100.79016212304205,3.2332004212138283,2.4287581047327884,67.34535180486621,96.22021720728353,0.29126381622022074,0.9939727318604112,ok
run_v2_000092,3.4,1.1,0.0015,0.02,500,30,65,1,15,50,73024.57528,146.0491506,127.2734604,101.8379442,2.897943497,340.2201538,122.5,179.0028988,160.5,102.8417657,0.749585458,3.05725287,3.0295706110876717,59.08523740786311,119.91766139213689,0.9185555027807997,2.556232062528837,73.2983450810642,114.06923474545496,0.38879230619881266,0.9898563759196897,ok
run_v2_000093,3.4,1.1,0.0015,0.02,500,30,70,1,15,50,52226.81141,104.4536228,96.15523148,66.96204599,1.880964994,231.3851166,119.5,192.2579505,175.5,105.6458086,0.6482895281,2.837301945,3.311799785743076,58.052407433459216,134.20554306654077,0.2941016316001319,2.7004626922146,75.55605501966394,128.48025273185218,0.48865274247367335,0.9841297015405681,ok
run_v2_000094,3.4,1.1,0.0015,0.02,500,30,75,1,15,50,39763.36367,79.52672735,76.44577026,47.31481358,1.796947718,169.5950012,126.5,203.8599869,187.5,108.2468438,0.5642445611,2.659942527,3.5467738626139043,57.47758238800121,146.38240451199874,0.1276521783304735,2.79029590021292,78.58549196215874,140.6912840760682,0.6363152072518847,0.9733591127368049,ok
run_v2_000095,3.4,1.1,0.0015,0.02,500,30,80,1,15,50,31490.48601,62.98097202,61.77263069,34.70798574,1.898533106,144.293045,156.5,214.5145478,199.5,110.5282859,0.4736226892,2.514773935,3.7667485568402537,56.94952677699997,157.56502102300004,0.07269486473704226,2.822901602895012,83.6195729678082,152.430253596414,0.8565885448751441,0.952897976261566,ok
run_v2_000096,3.4,1.1,0.0015,0.02,500,30,85,1,15,50,25675.74368,51.35148736,51.35286903,26.64825022,0.0,108.1283264,201.5,221.7591923,208.5,112.2553955,0.4139710719,2.428149885,3.9025530336417797,56.824132917178844,164.93505938282118,0.05032641433173161,2.830437173590971,87.74786608567999,160.61695598651107,0.9362231219041971,0.9440412720939347,ok
run_v2_000097,3.4,1.1,0.0015,0.02,500,30,90,1,15,50,21570.89202,43.14178403,42.54506111,21.54910037,0.0,95.22099304,151.5,228.5643955,216.5,113.0363637,0.3514318704,2.333265243,4.088658163426235,55.902055482297015,172.66234001770297,0.03337862657283001,2.8580131362945775,90.97198755190298,169.02714790626254,1.0777962390497942,0.9276378023365804,ok
run_v2_000098,3.4,1.1,0.0015,0.02,500,30,95,1,15,50,18210.4896,36.42097921,36.80059433,17.65202385,0.0,82.28787231,197.5,234.9300547,224.5,113.6184567,0.3073670633,2.301362853,4.275425939733755,54.94892392280099,179.98113077719904,0.01852021930421506,2.9301728474469377,92.26965263070191,178.09637815114175,1.1418594599456413,0.9196015955807075,ok
run_v2_000099,3.4,1.1,0.0015,0.02,500,30,100,1,15,50,15362.64427,30.72528853,31.10186958,14.81240918,0.0,64.88694,246.5,239.2641719,229.5,113.6863418,0.2640606461,2.275725493,4.4293373445235185,54.0180512996665,185.2461206003335,0.010972510560414447,2.992634738847807,92.96422380243453,185.24374181875322,1.3668232027092142,0.8890856891567978,ok
run_v2_000100,3.4,1.1,0.002,0.02,500,30,60,1,15,50,103475.7096,206.9514193,153.1991272,171.2610706,7.761782646,548.6849976,97.5,155.4399457,136.5,95.29640542,0.9446025228,3.613229365,2.6605549496574636,58.42388097265659,97.01606472734342,3.274799664722812,2.4246468238351957,65.34074641501022,93.08748684716525,0.2525124996768229,0.9953825618627719,ok
run_v2_000101,3.4,1.1,0.002,0.02,500,30,65,1,15,50,66758.99906,133.5179981,112.5605545,96.76294592,1.827435255,317.7825928,107.5,173.5068377,155.5,101.3334831,0.7887301591,3.154555036,2.9317521173570578,59.181960395892716,114.32487730410729,1.1212468490204608,2.5064872541010907,72.06536449669318,108.56555307641754,0.4089547417340984,0.9887197380960886,ok
run_v2_000102,3.4,1.1,0.002,0.02,500,30,70,1,15,50,47515.60893,95.03121786,86.42562485,63.31164856,1.90577817,227.4356689,114.5,187.2057957,170.5,104.2089536,0.6868228437,2.931992436,3.2272195355925604,58.00838574362018,129.19740995637983,0.3207253307034341,2.6764813507753753,73.82056553585842,123.75880142455804,0.508639896180146,0.982771670370157,ok
run_v2_000103,3.4,1.1,0.002,0.02,500,30,75,1,15,50,36024.18224,72.04836448,68.36497116,44.29674911,0.9468485117,166.4820251,141.5,198.175796,181.5,106.8726004,0.5902215211,2.720642046,3.4384955703278606,57.63444853910454,140.54134746089545,0.16903624723682448,2.7187541274498903,78.27188236099343,134.5301208712297,0.6223124274661723,0.9747741388804706,ok
run_v2_000104,3.4,1.1,0.002,0.02,500,30,80,1,15,50,28339.48951,56.67897902,55.6125145,33.07347738,0.8660196066,123.2610016,174.5,207.7471807,192.5,108.3670228,0.5206988556,2.605200513,3.6751578201154818,56.527417560934055,151.21976313906595,0.06614987492800957,2.8484986964158305,79.13310142209804,146.27743482208993,0.7552785360111117,0.9628860578900821,ok
run_v2_000105,3.4,1.1,0.002,0.02,500,30,85,1,15,50,23100.83497,46.20166994,45.65175819,25.16278794,0.0,103.6995697,153.5,215.7276236,201.5,110.5127217,0.4484205533,2.483373897,3.810543898741842,56.61334164690466,159.11428195309531,0.04959951929353158,2.8330766031887022,84.24568067468303,154.42878616446808,0.8718339850642449,0.9512507016420502,ok
run_v2_000106,3.4,1.1,0.002,0.02,500,30,90,1,15,50,18970.5504,37.9411008,37.14021683,19.6335734,0.0,76.5014267,219.5,224.3004722,212.5,111.426093,0.3727441734,2.395678674,4.0521598583920335,55.353312810567715,168.9471593894323,0.026141941858029486,2.9008025146536247,87.16266157890772,165.67900631309067,0.9818542051294813,0.9391801691141436,ok
run_v2_000107,3.4,1.1,0.002,0.02,500,30,95,1,15,50,15900.08117,31.80016234,32.27916336,16.0992131,0.0,70.56880951,185.5,229.4745713,216.5,112.3861731,0.3581716673,2.356295778,4.169110135667583,55.04161891450132,174.43295238549868,0.015602644955457422,2.963961287050903,87.31358460424944,171.48049999638963,0.9842727655225424,0.9384871171194742,ok
run_v2_000108,3.4,1.1,0.002,0.02,500,30,100,1,15,50,13472.7232,26.94544641,27.10077095,13.54910605,0.0,57.88755417,167.5,233.0091864,221.5,112.6082518,0.3090923375,2.319546371,4.281595687829931,54.42110918186616,178.58807721813386,0.010634761482877567,2.9964611038899527,88.78844337099478,177.2626736651268,1.3037212766386679,0.8967113275370797,ok
run_v2_000109,3.4,1.1,0.0025,0.02,500,30,60,1,15,50,95749.61657,191.4992331,134.6593704,163.7870647,7.437942505,516.2702637,88.5,151.5017531,132.5,93.44656063,0.9741663003,3.720037346,2.628504189958777,57.63801088039202,93.86374221960799,3.383915645265071,2.414452421799925,63.6863748066901,90.08134708098054,0.2731558596764743,0.994502983258701,ok
run_v2_000110,3.4,1.1,0.0025,0.02,500,30,65,1,15,50,61240.51289,122.4810258,101.4743347,93.15038448,2.757247925,307.4303589,107.5,168.5222645,150.5,98.64148958,0.8310607669,3.305720173,2.9187394543366154,57.73802942554958,110.78423507445044,0.9002315380320614,2.561862469365312,68.03360819474644,106.25913929487879,0.3781956265877523,0.9900871358271499,ok
run_v2_000111,3.4,1.1,0.0025,0.02,500,30,70,1,15,50,43147.4941,86.2949882,78.28577042,59.73663528,3.733759403,208.2609711,99.5,181.3324535,163.5,102.730366,0.7233757518,3.00874693,3.1156840049558423,58.199885871471736,123.13256762852826,0.4040883643893324,2.6196348096663478,72.6322939611251,117.63779160535707,0.4902573923498189,0.9839139429531374,ok
run_v2_000112,3.4,1.1,0.0025,0.02,500,30,75,1,15,50,32517.17143,65.03434285,61.24708557,42.02807124,0.9323313236,151.7767639,130.5,193.0287579,176.5,105.0877377,0.6366627176,2.820029353,3.3739601332045344,57.21133335285272,135.81742454714725,0.1459152747123782,2.753046469945511,74.38177854459414,130.39471430586948,0.6092243964052202,0.9754627246490787,ok
run_v2_000113,3.4,1.1,0.0025,0.02,500,30,80,1,15,50,25520.01533,51.04003066,48.60617065,31.03890385,0.9186831713,120.4942398,145.5,202.3989704,186.5,106.8763332,0.5564069795,2.672891496,3.5863569057122713,56.435813757862,145.963156642138,0.06842110651723611,2.837711731054863,76.70187858941452,140.95594207771288,0.7208620151840179,0.9660095373992583,ok
run_v2_000114,3.4,1.1,0.0025,0.02,500,30,85,1,15,50,20825.60131,41.65120262,40.7764473,23.95275166,0.0,89.09749603,155.5,209.9552666,195.5,108.5471113,0.4938834525,2.56390398,3.741252375491802,56.11897983022345,153.83628676977656,0.0425187397141585,2.8699730949160065,79.8106015934185,149.24367766875315,0.791845813458393,0.9593822212153283,ok
run_v2_000115,3.4,1.1,0.0025,0.02,500,30,90,1,15,50,17011.12772,34.02225544,33.11235619,18.77785639,0.8219408393,73.09536743,190.5,216.0436536,202.5,110.0472291,0.4420355134,2.486057914,3.854116185732847,56.05530378138303,159.988349818617,0.02959232754712492,2.881705515533996,82.83259852676997,155.86655751383623,0.9934080476441179,0.9373545821727889,ok
run_v2_000116,3.4,1.1,0.0025,0.02,500,30,95,1,15,50,14229.85523,28.45971046,28.97966576,14.87216235,0.0,64.08665466,146.5,222.5942226,210.5,111.8177931,0.3865503524,2.391225628,3.9628345719966545,56.17045540405867,166.42376719594134,0.028741967991059415,2.817976365490443,89.04638256893583,161.8842189427455,1.140863168948772,0.9201743446001152,ok
run_v2_000117,3.4,1.1,0.0025,0.02,500,30,100,1,15,50,11997.77102,23.99554204,23.66758823,12.34955191,0.6548451185,51.72145081,163.5,228.4127861,216.5,112.1495485,0.3482184738,2.361983373,4.148067008202813,55.06487374681102,173.34791235318897,0.011898200622244962,2.9628553777866817,87.13705519220426,171.037437388513,1.2305892486305656,0.9065745661155231,ok
run_v2_000118,3.4,1.1,0.003,0.02,500,30,60,1,15,50,88501.10397,177.0022079,119.1089973,157.0617872,6.578653336,489.5269165,92.5,146.6294005,127.5,91.47219521,1.018911883,3.883248429,2.5695904794354805,57.06333428360669,89.56606621639332,3.545976193958568,2.4048956139629594,61.55242333266222,86.47472956884847,0.2440790930477599,0.9954712031824652,ok
run_v2_000119,3.4,1.1,0.003,0.02,500,30,65,1,15,50,56141.28499,112.28257,92.80523682,88.39625019,0.9067093134,287.9758301,98.5,163.4487358,145.5,97.14624902,0.8690912634,3.403579996,2.830812201722944,57.739166060015805,105.70956973998422,1.131067217273212,2.5046702049390803,67.1103458622962,100.97893786215378,0.33444674979601724,0.992159507651843,ok
run_v2_000120,3.4,1.1,0.003,0.02,500,30,70,1,15,50,39497.92542,78.99585083,70.76297379,56.99704726,0.9327279925,195.2527313,107.5,176.5860713,159.5,100.4026525,0.7562317787,3.12509624,3.093303379507106,57.086567218032656,119.49950408196732,0.36405830279558066,2.6429076039040273,69.82387297795147,114.7141718495054,0.4355537088202439,0.9871280219156072,ok
run_v2_000121,3.4,1.1,0.003,0.02,500,30,75,1,15,50,29498.43157,58.99686314,53.5571537,39.25335612,0.9233733416,136.0992126,159.5,188.013333,171.5,103.6198645,0.6645140214,2.915059856,3.292238253277734,57.10805796415705,130.90527503584295,0.15960011384743145,2.7245363412595127,73.19800156247167,126.232613802053,0.5734934715878205,0.9781747773758932,ok
run_v2_000122,3.4,1.1,0.003,0.02,500,30,80,1,15,50,22833.79902,45.66759803,41.15816307,28.76707701,1.385580182,103.7011871,124.5,197.2119174,181.5,105.5006944,0.5914231974,2.757210594,3.4942636858089533,56.43876224937607,140.77315515062398,0.07531995212890868,2.8077465520481657,75.19581241796216,135.93497062703173,0.6936094427281936,0.9685038736457892,ok
run_v2_000123,3.4,1.1,0.003,0.02,500,30,85,1,15,50,18350.29599,36.70059198,34.26023865,21.79693116,1.639209032,87.26963043,163.5,204.3269802,189.5,107.8654707,0.5392792183,2.63862587,3.588281838987928,56.94284601056596,147.38413418943404,0.051876212992365514,2.8156297851401217,78.47108740857979,142.47444357135143,0.7478323483370886,0.9634797163470176,ok
run_v2_000124,3.4,1.1,0.003,0.02,500,30,90,1,15,50,15159.30228,30.31860457,29.97798443,17.47838349,0.0,78.75189972,169.5,211.4834406,197.5,108.3801151,0.4789736869,2.562999965,3.8076192935135955,55.54217065773067,155.94126994226934,0.023776450145945066,2.925777625199325,79.0041326019473,152.14439086311063,0.9245104674645127,0.9451522159646543,ok
run_v2_000125,3.4,1.1,0.003,0.02,500,30,95,1,15,50,12578.33922,25.15667844,24.22340107,14.17062784,0.0,60.69358826,149.5,216.0438114,201.5,109.857854,0.4609683472,2.516367012,3.8674208885321883,55.862503106558854,160.18130829344113,0.016596349974993506,2.950340502278678,80.26925889436316,156.55238670956948,1.0801599086922586,0.9258956590826136,ok
run_v2_000126,3.4,1.1,0.003,0.02,500,30,100,1,15,50,10632.99709,21.26599417,21.3192358,11.16370628,0.8489865661,46.95821381,146.5,222.6031138,210.5,111.5012271,0.3730996809,2.414032006,3.985686871720393,55.85062774987011,166.75248605012985,0.013951134426918754,2.917014072381717,85.86249546883474,164.5996121035676,1.18437753212863,0.9119967345868122,ok
run_v2_000127,3.4,1.1,0.0035,0.02,500,30,60,1,15,50,82750.75611,165.5015122,108.4685631,151.389919,5.130138874,463.6135254,75.5,142.633286,124.5,89.13417157,1.043869317,4.014496167,2.5606682133988183,55.70158806738981,86.93169793261019,3.3489146023832914,2.419115574162919,59.593169154751585,84.56959446123325,0.2133854281037543,0.9964527892672018,ok
run_v2_000128,3.4,1.1,0.0035,0.02,500,30,65,1,15,50,51487.48079,102.9749616,80.80023956,84.19604154,2.671243429,279.1408691,94.5,159.412294,141.5,94.64217724,0.8912142887,3.499496784,2.837096954961992,56.1885252885676,103.22376871143241,0.9646605160309337,2.54044976391141,64.40072713132122,99.2060849051669,0.3614492268170517,0.9906688124632512,ok
run_v2_000129,3.4,1.1,0.0035,0.02,500,30,70,1,15,50,35847.7058,71.69541159,60.55961227,53.53647711,4.505620003,172.2426758,105.5,172.2478353,154.5,98.66211693,0.7827582615,3.203153455,3.0479419136406958,56.512833964822505,115.73500133517751,0.38717765006800087,2.6216129633174026,68.4258607144187,110.96026276065236,0.44867398793587326,0.9862767282008601,ok
run_v2_000130,3.4,1.1,0.0035,0.02,500,30,75,1,15,50,26937.61645,53.87523291,48.68596458,37.8282707,0.9026475549,133.061554,143.5,182.3630986,165.5,101.315434,0.7066439008,3.012927793,3.239833617219866,56.287797506245894,126.07530109375409,0.15165592225838867,2.74111554950219,69.81848392239239,121.56204799994606,0.589851874662983,0.9766206175299809,ok
run_v2_000131,3.4,1.1,0.0035,0.02,500,30,80,1,15,50,20672.78403,41.34556807,39.30268288,27.16967235,0.8893789649,99.5919342,128.5,192.4490385,176.5,103.872527,0.6275055002,2.844497138,3.432654526754564,56.06420249985156,136.38483600014843,0.06948622572061357,2.8234643894278117,72.43927325957891,132.09043518487246,0.7223300502854898,0.9656233310197224,ok
run_v2_000132,3.4,1.1,0.0035,0.02,500,30,85,1,15,50,16471.3802,32.94276041,30.82448196,20.83670131,1.528113127,72.83576965,169.5,199.1074376,182.5,105.460303,0.588452939,2.740875189,3.5644861944449695,55.85866426142892,143.24877333857108,0.040247190546097524,2.876488774085858,73.71589353550381,138.32704669108116,0.7338554074636593,0.9645879741140461,ok
run_v2_000133,3.4,1.1,0.0035,0.02,500,30,90,1,15,50,13475.94943,26.95189887,25.98733044,16.2158856,0.8467857242,62.45626068,132.5,204.8102205,190.5,106.9990712,0.5262338205,2.646381378,3.6638968177093063,55.89956013773575,148.91066036226425,0.027691975954952614,2.8890106358212826,76.71449175341841,144.91449084383146,0.8572152817147558,0.9523587826002301,ok
run_v2_000134,3.4,1.1,0.0035,0.02,500,30,95,1,15,50,11206.93338,22.41386676,21.47722435,13.25172302,0.0,58.67419815,188.5,210.8210439,196.5,107.7309518,0.4856404246,2.577502522,3.8295427782879887,55.05123094466341,155.7698129553366,0.015184180114670367,2.96478623079875,77.37843134616965,152.0320764697605,1.0736735179386443,0.927276296549526,ok
run_v2_000135,3.4,1.1,0.0035,0.02,500,30,100,1,15,50,9362.772224,18.72554445,19.04990578,10.5022682,0.0,47.08710098,143.5,217.3231567,203.5,109.3073189,0.425317091,2.505138141,3.9528790439294763,54.978448438423115,162.34470826157687,0.010284483313717821,2.9831059178217263,80.63666618194459,159.9110498988294,1.1741962103191435,0.9139883922779146,ok
run_v2_000136,3.4,1.1,0.004,0.02,500,30,60,1,15,50,77047.46753,154.0949351,96.43621445,145.6353564,3.438669205,452.3349915,72.5,138.5909624,120.5,87.07913557,1.068436842,4.113288977,2.533037404087138,54.71335013702481,83.87761226297518,3.468426787277914,2.4112512765227625,57.88498812542481,81.69026338351071,0.25439807176736084,0.9948245382427466,ok
run_v2_000137,3.4,1.1,0.004,0.02,500,30,65,1,15,50,47373.28792,94.74657584,69.90600586,79.84004282,3.613256216,249.999649,112.5,155.6322525,138.5,92.8356207,0.924783875,3.636470508,2.81041150953913,55.377033566704114,100.25521893329588,0.8686704750492248,2.5629767096144356,62.15404497959858,97.14532471144062,0.3399935328042741,0.9915343131212315,ok
run_v2_000138,3.4,1.1,0.004,0.02,500,30,70,1,15,50,33025.40328,66.05080656,54.46913147,51.50846792,2.716304779,172.9360809,82.5,167.2994041,149.5,96.64822493,0.8295050998,3.346472798,2.9964085250679147,55.833309343627676,111.46609475637234,0.34035246391779533,2.6571861229615417,65.00976156054674,107.7332747151767,0.44534267635228053,0.9860515901699137,ok
run_v2_000139,3.4,1.1,0.004,0.02,500,30,75,1,15,50,24645.68042,49.29136083,41.29661179,35.98667576,0.8199429512,130.0907745,121.5,177.2514576,160.5,99.5464996,0.7466739766,3.111441115,3.1704991696508755,55.90648289604136,121.34497470395864,0.1628070668041516,2.724632507990267,67.80976080749572,116.94691784765145,0.5304338386423287,0.9808141577701018,ok
run_v2_000140,3.4,1.1,0.004,0.02,500,30,80,1,15,50,18998.9395,37.99787901,33.76352119,26.15790168,0.7771257162,90.60463715,114.5,185.5415935,169.5,101.7923827,0.6786066891,2.988938788,3.322400656363043,55.84564075517256,129.69595274482745,0.08594423686002484,2.7782609294914473,70.67482489142779,125.67827980307565,0.6704065542993918,0.9702529918189572,ok
run_v2_000141,3.4,1.1,0.004,0.02,500,30,85,1,15,50,14855.01244,29.71002487,26.94635773,19.34939928,0.0,70.19396973,125.5,192.6810475,177.5,103.8868869,0.6115995603,2.822571245,3.439984872592446,56.01217872646966,136.66886877353036,0.0613450130087693,2.7689342006307087,74.51683656812786,131.81538072817042,0.7429524278592583,0.9643953600122894,ok
run_v2_000142,3.4,1.1,0.004,0.02,500,30,90,1,15,50,12036.66854,24.07333709,22.72617435,15.09380463,0.0,60.8758316,152.5,200.6798477,184.5,105.6939472,0.5675322503,2.71734485,3.6050167852483894,55.66682755020043,145.01302014979962,0.02562360059288192,2.900584711935749,74.08153616522576,140.79823507234335,0.8514397382582497,0.952810873964486,ok
run_v2_000143,3.4,1.1,0.004,0.02,500,30,95,1,15,50,10010.94468,20.02188937,19.06424522,11.90137827,0.7364631295,49.42869568,140.5,206.1671049,192.5,107.4719382,0.5056059536,2.63159192,3.680006470972326,56.023571297016446,150.14353360298355,0.022198844969087833,2.8614801820184734,78.65919913981828,146.4225403322163,1.0110484437491059,0.9353551144160829,ok
run_v2_000144,3.4,1.1,0.004,0.02,500,30,100,1,15,50,8365.052641,16.73010528,16.28444099,9.640003334,0.7600358725,41.19064331,150.5,211.2035706,198.5,108.2650704,0.4497604491,2.549059564,3.8056232081636727,55.4977618769337,155.7058087230663,0.013721822493156918,2.9101662906851393,80.06720354106291,152.94167319356418,1.1395081078303548,0.9188276621343235,ok
run_v2_000145,3.4,1.1,0.0045,0.02,500,30,60,1,15,50,71600.05768,143.2001154,84.54621124,138.8124631,3.057008028,439.0070496,63.5,135.2062001,117.5,85.38056801,1.092359664,4.218652899,2.5076974323822827,53.91647267890518,81.28972742109484,3.5199901126839754,2.404398284653752,56.54590931780292,79.41297805010905,0.23699307126904903,0.9953996296345178,ok
run_v2_000146,3.4,1.1,0.0045,0.02,500,30,65,1,15,50,43989.26752,87.97853505,62.31035995,76.80513678,2.755529404,249.9638062,91.5,150.7036301,132.5,90.92548665,0.9587978367,3.750027501,2.74711068967489,54.8589580559767,95.8446720440233,0.9734029844085287,2.5385124126943435,60.42704375094814,92.96775687325787,0.3232427450400629,0.9921382705169146,ok
run_v2_000147,3.4,1.1,0.0045,0.02,500,30,70,1,15,50,30425.78399,60.85156798,47.23337936,49.31577104,0.8880781531,166.3390045,113.5,163.2634934,145.5,94.5636606,0.8695571523,3.474821852,2.9807779081490313,54.77210930531267,108.49138409468732,0.291610642655288,2.696778522727395,62.02382618997003,105.24069617651804,0.3714638822809653,0.9899931426313692,ok
run_v2_000148,3.4,1.1,0.0045,0.02,500,30,75,1,15,50,22241.63603,44.48327206,36.65411377,33.74675065,0.8867631555,120.9003296,97.5,172.5560053,155.5,97.5618868,0.7825976476,3.229934961,3.1282379108900407,55.16076788766513,117.39523741233488,0.15041228666933804,2.739214944904803,65.38649182617988,113.72116377898779,0.5217260658259177,0.9811259672367694,ok
run_v2_000149,3.4,1.1,0.0045,0.02,500,30,80,1,15,50,17073.23852,34.14647703,29.75330353,24.41924257,1.978227496,87.51305389,136.5,181.9253642,165.5,100.1943357,0.7114674391,3.059827474,3.2968574210042036,55.18144735072788,126.74391684927208,0.07117282798807704,2.8169810195637632,67.72312805072796,123.051638253659,0.6646209212186561,0.970255234664946,ok
run_v2_000150,3.4,1.1,0.0045,0.02,500,30,85,1,15,50,13341.80864,26.68361728,23.81031322,18.32662053,0.0,65.59879303,133.5,187.9678046,171.5,101.8806709,0.6528604135,2.919634254,3.403951359866868,55.22047312901428,132.74733147098573,0.04432159694879661,2.8456260585064386,69.78921594039541,128.8047955423267,0.7906312750748886,0.9587635558403973,ok
run_v2_000151,3.4,1.1,0.0045,0.02,500,30,90,1,15,50,10761.93789,21.52387579,20.28659725,14.19519251,0.0,49.81447601,133.5,193.7996781,178.5,103.2725846,0.6123277773,2.845406713,3.5215674436758873,55.03222107758577,138.76745702241422,0.026922963322994962,2.8884490807194405,71.49392909919023,135.01264468438663,0.7871774252138495,0.9594682718384446,ok
run_v2_000152,3.4,1.1,0.0045,0.02,500,30,95,1,15,50,8996.028346,17.99205669,17.23424149,11.34567541,0.0,44.77243805,140.5,200.1039028,185.5,105.5418477,0.5618642096,2.750955782,3.594692389947876,55.66648855951247,144.43741424048753,0.019868395300827252,2.888936122051287,74.7279476763356,141.15631969258885,1.043327171390651,0.9310446736673298,ok
run_v2_000153,3.4,1.1,0.0045,0.02,500,30,100,1,15,50,7443.884236,14.88776847,14.50920343,9.066861845,0.0,34.50932312,117.5,206.0261521,191.5,106.5727465,0.5146995762,2.650914213,3.737252029745157,55.127711607410355,150.89844049258963,0.011765355134371729,2.9461415534530144,75.78897175434331,147.49606722460433,1.0500604085720038,0.9301149656087512,ok
run_v2_000154,3.4,1.1,0.005,0.02,500,30,60,1,15,50,67075.63025,134.1512605,73.52247238,133.9825605,1.557254553,424.2077942,67.5,131.9446016,114.5,83.1989383,1.117471182,4.347462504,2.515056140161139,52.46189120515868,79.48271039484132,3.0847104238003955,2.4404427790506458,54.18926793125761,78.05653969362075,0.2175948302912003,0.9959744950871441,ok
run_v2_000155,3.4,1.1,0.005,0.02,500,30,65,1,15,50,40891.13061,81.78226122,55.3649025,73.93939403,2.137135983,238.7055511,85.5,146.6081738,129.5,88.62193864,0.9878455453,3.874856947,2.736742117013649,53.57032834353418,93.03784545646583,0.8997320151173107,2.5598411730767845,58.1484391328747,90.70232950960727,0.32905765746886617,0.9916260862638574,ok
run_v2_000156,3.4,1.1,0.005,0.02,500,30,70,1,15,50,27759.83688,55.51967375,42.63615036,46.34593091,2.086501122,159.4063721,99.5,158.2522317,141.5,92.88056096,0.8935638786,3.559335572,2.9030199946605073,54.512966493882786,103.73926520611724,0.3822363918435208,2.624062868970792,61.91452921270124,100.5530879441555,0.4278900690508409,0.9867371708754156,ok
run_v2_000157,3.4,1.1,0.005,0.02,500,30,75,1,15,50,20398.1974,40.7963948,33.43715286,31.63989754,0.8747503161,115.2710342,98.5,168.6200654,152.5,96.13950564,0.7970308235,3.298221701,3.0762012025660646,54.814381211262365,113.80568418873762,0.18655787479827227,2.677165004608517,65.60214880216505,110.02562819811178,0.5412967075725907,0.9798491105506287,ok
run_v2_000158,3.4,1.1,0.005,0.02,500,30,80,1,15,50,15608.53427,31.21706854,26.07270908,23.07371217,0.772300005,79.3896637,106.5,176.7306524,160.5,98.69350266,0.7477911159,3.14636449,3.2066136455366707,55.1144203624262,121.6162320375738,0.08804996261562247,2.7649443873452046,66.71518446665694,117.74859037512614,0.6078563349401389,0.9748789417565442,ok
run_v2_000159,3.4,1.1,0.005,0.02,500,30,85,1,15,50,12134.08483,24.26816966,21.32246685,17.21998076,1.225993156,65.9201355,108.5,183.77011,167.5,100.4305231,0.6872945237,3.004621147,3.3482532655111212,54.88536721308833,128.8847427869117,0.04304476540097951,2.848807997825207,67.72590650454718,125.21219760556906,0.7381356231735886,0.9634929366365009,ok
run_v2_000160,3.4,1.1,0.005,0.02,500,30,90,1,15,50,9829.986684,19.65997337,18.10734844,13.48106671,0.0,53.65759277,134.5,189.8168113,174.5,101.8594683,0.6431313009,2.905106906,3.4726941644243534,54.65981232800693,135.15699897199306,0.0286485333866804,2.8694967866304832,70.08409372758274,131.02198801762555,0.8708222418806337,0.9508874925548745,ok
run_v2_000161,3.4,1.1,0.005,0.02,500,30,95,1,15,50,8057.589447,16.11517889,14.09438753,10.70997479,0.0,37.54687119,169.5,195.7230894,181.5,103.1131856,0.5909276126,2.81799219,3.602929100826511,54.32332525086357,141.39976414913642,0.014235259050076858,2.9645892577763293,70.39270478025117,138.2927516371019,1.0122593080084015,0.934165300769604,ok
run_v2_000162,3.4,1.1,0.005,0.02,500,30,100,1,15,50,6717.475105,13.43495021,12.30635548,8.621903825,0.2253910005,37.07888794,112.5,200.457913,186.5,104.7122529,0.5536070806,2.732378624,3.6648094772604387,54.69804480800694,145.75986819199304,0.011817721967714027,2.944532251477032,73.15472218014129,142.2517166271269,1.1090297773555071,0.9226911628695523,ok
run_v2_000163,3.4,1.1,0.001,0.03,500,30,60,1,15,50,128098.2437,256.1964874,142.736084,251.5549338,3.663371801,790.9152832,76.5,135.4845339,118.5,84.0124042,1.100643759,4.299096638,2.600714127438965,52.09512743848454,83.38940646151546,3.8443974259945257,2.537744179859461,53.550432557372076,82.3468659940555,0.21203053638113822,0.996197962854971,ok
run_v2_000164,3.4,1.1,0.001,0.03,500,30,65,1,15,50,84692.37395,169.3847479,121.0670357,148.4838059,3.637713432,483.1869202,103.5,153.2829963,135.5,90.44298891,0.9581108093,3.758347548,2.8723552362154847,53.36491613828391,99.9180801617161,0.945235116461319,2.709369336819581,57.18076070927311,97.74303901244932,0.290082298363441,0.9934788147421161,ok
run_v2_000165,3.4,1.1,0.001,0.03,500,30,70,1,15,50,61943.78316,123.8875663,99.61370087,98.57174184,3.913142204,322.0045776,82.5,167.8279784,151.5,94.8229743,0.8316809288,3.394527572,3.1325757322000363,53.575074554425186,114.25290384557482,0.33312487997711093,2.8219774966626523,61.12977967183106,111.37708293802224,0.36994606732385804,0.9900908001360399,ok
run_v2_000166,3.4,1.1,0.001,0.03,500,30,75,1,15,50,47921.34414,95.84268827,84.61637878,70.86795807,2.419763088,249.207489,155.5,179.1934887,163.5,98.13629593,0.7446650306,3.172414599,3.3341499340308927,53.744880178006916,125.44860852199308,0.14210645486028198,2.9164110160427437,63.91550937717691,122.48838626640512,0.49072715419805935,0.9831985077164426,ok
run_v2_000167,3.4,1.1,0.001,0.03,500,30,80,1,15,50,38672.21875,77.34443751,67.60302353,53.74078134,1.921372652,181.8041382,144.5,188.9819602,173.5,100.5834173,0.6575182213,2.95721673,3.5301074565869244,53.53433642575763,135.44762377424237,0.06936071122345999,2.9945193860197223,66.37186961030156,132.37998062411972,0.6109200153798579,0.9746256206261438,ok
run_v2_000168,3.4,1.1,0.001,0.03,500,30,85,1,15,50,31784.22647,63.56845295,57.82745743,41.61419993,1.864070773,153.7038116,147.5,197.9843884,183.5,102.6272711,0.5819844224,2.811784148,3.721656880157697,53.19791554551124,144.78647285448878,0.03604529415384944,3.0642100087021897,68.74032827202316,141.8944736205843,0.6608787571653814,0.9707434592952786,ok
run_v2_000169,3.4,1.1,0.001,0.03,500,30,90,1,15,50,26740.5561,53.4811122,50.72679901,33.38305471,0.9585193992,123.9757309,158.5,205.2658365,191.5,104.6335855,0.5291912321,2.684882306,3.848496815793513,53.33662630501013,151.92921019498988,0.025346825850459182,3.0763364910124227,71.55488727445514,148.57202355823165,0.7659960980451823,0.9614225168545238,ok
run_v2_000170,3.4,1.1,0.001,0.03,500,30,95,1,15,50,22845.61831,45.69123662,42.55389786,27.94791634,0.0,104.2136307,147.5,211.5704842,198.5,105.319144,0.4850973986,2.61919748,4.035482967979924,52.42754978245086,159.14293441754916,0.010819472231467913,3.2152906198437092,70.81002003542226,156.86477317541605,0.9062687120442047,0.9462368515615978,ok
run_v2_000171,3.4,1.1,0.001,0.03,500,30,100,1,15,50,19403.99293,38.80798586,39.13105392,22.13419428,0.0,81.95348358,182.5,217.8383909,205.5,107.8150444,0.4310988088,2.521283301,4.082348800177249,53.36104325297774,164.47734764702224,0.012072207293401941,3.119456343660014,76.53390819678405,162.21027723276708,0.9252906149208221,0.9447670651344448,ok
run_v2_000172,3.4,1.1,0.0015,0.03,500,30,60,1,15,50,119367.5115,238.735023,128.1795044,240.9972241,3.831248522,738.9312134,99.5,132.0383915,115.5,82.46016226,1.145016798,4.487634287,2.563964927018538,51.49773700435854,80.54065449564146,3.8898326132779686,2.5354717313669908,52.04352001863059,79.91135378943935,0.19596010546860182,0.9966519842848497,ok
run_v2_000173,3.4,1.1,0.0015,0.03,500,30,65,1,15,50,78513.37992,157.0267598,107.9756279,141.3321739,3.32446599,439.0941772,106.5,149.4827417,132.5,88.29718785,0.9739578294,3.864900377,2.866080374691331,52.15580938343325,97.32693231656675,0.9673447899605778,2.698967808139431,56.19686802457278,95.4766696920093,0.28372565388985427,0.9937005836544389,ok
run_v2_000174,3.4,1.1,0.0015,0.03,500,30,70,1,15,50,56926.59449,113.853189,89.35277939,93.151772,4.3878932,308.8024902,107.5,163.5938536,146.5,93.43899843,0.8594163373,3.474755458,3.065332686541172,53.36903701131191,110.22481658868807,0.38658173783059757,2.782416981733617,60.29408662621221,107.46920390067842,0.3930591228526744,0.98870730126449,ok
run_v2_000175,3.4,1.1,0.0015,0.03,500,30,75,1,15,50,43655.93823,87.31187645,70.76161194,66.94017599,1.382362485,220.2476501,128.5,174.8016798,159.5,95.97569513,0.7680575165,3.26059712,3.3171771945495685,52.695912683596,122.105767116404,0.1288997279543888,2.93700651118876,61.74181323429424,119.5942942474283,0.47339423992046703,0.9841328576308538,ok
run_v2_000176,3.4,1.1,0.0015,0.03,500,30,80,1,15,50,35267.69246,70.53538491,60.59884644,50.77414825,1.904727459,173.6280823,141.5,184.9795414,169.5,99.15718411,0.7007354803,3.071400204,3.4801585226050626,53.152619398938775,131.82692200106118,0.058506450338321185,3.034202336751664,63.578105772170105,129.33073132799288,0.5651672623302666,0.9777573308458049,ok
run_v2_000177,3.4,1.1,0.0015,0.03,500,30,85,1,15,50,28550.89045,57.1017809,51.2481041,39.24721468,0.9412592649,150.4405365,144.5,192.457671,178.5,100.7930257,0.6281513803,2.930261915,3.645939744890012,52.78684906127156,139.67082193872844,0.03051699077894699,3.1036946518648123,65.4489572153651,137.68462126409247,0.7179696057566225,0.9650135018322594,ok
run_v2_000178,3.4,1.1,0.0015,0.03,500,30,90,1,15,50,23722.3942,47.44478839,42.20355225,30.72264236,1.810731888,111.9514694,149.5,200.6673163,186.5,103.2448146,0.5586159394,2.767915158,3.777607113590997,53.12021876971887,147.54709753028115,0.020843959096473977,3.113410714956227,68.7396154616594,145.27503985864172,0.8057701485016395,0.9568123496872306,ok
run_v2_000179,3.4,1.1,0.0015,0.03,500,30,95,1,15,50,20331.99902,40.66399803,38.83179665,25.15571503,1.831784725,95.13412476,161.5,206.5331554,192.5,105.036375,0.515639051,2.674145972,3.8663406035811896,53.418251668955165,153.11490373104485,0.0166070916139843,3.1047331343700284,71.55440812873607,150.6029336987869,0.8361931263550444,0.9540054618169561,ok
run_v2_000180,3.4,1.1,0.0015,0.03,500,30,100,1,15,50,17566.71376,35.13342752,32.36687469,21.23074367,1.842487574,90.26543427,197.5,210.8816001,197.5,106.1406563,0.4805116583,2.654677452,3.9474245617517325,53.42257889949845,157.45902120050155,0.00809162964263058,3.219856689706649,70.8025581373274,157.17153232949016,0.9791242407310707,0.9363667959607738,ok
run_v2_000181,3.4,1.1,0.002,0.03,500,30,60,1,15,50,111529.1202,223.0582405,114.7620659,231.4218274,2.929061174,710.7294312,80.5,128.6393218,111.5,80.43956462,1.16635692,4.600533276,2.5574553541601244,50.299733127597655,78.33958867240234,3.570909679734244,2.559887482232397,50.083188106238666,78.12413819721216,0.16740728012362077,0.9974592378188167,ok
run_v2_000182,3.4,1.1,0.002,0.03,500,30,65,1,15,50,72651.61279,145.3032256,94.0200119,135.1747897,2.933524609,426.1204834,93.5,145.0718663,128.5,86.45962306,1.008958154,3.988872529,2.8153975002637632,51.52802269889378,93.54384360110622,0.9936328738046323,2.695739691753311,54.32442867449327,92.12008993515995,0.29324001267730393,0.993046855953299,ok
run_v2_000183,3.4,1.1,0.002,0.03,500,30,70,1,15,50,52137.97528,104.2759506,75.8346405,87.96462547,3.493999481,295.8106689,100.5,159.2624986,143.5,91.29426969,0.8824191676,3.592702442,3.0432666877608145,52.33274469191615,106.92975390808385,0.35211255429551813,2.801995452734653,58.33191854618404,105.11385196951183,0.3687328787244098,0.9898404987696273,ok
run_v2_000184,3.4,1.1,0.002,0.03,500,30,75,1,15,50,40042.56324,80.08512647,62.99523354,63.41421966,2.561261654,208.17276,120.5,169.9962375,153.5,94.81715169,0.814806011,3.367808898,3.214436188028886,52.88524256076238,117.11099493923764,0.1451602527176886,2.910821521661008,60.11229875625007,114.86387417995888,0.4396963979691804,0.9859776201872633,ok
run_v2_000185,3.4,1.1,0.002,0.03,500,30,80,1,15,50,31599.99185,63.19998369,53.63092613,46.86956642,2.782480955,157.7466125,135.5,180.0682523,164.5,97.48008296,0.7236652052,3.140163734,3.4122631698376935,52.77091576396936,127.29733653603064,0.0672316368088145,2.994084340841997,62.601196535774214,124.83206572995962,0.5172839825881305,0.9812106386257564,ok
run_v2_000186,3.4,1.1,0.002,0.03,500,30,85,1,15,50,25869.2925,51.73858499,45.37848091,36.28656838,2.676657438,133.7853088,145.5,188.0886861,173.5,99.69329559,0.6473851025,2.97447287,3.5595364104723966,52.84078161038903,135.24790448961096,0.039515340518211456,3.0351721592837873,65.31169474729836,132.92054282534278,0.6450022960984325,0.9716353878067974,ok
run_v2_000187,3.4,1.1,0.002,0.03,500,30,90,1,15,50,21340.32049,42.68064099,39.46145439,28.67580597,1.616397858,100.2371368,123.5,195.034824,180.5,101.3230336,0.5898151189,2.843695888,3.705168450867558,52.63858488116322,142.39623911883677,0.023822766737590373,3.0795614897481283,67.28019995409632,139.9133128470925,0.7220265002000069,0.9651234063256832,ok
run_v2_000188,3.4,1.1,0.002,0.03,500,30,95,1,15,50,18191.44827,36.38289655,33.27307701,23.73166852,0.0,91.85925293,131.5,201.4522665,186.5,102.9863849,0.5576055013,2.76485589,3.826349964463902,52.64867781852903,148.80358868147096,0.011627571990625571,3.1889541655336058,67.07498007892404,146.82405704684442,0.8190280790488101,0.9549191361680557,ok
run_v2_000189,3.4,1.1,0.002,0.03,500,30,100,1,15,50,15613.83331,31.22766663,29.56585312,19.60454912,0.8589350581,79.43955994,163.5,207.0100475,194.5,104.366296,0.5038766202,2.672501799,3.9342532214309425,52.61736747710092,154.39268002289907,0.009258737195428787,3.1783130431356614,70.05759561626847,152.60737430164136,0.974265840155248,0.9382403014727008,ok
run_v2_000190,3.4,1.1,0.0025,0.03,500,30,60,1,15,50,104623.0662,209.2461324,105.4775238,220.9901881,1.78169167,696.0769043,90.5,125.9370855,110.5,78.46999997,1.152220553,4.596127167,2.575727839073119,48.893785899879354,77.04329960012063,3.7594444744344795,2.539372370352898,49.7401005941028,76.56853655313562,0.20493509413660485,0.996171176714293,ok
run_v2_000191,3.4,1.1,0.0025,0.03,500,30,65,1,15,50,67287.88129,134.5757626,82.11183167,128.2008986,1.993386626,398.3068848,104.5,142.0184138,126.5,84.52699613,1.026421946,4.096194557,2.8229191788817523,50.30906122372869,91.7093525762713,0.8902530511718182,2.718134980899767,52.87155821791219,90.84047366887347,0.27443722950833394,0.9937894763673883,ok
run_v2_000192,3.4,1.1,0.0025,0.03,500,30,70,1,15,50,48683.86996,97.36773992,69.6639595,85.13082917,2.570648909,273.7205811,92.5,155.1315632,139.5,89.29028955,0.9172580261,3.704040592,3.0185048282753706,51.393511697191734,103.73805150280825,0.358006389225095,2.8033143588054608,56.436606912288,101.77294360718847,0.3380526667127449,0.9912473818891242,ok
run_v2_000193,3.4,1.1,0.0025,0.03,500,30,75,1,15,50,36475.7017,72.9514034,57.02428627,59.47622748,2.534806967,200.5284119,120.5,166.0838117,150.5,92.55014685,0.8257040422,3.458360204,3.22033003597044,51.573537446434734,114.51027425356527,0.1291429706998267,2.931615598762932,58.492177574550524,112.98440260861315,0.4393796158340608,0.9858491634003271,ok
run_v2_000194,3.4,1.1,0.0025,0.03,500,30,80,1,15,50,29270.35355,58.54070709,48.62214088,44.72729735,0.0,160.3838043,122.5,175.9182381,160.5,95.75663145,0.7437674039,3.217022151,3.375079550094119,52.12269384734776,123.79554425265223,0.07334464531899615,2.9710710558539777,61.60648172197083,121.43075297517382,0.5379761917530365,0.9796367409970455,ok
run_v2_000195,3.4,1.1,0.0025,0.03,500,30,85,1,15,50,23443.45555,46.8869111,40.23548698,34.41038722,1.673163414,121.2182236,112.5,182.3070919,167.5,97.54068865,0.6862499421,3.063305485,3.493296847312165,52.1876897007112,130.11940219928877,0.043738951243163945,3.013570708685409,63.34678444613342,127.55322965014273,0.6303495651466434,0.9726655895442747,ok
run_v2_000196,3.4,1.1,0.0025,0.03,500,30,90,1,15,50,19360.31029,38.72062057,34.12540054,27.14131912,1.749895573,95.0496521,125.5,189.6140064,175.5,99.90655082,0.6367508198,2.946276756,3.6020762180806294,52.640198296813395,136.9738081031866,0.02364194637383166,3.0837716341102377,64.75959526933524,134.9442076587003,0.7550605609071132,0.9612886411116456,ok
run_v2_000197,3.4,1.1,0.0025,0.03,500,30,95,1,15,50,16305.35995,32.61071991,29.99326801,21.9109252,0.0,78.23547363,141.5,196.0670997,182.5,101.1252077,0.5766266619,2.856662788,3.759158140626709,52.15718316849331,143.9099165315067,0.013749346814408777,3.1401439701899405,66.57375272762471,142.4774154729421,0.8067518627202825,0.9566371884356102,ok
run_v2_000198,3.4,1.1,0.0025,0.03,500,30,100,1,15,50,13882.44259,27.76488519,26.59742832,18.0074005,0.83857131,65.72738647,145.5,202.2068377,189.5,102.666316,0.5301774682,2.748604419,3.8791423587219094,52.12668652011591,150.08015117988407,0.008759129631545818,3.183474846988398,68.03850225071663,148.56035829120327,0.8915558944182542,0.9476615072563073,ok
run_v2_000199,3.4,1.1,0.003,0.03,500,30,60,1,15,50,98385.20641,196.7704128,93.10030365,213.5309727,0.6590416431,673.4606934,65.5,122.725879,107.5,76.61216524,1.178861966,4.722399864,2.566119218596938,47.82547829835518,74.90040070164483,3.4779335281576693,2.564469202296812,47.80621188768008,74.79134617675123,0.17731236153240404,0.9970085328800614,ok
run_v2_000200,3.4,1.1,0.003,0.03,500,30,65,1,15,50,63020.47382,126.0409476,74.70326996,123.0077681,1.995714903,383.3804626,76.5,138.5307509,122.5,82.73025405,1.042593259,4.186280438,2.8039073603160025,49.40632235595239,89.12442854404757,0.9573753514046809,2.699142144245008,51.95764894473217,88.2834310378816,0.26354860904300526,0.9941675903893565,ok
run_v2_000201,3.4,1.1,0.003,0.03,500,30,70,1,15,50,44461.49366,88.92298732,60.40846825,79.98123321,1.55950582,247.5592194,97.5,151.5896125,135.5,87.28068224,0.9358209995,3.801280586,3.0164950777148665,50.25355871451847,101.33605378548152,0.31658998669896726,2.8282525334173814,54.66358592424947,99.9388394516878,0.35039286710269063,0.9903949851238422,ok
run_v2_000202,3.4,1.1,0.003,0.03,500,30,75,1,15,50,33615.59394,67.23118789,50.79026031,56.22473316,0.0,179.3770752,91.5,161.7027369,146.5,91.00627229,0.8475155381,3.522955111,3.1571272740851417,51.21831426541316,110.48442263458682,0.18587846089975726,2.839091901996794,58.78562696836939,108.1121705113325,0.4027595911556808,0.9881348994551926,ok
run_v2_000203,3.4,1.1,0.003,0.03,500,30,80,1,15,50,26355.18862,52.71037725,42.93316269,41.93695278,1.849790215,137.888916,122.5,170.5741242,155.5,93.49000274,0.7819492355,3.343109456,3.3288632540290175,51.24095259652054,119.33317160347947,0.07293373538746502,2.9709801073879363,59.56098353434888,117.39351372266205,0.5080499614432951,0.9815204675185338,ok
run_v2_000204,3.4,1.1,0.003,0.03,500,30,85,1,15,50,21389.88095,42.7797619,36.37726974,32.37297865,1.758844376,117.7851334,125.5,178.3854125,162.5,96.07188046,0.722492517,3.169757402,3.4476731852359492,51.74081269184794,126.64459980815208,0.0399211836840682,3.0323082719650616,61.32086874267065,124.62290878981334,0.59060240420158,0.9755458491205545,ok
run_v2_000205,3.4,1.1,0.003,0.03,500,30,90,1,15,50,17364.00931,34.72801861,30.56702137,25.19275759,0.6564673781,88.95423889,114.5,185.09835,170.5,97.73710718,0.6622155405,3.048734549,3.5866263391077378,51.607926920552266,133.49042307944777,0.020201027521939724,3.11418076809749,62.519553224560674,132.1776370574136,0.6784011374837019,0.9682735314429585,ok
run_v2_000206,3.4,1.1,0.003,0.03,500,30,95,1,15,50,14622.21535,29.2444307,25.81259918,20.55169445,0.8663697243,77.89919281,120.5,190.6511684,177.5,99.19097809,0.6165975058,2.954826247,3.6943207301240033,51.606555664050475,139.0446127359495,0.01463722813793491,3.123336418736911,64.74465484625792,137.47468355361067,0.8352222364541656,0.9535839641051056,ok
run_v2_000207,3.4,1.1,0.003,0.03,500,30,100,1,15,50,12552.2979,25.1045958,22.53097057,16.80860097,0.8791995049,63.47147369,135.5,196.3987427,183.5,101.7215153,0.5653845301,2.841021476,3.7277927926225707,52.68499447948926,143.71374822051072,0.011603077337565451,3.1139198372304104,67.51728903402227,142.72613664503893,0.9877149878886311,0.9362791050002393,ok
run_v2_000208,3.4,1.1,0.0035,0.03,500,30,60,1,15,50,92482.70071,184.9654014,83.83420181,204.9610297,1.042913556,649.1001587,79.5,119.6733423,104.5,75.0333596,1.192705394,4.80385454,2.543818117884325,47.044771581205445,72.62857071879456,3.75941742768417,2.5429470560657603,47.05396477272204,72.60177642229347,0.18443089833291743,0.9966899276390354,ok
run_v2_000209,3.4,1.1,0.0035,0.03,500,30,65,1,15,50,58585.76773,117.1715355,67.07951736,117.0327037,1.037684202,365.7974243,73.5,135.282984,119.5,81.15132167,1.064178661,4.291539098,2.779042276358413,48.67971428533696,86.60326971466303,1.004648606259105,2.6846835251034946,50.947362772694376,85.83018271062932,0.24944540372146332,0.9946573948350002,ok
run_v2_000210,3.4,1.1,0.0035,0.03,500,30,70,1,15,50,41357.78766,82.71557532,55.57124329,76.6870949,0.8908160925,241.0011749,101.5,147.5865822,131.5,85.27959477,0.9632322243,3.922836094,2.995045986176176,49.27690021495336,98.30968198504664,0.30149853990984954,2.8432359557918936,52.81638386712128,97.35305779878485,0.32228971296167463,0.9916271171700841,ok
run_v2_000211,3.4,1.1,0.0035,0.03,500,30,75,1,15,50,31000.69829,62.00139658,45.95183945,53.79935379,1.216021538,177.5107422,114.5,157.9699111,142.5,89.20406138,0.8842340179,3.635003507,3.1360248237730493,50.37265964940337,107.59725145059662,0.128657649988692,2.934775314839917,55.03012726486971,106.47093180456899,0.4210252128808619,0.9863753699344292,ok
run_v2_000212,3.4,1.1,0.0035,0.03,500,30,80,1,15,50,24179.85246,48.35970493,37.96528816,39.48061771,0.8509424329,129.4934082,106.5,165.8916725,150.5,91.9762904,0.8016625309,3.399000093,3.2530998393416795,50.99495271979449,114.8967197802055,0.08469784537260175,2.9333036903737058,58.558406648220014,113.2111836754079,0.4631350581523954,0.984358769634269,ok
run_v2_000213,3.4,1.1,0.0035,0.03,500,30,85,1,15,50,19514.11395,39.0282279,32.04307079,30.48396302,1.398001671,106.6202469,122.5,173.7747122,158.5,94.6616527,0.7518524614,3.256211454,3.3699618988919346,51.56577949950659,122.20893270049343,0.043398726143522345,3.00993815708983,60.00893927670322,120.61425681873239,0.6456016652215182,0.9704964961043225,ok
run_v2_000214,3.4,1.1,0.0035,0.03,500,30,90,1,15,50,16079.82439,32.15964878,27.61699295,24.15342228,0.0,80.32635498,176.5,180.117167,165.5,96.43628975,0.7084609332,3.141377124,3.4884237020502833,51.63282398698818,128.4843430130118,0.02770777294252584,3.0436233992897086,61.81028840240492,126.316951696,0.657399635917564,0.9700762299734029,ok
run_v2_000215,3.4,1.1,0.0035,0.03,500,30,95,1,15,50,13306.95896,26.61391791,22.5911808,19.06771505,0.0,75.98929596,135.5,186.7050927,172.5,98.70867829,0.6491562205,3.009157396,3.5776813329770922,52.18605999898747,134.51903270101252,0.019077685027832362,3.054100856008547,64.6119646906679,132.71949197949496,0.8286960049623895,0.9541237251534463,ok
run_v2_000216,3.4,1.1,0.0035,0.03,500,30,100,1,15,50,11305.30223,22.61060446,19.81065845,15.81548537,0.0,55.16394424,150.5,191.3369523,178.5,99.59135537,0.6104870927,2.942185151,3.691088161021148,51.83754598997879,139.49940631002121,0.01071062063319774,3.133477336019698,64.78230348784321,138.2115762664633,0.8854444605165622,0.9478557117075876,ok
run_v2_000217,3.4,1.1,0.004,0.03,500,30,60,1,15,50,87418.45343,174.8369069,72.20988846,197.6549229,0.8503143787,623.137085,72.5,117.0279889,102.5,73.40527492,1.200864009,4.866518147,2.5417038373411,46.043125552512855,70.98486334748712,3.73031608126231,2.545027159196339,45.992635317942835,71.05987068923443,0.18026665481138013,0.9967515855528809,ok
run_v2_000218,3.4,1.1,0.004,0.03,500,30,65,1,15,50,54418.28579,108.8365716,59.14422226,111.3811122,0.6798633337,351.6938477,73.5,131.8080737,116.5,79.12296053,1.066249584,4.326472502,2.775102116112701,47.496657126489346,84.31141657351064,1.0274926925623942,2.6768141555460025,49.83838573641614,83.56971069238458,0.2463656737333653,0.9946653317704439,ok
run_v2_000219,3.4,1.1,0.004,0.03,500,30,70,1,15,50,38152.11676,76.30423352,47.55608368,72.23446467,1.079399109,234.6669006,92.5,144.3182109,128.5,84.04048575,0.9827202453,3.998082425,2.948934760689899,48.93909923807096,95.37911166192904,0.3473221221360025,2.801600724777461,52.41859904284783,94.43738602741377,0.36095346785184745,0.9894028321232183,ok
run_v2_000220,3.4,1.1,0.004,0.03,500,30,75,1,15,50,28565.23052,57.13046104,40.60062027,50.82009372,0.939817667,160.4065247,130.5,153.6185748,138.5,87.24070757,0.899764839,3.728923721,3.1006240024555756,49.544406119007,104.074168680993,0.16322569674848478,2.8708007223529997,54.95561752496292,102.8110089630558,0.4018993152367531,0.9875765116812683,ok
run_v2_000221,3.4,1.1,0.004,0.03,500,30,80,1,15,50,22339.91287,44.67982574,34.03531265,37.29289869,0.0,123.8167496,119.5,162.5125223,148.5,90.27396655,0.811009882,3.484350352,3.240772993590952,50.14622209620654,112.36630020379347,0.08268590358330997,2.931445984135221,57.65565297660045,111.35877940434884,0.4999660505236352,0.9816960189453234,ok
run_v2_000222,3.4,1.1,0.004,0.03,500,30,85,1,15,50,17624.35293,35.24870587,28.21520805,28.08243514,0.8353539705,94.04460907,114.5,170.9271535,156.5,93.13706907,0.7596378547,3.300210132,3.368038028771988,50.749769462170036,120.17738403782998,0.04778093836844365,2.971822156218628,59.92684170906603,118.165074234143,0.6284375397768132,0.9722259735380405,ok
run_v2_000223,3.4,1.1,0.004,0.03,500,30,90,1,15,50,14609.43325,29.21886649,24.73415279,22.52233771,0.8165024519,76.853508,115.5,176.4776041,161.5,94.92407736,0.7254346103,3.202069324,3.4564193592169854,51.057926067159606,125.41967803284041,0.02376801139646491,3.0737553870079934,59.85734982786524,124.12950165755754,0.6421014365404639,0.9708848863286879,ok
run_v2_000224,3.4,1.1,0.004,0.03,500,30,95,1,15,50,12003.00496,24.00600991,20.77776146,17.82512095,0.0,64.73031616,123.5,182.2960117,167.5,96.9726691,0.689476519,3.123760671,3.533911226165641,51.584773932704174,130.71123776729584,0.017123407272218494,3.0772860047840673,62.19570467053381,129.19826686978294,0.7642777531005936,0.9601125264825476,ok
run_v2_000225,3.4,1.1,0.004,0.03,500,30,100,1,15,50,10206.24332,20.41248663,17.84267426,14.73037049,0.0,54.64554977,158.5,188.5792568,175.5,98.1639696,0.6329770361,3.005379749,3.690486449985224,51.098753336638055,137.48050346336194,0.00796449303002855,3.1948234867247156,62.27410108890135,136.68065968458987,0.8936531008619,0.94615926282043,ok
run_v2_000226,3.4,1.1,0.0045,0.03,500,30,60,1,15,50,82314.56169,164.6291234,66.13375092,190.0778577,0.4309593439,603.1203613,70.5,114.298212,99.5,71.76999509,1.210307448,4.925738566,2.5362557244538646,45.06572854541787,69.23248345458214,3.7612192419144543,2.543394574231371,44.900750255759746,69.29957432365744,0.157217674194601,0.9974516732430699,ok
run_v2_000227,3.4,1.1,0.0045,0.03,500,30,65,1,15,50,50770.17063,101.5403413,51.38458443,105.8499947,0.5709164143,337.3622742,86.5,129.2051682,114.5,77.7268063,1.077865461,4.388224577,2.7632369309101725,46.75862817070905,82.44654002929096,1.0404826068859945,2.6690992985272404,48.9955515473233,81.77844071859256,0.22142028961682586,0.9956035683516817,ok
run_v2_000228,3.4,1.1,0.0045,0.03,500,30,70,1,15,50,35223.99716,70.44799432,41.62956429,68.09316553,0.7210163474,227.7866058,97.5,141.0373749,125.5,82.38638466,0.9898740236,4.043448271,2.930606721638953,48.125657345494766,92.91171755450524,0.378106857457813,2.774550230863433,51.77420285541452,91.87592362984604,0.33378886587350687,0.9908016589666025,ok
run_v2_000229,3.4,1.1,0.0045,0.03,500,30,75,1,15,50,26560.65741,53.12131483,35.17523956,48.30293127,0.7913684249,155.0924683,96.5,150.5729687,135.5,85.864544,0.916078922,3.775221684,3.07514989860395,48.96443219511243,101.60853650488754,0.17806829971573357,2.845843599042633,54.230842092991715,100.10165274804055,0.38130247964041386,0.98867311263407,ok
run_v2_000230,3.4,1.1,0.0045,0.03,500,30,80,1,15,50,20277.78705,40.55557409,29.45937443,35.14684517,0.793454349,117.9285812,111.5,159.2781559,144.5,88.78865822,0.8589731415,3.572789192,3.2180845610500493,49.49470807194331,109.7834478280567,0.06760513754977034,2.983198419869264,54.70733937788676,108.49550900947659,0.4581114102842699,0.9839798950174454,ok
run_v2_000231,3.4,1.1,0.0045,0.03,500,30,85,1,15,50,16235.07957,32.47015913,25.17242622,26.84765276,0.8160945177,91.6272583,103.5,166.5785999,152.5,90.97492695,0.7909345828,3.422781034,3.3527022348293327,49.68487752043975,116.89372237956027,0.03847048451021907,3.0270737467927495,57.105535413893854,115.75713163404787,0.6124803515696734,0.9728177906070004,ok
run_v2_000232,3.4,1.1,0.0045,0.03,500,30,90,1,15,50,13177.86038,26.35572076,21.53542328,21.17116868,0.0,71.37067413,125.5,171.7834747,157.5,92.65274338,0.7589455617,3.313827293,3.437527650090502,49.9729724924474,121.8105022075526,0.02363342984006868,3.072839201051626,58.07352692847864,120.37708316067777,0.6578488429211014,0.9691781912405874,ok
run_v2_000233,3.4,1.1,0.0045,0.03,500,30,95,1,15,50,10937.60185,21.8752037,17.8423996,16.86743137,0.0,60.69325638,110.5,177.6527631,163.5,95.26637134,0.7160805865,3.188843029,3.477480364227602,51.0866329907974,126.56613010920258,0.013080377059911538,3.144277105563896,58.87072542328795,126.23514871309476,0.7792758498552028,0.9570582411986458,ok
run_v2_000234,3.4,1.1,0.0045,0.03,500,30,100,1,15,50,9053.71659,18.10743318,16.10418606,13.18147882,0.7754070759,50.38363266,136.5,184.3258061,171.5,97.57091473,0.6463683984,3.017986974,3.5688765909296043,51.64813111455548,132.67767498544453,0.014283995650811126,3.0398385269132375,64.12365003170713,130.80189182097746,0.8352642001108223,0.9534404208307857,ok
run_v2_000235,3.4,1.1,0.005,0.03,500,30,60,1,15,50,76965.30576,153.9306115,59.29327393,180.8075539,0.6306952834,579.2670898,68.5,112.0499902,97.5,70.36470729,1.220668842,5.012366536,2.5357934458320326,44.187349085617136,67.86264111438285,3.76358419877193,2.5371684500560945,44.22444698055113,67.9804246196817,0.18520143552272456,0.9963994887717332,ok
run_v2_000236,3.4,1.1,0.005,0.03,500,30,65,1,15,50,47868.71492,95.73742983,46.15416336,102.6631253,0.6225423813,323.6545105,82.5,125.7467022,110.5,76.07615059,1.111513075,4.517661657,2.732097220751026,46.025705544048506,79.7209966559515,0.9936854194344321,2.6884164984543886,47.106502423853854,79.5353958769165,0.23241823387936536,0.9949431023658994,ok
run_v2_000237,3.4,1.1,0.005,0.03,500,30,70,1,15,50,33254.75833,66.50951666,39.5092926,66.2481306,0.4064418077,201.484726,105.5,136.8421823,122.5,80.08202777,1.006568948,4.137387479,2.919912653447542,46.86516294877191,89.97701935122811,0.38832619878282804,2.7743400295168077,50.245161943785995,89.15200212641402,0.3001821891275095,0.9923339547967428,ok
run_v2_000238,3.4,1.1,0.005,0.03,500,30,75,1,15,50,24218.69479,48.43738958,31.26622009,45.20888689,0.9183430672,157.3451691,97.5,147.3538075,132.5,84.34216742,0.9451565637,3.908505524,3.0523421202147247,48.27565249783796,99.07815500216203,0.1475191643505772,2.8879993276938944,52.16363289421779,98.48490383435431,0.4127194061989211,0.9863114026285099,ok
run_v2_000239,3.4,1.1,0.005,0.03,500,30,80,1,15,50,18742.05821,37.48411641,27.46096516,33.02838404,0.0,104.8370285,86.5,156.0306185,141.5,87.18335574,0.8631210053,3.658349745,3.202967246021853,48.71439715588508,107.31622134411494,0.07185810252249379,2.958116334347044,54.43382375678607,106.58775943913096,0.46446529234268735,0.9835212973885706,ok
run_v2_000240,3.4,1.1,0.005,0.03,500,30,85,1,15,50,14790.85953,29.58171906,21.90506363,25.03907912,0.4300293326,81.44120026,122.5,161.9152765,147.5,89.67263804,0.81563627,3.458253252,3.260286450613282,49.66289893623999,112.25237756376004,0.06016906140550843,2.9142200207120865,57.50913381197169,110.0851353166866,0.541444055299478,0.9786587888137909,ok
run_v2_000241,3.4,1.1,0.005,0.03,500,30,90,1,15,50,11938.04127,23.87608254,19.72604465,19.2638563,0.7241665721,64.67307281,108.5,168.9835054,155.5,91.81108739,0.7539327218,3.353743632,3.387648700090816,49.88223997236487,119.10126542763513,0.026863861857812536,3.023141081418378,58.50246723528203,118.35874482803173,0.6306640653743529,0.9716795449356004,ok
run_v2_000242,3.4,1.1,0.005,0.03,500,30,95,1,15,50,9844.711194,19.68942239,16.34741879,15.48954418,0.6271574497,55.11098099,153.5,174.125756,160.5,93.42846142,0.7159318145,3.220194867,3.4735026626768404,50.129731544760276,123.99602445523973,0.016461901696744413,3.074363148306991,59.28539454780841,122.97943768281398,0.7417390344444487,0.9615483570963548,ok
run_v2_000243,3.4,1.1,0.005,0.03,500,30,100,1,15,50,8256.559682,16.51311936,14.54206514,12.47106046,0.5990994573,45.08742905,153.5,178.4517742,164.5,95.69646666,0.6764283831,3.108033439,3.477362244943305,51.31814335981251,127.13363084018748,0.01718448386192983,2.996678484920613,62.8600971715095,125.51140358237211,0.8420837623855489,0.9523193482146007,ok
run_v2_000244,3.4,1.1,0.001,0.04,500,30,60,1,15,50,131612.7321,263.2254642,105.2551537,301.7068363,1.812309504,934.0334473,85.5,116.5449003,101.5,73.1251225,1.256273901,5.108496714,2.540114748489894,45.88174623578966,70.66315406421035,4.272175459110255,2.6306764268614273,43.905553194848146,71.5957506031493,0.17151910948553328,0.996933527518439,ok
run_v2_000245,3.4,1.1,0.001,0.04,500,30,65,1,15,50,87051.12943,174.1022589,91.07781982,178.8560247,0.0,566.5599976,100.5,133.5991976,118.5,79.49006509,1.104621991,4.472756445,2.8247628589299567,47.2957215426602,86.30347605733978,0.9414365747185407,2.8232839697152556,47.428847983622994,86.47625823060153,0.2384477053418359,0.9948353696296482,ok
run_v2_000246,3.4,1.1,0.001,0.04,500,30,70,1,15,50,63882.91262,127.7658252,81.40546036,120.9987508,0.6045027971,382.1515503,95.5,146.3177728,131.5,83.67504142,0.978292738,4.017625091,3.0577522305309404,47.851415604917655,98.46635719508235,0.3198210448084719,2.9486906898419325,50.422881988878885,98.25860068672675,0.33084167223058975,0.9909335963329456,ok
run_v2_000247,3.4,1.1,0.001,0.04,500,30,75,1,15,50,49916.95586,99.83391171,73.62107849,87.87548448,1.212318897,281.1022949,138.5,157.6597123,143.5,87.90077231,0.8997960399,3.746963762,3.2170371617238978,49.0077373602721,108.65197493972789,0.14899067523122386,3.0202989243932103,53.41630542653122,107.91690439828022,0.369327420870425,0.9893986559427946,ok
run_v2_000248,3.4,1.1,0.001,0.04,500,30,80,1,15,50,40125.71214,80.25142428,58.87313652,67.55216236,1.215244889,222.3414154,122.5,165.8783726,151.5,89.70389843,0.8159224209,3.521632859,3.419455033645462,48.51017807453312,117.36819452546689,0.05863384974490242,3.155487832628036,54.252395167312365,116.94037767406985,0.47229607273201185,0.9832209007713648,ok
run_v2_000249,3.4,1.1,0.001,0.04,500,30,85,1,15,50,33202.58226,66.40516452,53.7713089,52.92972278,0.0,170.545578,116.5,174.3102613,160.5,92.57692972,0.7473389979,3.31310243,3.545196900213523,49.16800567254854,125.14225562745146,0.02941236687324952,3.2366277257134106,55.88795877553331,125.00055813088592,0.5366655628942786,0.9788603580793365,ok
run_v2_000250,3.4,1.1,0.001,0.04,500,30,90,1,15,50,27822.65143,55.64530286,47.56974411,42.23793509,0.9408721924,148.8208618,135.5,182.5320324,168.5,94.9585002,0.6763636935,3.131003957,3.6949663332530958,49.40018823914328,133.13184416085667,0.016466353868636593,3.2939731988851717,57.913863726688746,132.8528512329121,0.6740247861623855,0.9677664889393822,ok
run_v2_000251,3.4,1.1,0.001,0.04,500,30,95,1,15,50,23765.39934,47.53079868,41.21821976,34.99242747,0.9201834202,123.5995178,144.5,188.6329012,175.5,96.37532992,0.6410047837,3.053619147,3.8309204430798216,49.239576755175555,139.39332444482446,0.009362925206621976,3.3639816103382003,58.83180795687924,139.07731211301112,0.7185248730211642,0.9639903969013567,ok
run_v2_000252,3.4,1.1,0.001,0.04,500,30,100,1,15,50,20520.92166,41.04184332,35.71306229,28.58360836,0.6089970469,99.10965729,156.5,194.9121953,182.5,98.79775687,0.5686409906,2.881746148,3.8920988092578033,50.07894322630736,144.83325207369265,0.008415853179509734,3.31987968546304,62.310692227042836,144.5533090846564,0.8141490724270688,0.9550459508193279,ok
run_v2_000253,3.4,1.1,0.0015,0.04,500,30,60,1,15,50,124254.3679,248.5087358,91.9934082,290.9009133,0.943598032,894.1860962,76.5,113.98895,99.5,71.27526798,1.265755105,5.203805057,2.557689312413986,44.56716046266601,69.421789537334,4.078777141234862,2.6432200957343097,42.8028109481553,70.3344391039253,0.16024526097290928,0.9972490123478714,ok
run_v2_000254,3.4,1.1,0.0015,0.04,500,30,65,1,15,50,81641.78903,163.2835781,86.55540466,171.860658,0.4765948057,551.1347656,79.5,130.0548873,115.5,77.31643029,1.101022863,4.494840623,2.8295004373193398,45.96390429372529,84.0909830062747,0.9796262383932004,2.813531377166962,46.47774828563944,84.2888548560751,0.2570699564869621,0.9938718593173492,ok
run_v2_000255,3.4,1.1,0.0015,0.04,500,30,70,1,15,50,59254.4843,118.5089686,68.96116257,114.4012562,0.93418926,356.4647827,101.5,143.3421555,128.5,82.18476536,0.99192163,4.099550542,3.0420421172355296,47.12037176864036,96.22178373135964,0.33837526618260083,2.9290995417195917,49.80239326050395,96.07377401537705,0.3098815118415983,0.9919426469445203,ok
run_v2_000256,3.4,1.1,0.0015,0.04,500,30,75,1,15,50,45870.23274,91.74046547,64.21992493,82.9157532,0.9232356548,269.0981445,101.5,154.0430194,139.5,85.81631758,0.8972339933,3.772916093,3.2221391791174763,47.80768639615109,106.23533300384892,0.14115662376644866,3.029383428774098,52.09903209512475,105.72891238901605,0.41199824680943586,0.9866006177697153,ok
run_v2_000257,3.4,1.1,0.0015,0.04,500,30,80,1,15,50,36699.77761,73.39955521,54.84826469,62.67908909,0.4612782001,203.8720703,121.5,163.2653877,148.5,89.22356743,0.8371962677,3.563183754,3.3483363727432778,48.76015116911248,114.5052365308875,0.06578401228390318,3.1187350538767578,53.84502969576221,114.08335189344636,0.48164146978502526,0.9823507976244603,ok
run_v2_000258,3.4,1.1,0.0015,0.04,500,30,85,1,15,50,30150.78325,60.30156649,48.03310013,49.062657,1.43932724,168.0704346,147.5,170.6970603,156.5,91.72090149,0.7753620097,3.390769327,3.463502094112248,49.28452637293769,121.41253392706231,0.034658701071331434,3.1902380276663407,55.386369047263365,121.30933170167818,0.5464945024084765,0.9778791151618833,ok
run_v2_000259,3.4,1.1,0.0015,0.04,500,30,90,1,15,50,25503.38822,51.00677644,41.89040375,39.25854067,0.9397550225,142.1641388,136.5,177.6185785,164.5,94.10228741,0.7018118205,3.220990601,3.5626767498120926,49.85537307289195,127.76320542710806,0.028599719277693975,3.155775581063153,59.08061699990324,127.364551442536,0.6355696699980651,0.9715365232448798,ok
run_v2_000260,3.4,1.1,0.0015,0.04,500,30,95,1,15,50,21494.26899,42.98853799,35.10904121,32.0170481,0.4807281494,110.6568832,175.5,183.6612077,170.5,95.78735305,0.6514396028,3.055214359,3.67636418821713,49.95729429870967,133.70391340129035,0.017183677107765517,3.212459976181105,60.048233713724,132.8543137319832,0.6952907416646076,0.9663594297711444,ok
run_v2_000261,3.4,1.1,0.0015,0.04,500,30,100,1,15,50,18457.18737,36.91437473,33.06553459,26.81881543,1.39883399,105.1757736,164.5,189.7646533,175.5,97.31813671,0.6180776948,2.982808226,3.802271044998478,49.90823932702461,139.8564139729754,0.008686267881460054,3.3143717288593324,60.20842886708048,139.3446856090092,0.8361822438404415,0.9519977715878618,ok
run_v2_000262,3.4,1.1,0.002,0.04,500,30,60,1,15,50,116915.3377,233.8306753,83.98877716,277.8614545,0.3716266453,869.5875854,75.5,111.6463668,97.5,69.58853474,1.242413779,5.131783922,2.5740311927952226,43.37413125081816,68.27223554918184,4.296063371555124,2.6238374290132422,42.42226178602484,68.88685651154529,0.16367771953164278,0.9970898763499283,ok
run_v2_000263,3.4,1.1,0.002,0.04,500,30,65,1,15,50,76185.31496,152.3706299,70.95700073,163.9187741,1.104146719,508.0368042,62.5,126.8507105,112.5,75.69243618,1.126921505,4.645438067,2.808541473699941,45.166044969557916,81.68466553044208,1.0284414337707355,2.8002411937500264,45.57466834973063,82.04539535468062,0.21498106328724817,0.9956051941736932,ok
run_v2_000264,3.4,1.1,0.002,0.04,500,30,70,1,15,50,55227.75961,110.4555192,63.16492462,109.5387045,0.3712426424,348.4594727,106.5,139.7917789,125.5,80.12231868,1.001704629,4.161120159,3.0440812847157193,45.92248557943974,93.86929332056027,0.31520764081427466,2.948825035768032,48.22405262018496,93.98024107241142,0.3004397608241472,0.992202830052547,ok
run_v2_000265,3.4,1.1,0.002,0.04,500,30,75,1,15,50,42425.03676,84.85007353,57.12194443,78.37193923,0.7359694839,262.8311462,100.5,150.6606367,136.5,84.20649182,0.9104186008,3.847757755,3.2011678628597084,47.064272526280426,103.59636417371958,0.13960751371894936,3.0284632706615398,51.02493236140939,103.50220118310834,0.3962272978995789,0.9873750356774924,ok
run_v2_000266,3.4,1.1,0.002,0.04,500,30,80,1,15,50,33642.74251,67.28548502,49.81524086,59.17434176,1.108682156,192.9467926,114.5,158.7290201,144.5,87.2398026,0.862487873,3.672687249,3.310421713494636,47.94827784416573,110.78074225583428,0.0695209235188166,3.1048414622344427,52.58020156290844,110.67298834225393,0.44576328388179126,0.9845805975971146,ok
run_v2_000267,3.4,1.1,0.002,0.04,500,30,85,1,15,50,27405.88153,54.81176307,42.5441494,45.9458589,1.147811174,157.7479706,133.5,166.4923306,152.5,89.83029761,0.794754769,3.480284013,3.4351269241426365,48.46759210842095,118.02473849157904,0.04063281043806018,3.1456512737214153,54.8664671519676,117.72430512921346,0.5929018360296288,0.9740233409491718,ok
run_v2_000268,3.4,1.1,0.002,0.04,500,30,90,1,15,50,22906.671,45.813342,36.55177689,36.38347015,1.455599546,124.9559021,152.5,173.9309522,159.5,92.81101124,0.736483525,3.276041344,3.5120018808751583,49.524732075786375,124.40622012421366,0.028323889806715307,3.1539091479519277,57.40126314569792,123.63710579351459,0.612327706620397,0.9730595553106969,ok
run_v2_000269,3.4,1.1,0.002,0.04,500,30,95,1,15,50,19511.98331,39.02396663,32.33981895,29.97681862,0.7094134092,101.6223831,158.5,179.7146134,166.5,93.96699003,0.678350026,3.197704716,3.657767986912594,49.132316222082586,130.58229717791744,0.014775968427118764,3.240731659587038,58.38408596778172,130.82306984405983,0.7312640580007376,0.9626106688022386,ok
run_v2_000270,3.4,1.1,0.002,0.04,500,30,100,1,15,50,16625.28401,33.25056802,28.28404808,24.7410619,0.3718891144,91.54201508,144.5,185.3668074,172.5,95.85912395,0.6443528958,3.084100096,3.739357853648321,49.57182881524593,135.7949785847541,0.009451075203088095,3.2864961514003923,59.36126799484095,135.7293108124511,0.782628181895602,0.9575952737533543,ok
run_v2_000271,3.4,1.1,0.0025,0.04,500,30,60,1,15,50,110816.0065,221.6320131,73.20385742,269.4531682,0.2911082208,872.0178833,72.5,108.9491412,95.5,68.07359293,1.271494692,5.281058902,2.561475910274531,42.533736414613855,66.41540478538614,4.062856721778306,2.6444153052805834,40.97470396075933,67.37943032241358,0.1553296245233089,0.9972678752624379,ok
run_v2_000272,3.4,1.1,0.0025,0.04,500,30,65,1,15,50,71659.2243,143.3184486,65.67035675,157.4731538,0.2951393425,482.3352966,83.5,124.2130608,110.5,73.93356507,1.126504235,4.661491788,2.822612305142003,44.00641936326815,80.20664143673184,1.005372661143149,2.8065771227098018,44.48662249588499,80.36851446769305,0.19504913682672997,0.9962847490909473,ok
run_v2_000273,3.4,1.1,0.0025,0.04,500,30,70,1,15,50,51103.49834,102.2069967,59.02379608,103.0639148,0.2849335372,329.6978455,103.5,136.9016768,122.5,79.21994029,1.018953547,4.203824139,2.9864036899805555,45.841651367933906,91.06002543206608,0.38982716570569187,2.8899524554701608,48.066612050236344,90.84361147047579,0.2933739520393763,0.9924648893062189,ok
run_v2_000274,3.4,1.1,0.0025,0.04,500,30,75,1,15,50,39092.48725,78.18497449,49.11593246,74.37989957,1.119425178,242.1530151,100.5,146.647943,132.5,82.59649522,0.9541119922,4.009521924,3.1523084941314874,46.52080951880438,100.12713348119561,0.14767837188195726,3.016965554920005,49.640967018850745,100.12412058994195,0.3619453174937317,0.9891594266536388,ok
run_v2_000275,3.4,1.1,0.0025,0.04,500,30,80,1,15,50,31049.61126,62.09922252,41.73791885,55.47689766,0.8679357767,181.8869171,143.5,156.1246127,142.5,85.95509055,0.8682553076,3.718126694,3.2991308717073484,47.32295224748185,108.80166045251818,0.0750559727147451,3.0762413195694784,52.33319001165271,108.65633148707407,0.43494358584554715,0.9852799256636682,ok
run_v2_000276,3.4,1.1,0.0025,0.04,500,30,85,1,15,50,24998.40216,49.99680432,38.07328224,42.67478713,0.5772086382,140.7641296,119.5,162.619698,148.5,88.2450151,0.7984560935,3.517476555,3.39598635737334,47.885851380681004,114.733846619319,0.04999502309163165,3.0864577096075045,54.80542215242402,114.34919557821901,0.5440834814076878,0.9780253932953896,ok
run_v2_000277,3.4,1.1,0.0025,0.04,500,30,90,1,15,50,20777.49931,41.55499863,33.20148659,34.37908888,0.2888214588,114.0854721,156.5,170.2749683,156.5,90.14208399,0.7541711625,3.38179415,3.5681773134753696,47.72043352692972,122.55453477307032,0.015533612401153996,3.2978119686109273,53.54556065947035,123.03763014931339,0.6046352793183016,0.9727277763203668,ok
run_v2_000278,3.4,1.1,0.0025,0.04,500,30,95,1,15,50,17622.90577,35.24581154,28.39803696,27.67451267,0.2861061692,93.46162415,164.5,176.0738391,162.5,92.91064126,0.7012192023,3.21699171,3.5913584370133,49.027086042246786,127.0467530577532,0.016555261421732442,3.2081700764513483,57.43599966871081,126.82845577951676,0.6609364592804811,0.9688719462719567,ok
run_v2_000279,3.4,1.1,0.0025,0.04,500,30,100,1,15,50,14934.2335,29.868467,25.25323772,22.78619411,0.0,85.91114044,139.5,181.4631763,168.5,94.70507675,0.663436876,3.125948896,3.6713897923808947,49.42628992339198,132.036886376608,0.011217989621427067,3.23564858241312,59.005455139209516,131.91546213661468,0.8355657711828113,0.9518870220063178,ok
run_v2_000280,3.4,1.1,0.003,0.04,500,30,60,1,15,50,104131.5538,208.2631076,70.68480301,257.5005643,0.4497543871,830.4614868,69.5,107.2193369,93.5,66.68861924,1.281808544,5.37664571,2.5848942634780725,41.47919642783854,65.74014047216146,3.5104144504755084,2.6810912708884067,39.75353672225681,66.82932357072765,0.14901362403603477,0.9974066909097211,ok
run_v2_000281,3.4,1.1,0.003,0.04,500,30,65,1,15,50,66741.10717,133.4822143,57.66319656,149.4539317,0.4487838745,447.8898621,80.5,121.282458,107.5,72.4366089,1.14147418,4.756059157,2.803365722088594,43.26315936746234,78.01929863253766,1.0831998581367146,2.7829905725644783,43.92928380193596,78.32549887836126,0.18637627967163112,0.9965451400344539,ok
run_v2_000282,3.4,1.1,0.003,0.04,500,30,70,1,15,50,47965.84448,95.93168896,52.55729675,99.23319782,0.4466456175,318.2132568,97.5,133.5063327,119.5,77.48265923,1.041131607,4.308056256,2.9688940402246375,44.968372360604164,88.53796033939585,0.37394770727193494,2.903707413779244,46.63145360223059,88.77264393786922,0.3055822529874204,0.9915794588991487,ok
run_v2_000283,3.4,1.1,0.003,0.04,500,30,75,1,15,50,36164.75215,72.32950431,44.64116096,70.50297694,0.659943819,227.0984039,105.5,143.4657399,129.5,80.94497106,0.9661744787,4.058970967,3.141352414267856,45.67005575318012,97.79568414681984,0.14606523489699683,3.0185712094794765,48.41602590671561,97.7311959727086,0.3640891518100897,0.9887667225702882,ok
run_v2_000284,3.4,1.1,0.003,0.04,500,30,80,1,15,50,28519.3699,57.0387398,38.54261589,52.55744348,0.2366488278,178.0312653,114.5,151.9728595,138.5,83.93929196,0.8870044162,3.794448002,3.2779435272611113,46.362256773526866,105.61060272647313,0.06639981666156318,3.1087062430401544,50.2726305230374,106.01020983797999,0.4265019304182237,0.9853560963005275,ok
run_v2_000285,3.4,1.1,0.003,0.04,500,30,85,1,15,50,23024.20635,46.0484127,33.25286293,40.32966816,0.2340136617,131.1791382,105.5,159.6580304,146.5,86.61660739,0.8156753366,3.567283503,3.397654358561783,46.99066283704701,112.66736756295298,0.042514417108486295,3.1241416019200194,52.9209022526688,112.41149008603668,0.49298261828050377,0.981453556183838,ok
run_v2_000286,3.4,1.1,0.003,0.04,500,30,90,1,15,50,19137.25996,38.27451993,28.8778286,32.41219446,0.6664420366,118.1548233,123.5,166.247817,152.5,88.67359383,0.7750216075,3.435597192,3.5149834305202416,47.296899199150474,118.95091780084952,0.020362414442283597,3.230548832306582,53.29439476225245,118.87575000542823,0.5597286120880236,0.9764665465457096,ok
run_v2_000287,3.4,1.1,0.003,0.04,500,30,95,1,15,50,15903.59421,31.80718843,25.2395649,25.79043796,0.64259094,89.50595093,131.5,172.198854,158.5,91.36904602,0.7350721541,3.321642391,3.5519131066622145,48.48059308574073,123.7182609142593,0.013802944083195323,3.2486472075104555,55.19105692027145,124.105216023319,0.6630748531782616,0.9678763249073472,ok
run_v2_000288,3.4,1.1,0.003,0.04,500,30,100,1,15,50,13554.50177,27.10900354,21.69760227,21.54307399,0.0,75.40254974,122.5,177.4500799,164.5,92.36072013,0.7021202217,3.244129076,3.6912866976755976,48.072689669902985,129.377390230097,0.0077821704925894915,3.3250650474973193,55.708469224024284,129.52581464235897,0.7423320271106331,0.9606669936734806,ok
run_v2_000289,3.4,1.1,0.0035,0.04,500,30,60,1,15,50,98512.13137,197.0242627,55.69768333,247.4339177,0.3374073207,767.0095825,65.5,104.5423733,91.5,65.19546817,1.276700469,5.395237071,2.5712830892571032,40.65766765891361,63.88470564108639,3.9895660660719647,2.64487945281489,39.44315312495237,64.87923212946556,0.12831185911115753,0.9980386915399496,ok
run_v2_000290,3.4,1.1,0.0035,0.04,500,30,65,1,15,50,63025.87908,126.0517582,51.56895065,143.6283012,0.1798924357,438.7651367,79.5,119.062252,105.5,71.16734686,1.148125116,4.794665627,2.798895181684972,42.53901781642389,76.52323418357611,0.9997211266563732,2.804677465067085,42.707641003141475,77.07351730454447,0.19524704727106365,0.9960866523362358,ok
run_v2_000291,3.4,1.1,0.0035,0.04,500,30,70,1,15,50,44705.99714,89.41199427,46.35718346,94.69590664,0.350365907,291.7409058,95.5,130.3369604,116.5,75.34322814,1.041669655,4.364966662,2.9925866155210077,43.55327920134683,86.78368119865318,0.3493141536956192,2.921243023015274,45.29652235023299,87.02562753224056,0.2585118539907817,0.9937926223497235,ok
run_v2_000292,3.4,1.1,0.0035,0.04,500,30,75,1,15,50,33731.90837,67.46381673,39.1096077,66.82197292,0.5209909678,218.1157379,91.5,139.9460796,126.5,79.41552711,0.966039575,4.09001396,3.105350514284723,45.06611377886105,94.87996582113895,0.18527461770884504,2.9526289449030028,48.60444721232364,94.9064504777932,0.35662570855065506,0.9892040027193663,ok
run_v2_000293,3.4,1.1,0.0035,0.04,500,30,80,1,15,50,26342.00591,52.68401181,32.19229603,49.93388471,0.3570772409,156.5195618,111.5,149.1443807,134.5,82.35868187,0.9171846655,3.890086219,3.2794047079145496,45.47910184432357,103.66527885567643,0.062147911951987704,3.125926975627396,48.72245013545592,103.58037106162642,0.40244768482746124,0.9866112810386711,ok
run_v2_000294,3.4,1.1,0.0035,0.04,500,30,85,1,15,50,21321.98668,42.64397336,30.05439854,38.47666563,0.3453764915,124.8005219,120.5,156.4295272,143.5,84.58549431,0.8293776051,3.637773895,3.420154161613033,45.73756614708379,110.6919610529162,0.035062690965630694,3.1713448415659276,50.97610448568498,110.68670151811781,0.49821929983323193,0.9806051655801731,ok
run_v2_000295,3.4,1.1,0.0035,0.04,500,30,90,1,15,50,17252.46375,34.50492751,26.28814888,29.7948122,0.531298399,100.4574203,133.5,162.023503,148.5,87.71154982,0.7988868277,3.517677961,3.412262751267065,47.4827159602045,114.54078703979549,0.02712451290598315,3.1515348487655848,53.32743866635092,114.73584268606332,0.6023174912962669,0.9726695016138682,ok
run_v2_000296,3.4,1.1,0.0035,0.04,500,30,95,1,15,50,14721.43227,29.44286453,21.71907902,24.44480197,0.1757455319,80.5555954,149.5,168.3822082,155.5,89.66167589,0.7512907971,3.402795952,3.526782661778357,47.74385731926401,120.638350880736,0.015093477369586565,3.223858534663885,54.49150606910894,121.1814008384768,0.6338438412529002,0.9704490519082625,ok
run_v2_000297,3.4,1.1,0.0035,0.04,500,30,100,1,15,50,12432.84393,24.86568785,20.25577545,20.1254807,0.3402942419,71.34815979,120.5,171.9144519,158.5,90.89350761,0.7072700456,3.27960366,3.577330351700707,48.05663301916462,123.85781888083537,0.012396411305606621,3.210547138048344,56.1591258621193,124.14239494980455,0.7163513844848914,0.96327825938964,ok
run_v2_000298,3.4,1.1,0.004,0.04,500,30,60,1,15,50,94222.5587,188.4451174,51.56350136,240.4656427,0.1289458424,739.9242554,64.5,102.5231501,89.5,63.90162265,1.278125999,5.420641634,2.574068564445746,39.82922270062977,62.69392739937023,4.131294244834995,2.636320466724801,38.84430245745981,63.561727126789975,0.12615600576535677,0.998061593466789,ok
run_v2_000299,3.4,1.1,0.004,0.04,500,30,65,1,15,50,59230.91599,118.461832,45.97422409,138.2665684,0.2652378082,451.795166,75.5,116.2419416,103.5,69.44285336,1.162351541,4.868963384,2.802015904285378,41.48511128085341,74.7568303191466,0.9290611764622809,2.827633630050298,41.294853389361094,75.47186280239288,0.21547805979964887,0.9950568325838787,ok
run_v2_000300,3.4,1.1,0.004,0.04,500,30,70,1,15,50,41708.07382,83.41614764,39.9896946,89.92056044,0.1271824241,302.6722717,97.5,128.00832,114.5,74.18868931,1.059244288,4.448521619,2.977151934546077,42.99690536939871,85.01141463060127,0.36820473705459045,2.9030718614488333,44.74191771922348,85.14708463871317,0.2750525399163001,0.992867772503378,ok
run_v2_000301,3.4,1.1,0.004,0.04,500,30,75,1,15,50,31149.69746,62.29939493,34.34728432,63.00749335,0.142889902,200.1920013,103.5,137.2782826,124.5,78.0049371,0.9831174394,4.168519929,3.09713041201087,44.324346843008634,92.9539357569914,0.1741250376403556,2.964696478986659,47.36970390702737,93.06709047677725,0.33651955713452486,0.9901316923200968,ok
run_v2_000302,3.4,1.1,0.004,0.04,500,30,80,1,15,50,24273.37068,48.54674136,29.82318687,46.82892326,0.1504868716,153.9724884,109.5,145.8117077,132.5,80.73449144,0.9153513152,3.928044265,3.261869371193429,44.70188444323002,101.10982325677,0.07295375661678996,3.07743553184507,48.64795614125677,101.0629926394874,0.4130578856022021,0.985863805039466,ok
run_v2_000303,3.4,1.1,0.004,0.04,500,30,85,1,15,50,19610.08943,39.22017886,25.6318512,36.21278264,0.268016994,119.1986694,108.5,152.6533317,140.5,83.25551992,0.8547801195,3.721774367,3.3619132291562748,45.406684020310294,107.2466476796897,0.042475053926173414,3.120400239135974,50.577506460126145,107.24455679295276,0.5140853849729541,0.9791772628048067,ok
run_v2_000304,3.4,1.1,0.004,0.04,500,30,90,1,15,50,16125.35879,32.25071759,22.73085213,28.82961952,0.0,97.08417511,114.5,158.1763835,144.5,85.72492662,0.8391695439,3.636619365,3.404623083819783,46.4592936151204,111.71708988487958,0.025126126439706013,3.17830585486081,51.2737058874103,111.68981373495704,0.5354128626327388,0.9777144849697758,ok
run_v2_000305,3.4,1.1,0.004,0.04,500,30,95,1,15,50,13320.10292,26.64020584,20.33524132,22.89793357,0.1376062036,82.81304932,113.5,163.1572539,150.5,87.68448368,0.7776824404,3.503988817,3.462320571521987,47.12367053530181,116.03358336469819,0.01653053880255346,3.2016694851109415,53.11926125067614,116.95105656724972,0.6681701602712073,0.9666221792623211,ok
run_v2_000306,3.4,1.1,0.004,0.04,500,30,100,1,15,50,11130.76899,22.26153799,17.81905937,18.29540289,0.0,65.6448288,141.5,169.6669987,156.5,90.4628641,0.7334220145,3.357526855,3.5176618424589274,48.232890567274886,121.43410813272511,0.01287584814403429,3.185075092460364,55.778801980312956,121.88087089446067,0.7651405902751716,0.9580242990529017,ok
run_v2_000307,3.4,1.1,0.0045,0.04,500,30,60,1,15,50,89341.99393,178.6839879,46.04325485,230.9170818,0.106786944,725.2833252,64.5,100.8793241,88.5,62.7115646,1.267620996,5.396970145,2.587670978780686,38.98460234211634,61.89472175788367,3.984728167848562,2.642907132288858,38.16954666059802,62.70902044492886,0.12928718682568885,0.997918004552241,ok
run_v2_000308,3.4,1.1,0.0045,0.04,500,30,65,1,15,50,55827.62809,111.6552562,41.82062149,131.609717,0.2261859179,415.177887,87.5,114.5187593,101.5,68.29186433,1.1491505,4.859643887,2.8120000927444044,40.72501974501505,73.79373955498497,0.9416620126123901,2.8156162517992125,41.05393444523351,74.53819057906544,0.22007506419488204,0.9948010735443084,ok
run_v2_000309,3.4,1.1,0.0045,0.04,500,30,70,1,15,50,39023.8021,78.04760421,35.34620857,85.65506635,0.210773319,270.2796326,91.5,125.3034498,112.5,72.72429175,1.061165924,4.476972233,2.9687050763422436,42.20811652816217,83.09533327183782,0.3854889942911475,2.8891287237364436,44.01966918760512,83.15882147168091,0.26017129485360724,0.9934767251664753,ok
run_v2_000310,3.4,1.1,0.0045,0.04,500,30,75,1,15,50,29075.40594,58.15081188,33.25481987,59.81290959,0.2080937475,188.701889,83.5,134.6502095,121.5,76.69609567,0.9813615794,4.151479826,3.082247824502759,43.68571807548353,90.96449142451644,0.19076368917417474,2.937581008509953,46.878327791274394,90.8305576390776,0.32476384682569703,0.9906685203501805,ok
run_v2_000311,3.4,1.1,0.0045,0.04,500,30,80,1,15,50,22550.97741,45.10195481,27.16978073,44.37851314,0.3157207668,145.7703552,98.5,142.4419736,128.5,79.58200939,0.9364888621,4.005567288,3.2036581178115573,44.46228915877677,97.97968444122323,0.07350925574597407,3.076102743191349,47.43165291975403,98.4729847408013,0.4027405382032726,0.986141587336064,ok
run_v2_000312,3.4,1.1,0.0045,0.04,500,30,85,1,15,50,17968.85784,35.93771567,23.84611797,33.84498137,0.4290143251,114.9981766,103.5,149.5859098,135.5,82.27259037,0.8840575404,3.821933882,3.305757802631872,45.250111693272714,104.33579810672727,0.040999543155601635,3.1272932490508416,49.149818315812254,104.55607669530282,0.4650831160203524,0.982353705718602,ok
run_v2_000313,3.4,1.1,0.0045,0.04,500,30,90,1,15,50,14563.42323,29.12684646,20.40721416,26.27394269,0.201593399,86.71572113,91.5,155.785426,143.5,84.60211212,0.8254740788,3.631430235,3.3907146405553554,45.94471741641,109.84070858359001,0.028972442559827054,3.123270984462496,51.75055036144568,109.88044201242276,0.5570033023000552,0.9761018832058173,ok
run_v2_000314,3.4,1.1,0.0045,0.04,500,30,95,1,15,50,12076.85936,24.15371871,17.84475994,21.10310804,0.0,71.05871582,117.5,161.1016811,148.5,86.53926315,0.7864405721,3.494033067,3.465562683652335,46.48644269513427,114.61523840486574,0.01704402483691665,3.183639347148077,52.484352973371244,114.60689826226161,0.5819542874306564,0.9742990131515733,ok
run_v2_000315,3.4,1.1,0.0045,0.04,500,30,100,1,15,50,10084.11562,20.16823123,14.99221325,17.16824865,0.1094377637,59.97892761,125.5,165.456938,152.5,88.14247856,0.7578085612,3.412024224,3.5237042348814605,46.95539891291872,118.5015390870813,0.011079034215510332,3.2226863909142036,53.425359894071185,118.74782036624552,0.6580843119541284,0.9678531418500859,ok
run_v2_000316,3.4,1.1,0.005,0.04,500,30,60,1,15,50,84402.07633,168.8041527,38.74177933,221.7042461,0.0,691.9292603,65.5,98.93308274,86.5,61.3687895,1.264329526,5.406398683,2.598890429797435,38.067431241305215,60.865651498694795,3.8557456750468297,2.6510433088585463,37.31622013153129,61.610695560057316,0.1226357760627518,0.9980702917870785,ok
run_v2_000317,3.4,1.1,0.005,0.04,500,30,65,1,15,50,52481.11251,104.962225,35.13694572,126.0036845,0.1746360809,397.2103577,68.5,112.4472112,99.5,67.01419514,1.162426091,4.925773008,2.8155533833684294,39.937872200978155,72.50933899902184,0.9410662528418555,2.815632624920986,40.1744652427989,72.94206978357988,0.184241878493422,0.9962492099370175,ok
run_v2_000318,3.4,1.1,0.005,0.04,500,30,70,1,15,50,36119.18916,72.23837831,30.60129166,80.37762448,0.08688303828,250.3560028,88.5,123.2225994,110.5,71.61614482,1.062470836,4.498252536,2.960457662838805,41.622821007290106,81.59977839270988,0.39100787238315393,2.8757643133462314,43.58327672307612,81.75195513583967,0.283827939113888,0.9921415728396294,ok
run_v2_000319,3.4,1.1,0.005,0.04,500,30,75,1,15,50,27018.95661,54.03791322,27.95127106,56.9375445,0.0,185.6886597,97.5,132.0508692,119.5,75.06795425,0.9992394427,4.247756501,3.0943780171932573,42.6744465176159,89.37642268238409,0.16102279506246348,2.9795407657884425,45.266352589760636,89.60659026998442,0.355722041662855,0.988474496883407,ok
run_v2_000320,3.4,1.1,0.005,0.04,500,30,80,1,15,50,20757.72167,41.51544335,24.31155682,41.79272285,0.2467022836,134.3291321,108.5,139.9537392,127.5,77.91726716,0.9493727367,4.071316641,3.2262765286304957,43.37933774678893,96.57440145321108,0.06771956955798823,3.0913346086799853,46.324532877321076,96.88009883727538,0.3946587240350058,0.9864430151408923,ok
run_v2_000321,3.4,1.1,0.005,0.04,500,30,85,1,15,50,16688.1497,33.37629939,20.36490059,32.15760506,0.09102032334,107.9666824,95.5,145.5005872,133.5,80.26851451,0.8817883421,3.851634857,3.2857842268285267,44.281844806479796,101.21874239352023,0.04890025880734454,3.08020671542655,48.84607087687109,101.60992466026846,0.48266827430586695,0.9808965881479851,ok
run_v2_000322,3.4,1.1,0.005,0.04,500,30,90,1,15,50,13457.9233,26.9158466,18.32119179,25.0250844,0.1623626053,83.48011017,121.5,152.1232653,138.5,82.91352732,0.8479092879,3.709811488,3.3662044910442166,45.1913321679428,106.93193313205722,0.026563365426966728,3.1483069116968907,49.83937428784964,107.07027225723567,0.5720118491563536,0.973983946800432,ok
run_v2_000323,3.4,1.1,0.005,0.04,500,30,95,1,15,50,11186.17944,22.37235888,17.12080479,19.96915582,0.2368245721,65.12284851,110.5,157.3034576,144.5,85.03335203,0.8044124345,3.620233354,3.4221413086697012,45.96638286136379,111.33707473863622,0.017563344408220355,3.171979698102615,51.67433070871398,112.23559721236728,0.6127356481344853,0.9712324582599192,ok
run_v2_000324,3.4,1.1,0.005,0.04,500,30,100,1,15,50,9299.65945,18.5993189,13.64556551,16.03145126,0.1571144462,52.93996048,99.5,162.2614064,149.5,87.13660797,0.7688356496,3.489295881,3.4676014201405536,46.79355748834103,115.46784891165896,0.013582077152620569,3.1628782187783924,53.664551410333644,116.0698893659239,0.660984381588358,0.967635084672344,ok
run_v2_000325,3.4,1.1,0.001,0.05,500,30,60,1,15,50,133635.7817,267.2715634,71.75141907,342.071722,0.0,1060.927124,74.5,103.5186333,90.5,64.55673342,1.342387836,5.714652378,2.571307197039342,40.25914656140408,63.25948673859592,4.2015631840558525,2.7326126940375803,37.44691494164414,64.88100018043816,0.13023216012661315,0.9978742224523631,ok
run_v2_000326,3.4,1.1,0.001,0.05,500,30,65,1,15,50,88861.52478,177.7230496,68.65032578,205.3901025,0.0,648.2164307,86.5,118.747577,105.5,70.61625695,1.197894334,5.037815271,2.8277442363517142,41.993747338763995,76.75382966123603,0.9457262330242222,2.921534819548031,40.65268821413798,78.11555591169599,0.19832781043144723,0.9958035876775869,ok
run_v2_000327,3.4,1.1,0.001,0.05,500,30,70,1,15,50,65612.20115,131.2244023,64.86819458,139.7129563,0.0,429.3377686,101.5,130.8431281,117.5,75.41632636,1.075961854,4.520130779,3.0100318416472773,43.46901793184835,87.37411016815166,0.37573022861185174,3.0053031058893667,43.97737867317084,88.18797404218228,0.26204999178395655,0.9934863796334841,ok
run_v2_000328,3.4,1.1,0.001,0.05,500,30,75,1,15,50,50990.29174,101.9805835,58.77430344,101.5672501,0.0,315.3000793,125.5,140.9477318,127.5,79.07686445,0.9759895626,4.140813248,3.1770006378998215,44.36503100395173,96.58270079604827,0.1757386589767664,3.0732171871422307,46.792842044333966,97.01172436154478,0.31411623308259984,0.991412143741022,ok
run_v2_000329,3.4,1.1,0.001,0.05,500,30,80,1,15,50,41035.13396,82.07026792,51.93398476,78.24052662,0.5951421857,266.4092712,105.5,149.537135,136.5,81.91343597,0.9254945044,3.954890333,3.33263556444416,44.870533278648736,104.66660172135127,0.0653357725555537,3.2254872105862993,47.32496136181321,105.32109625220608,0.39949224437129155,0.9865964893899606,ok
run_v2_000330,3.4,1.1,0.001,0.05,500,30,85,1,15,50,33715.42633,67.43085266,48.27967644,60.56240869,0.0,196.0240326,116.5,157.9881437,144.5,85.0997834,0.8312264499,3.634913947,3.4466095200052216,45.83871273580207,112.14943096419793,0.04099808836877714,3.2427802798777003,50.142270809452995,112.45809615972843,0.48678118041276264,0.9812484746114072,ok
run_v2_000331,3.4,1.1,0.001,0.05,500,30,90,1,15,50,28329.23321,56.65846642,41.96778679,48.75520631,0.0,156.7072296,147.5,165.0445916,152.5,87.69052734,0.7902326585,3.527066023,3.542396998075322,46.59121823151755,118.45337336848243,0.022677218622001956,3.3075871877247365,51.670831360845696,119.23494842737304,0.5824398731683035,0.9741325819219118,ok
run_v2_000332,3.4,1.1,0.001,0.05,500,30,95,1,15,50,24248.50019,48.49700037,34.28046989,40.7498731,0.0,140.8024597,147.5,170.681011,157.5,88.7171781,0.7442285493,3.405133612,3.7013058576319735,46.113727847716575,124.56728315228344,0.01033626500413432,3.4351994037945106,51.55363555370297,125.54338256381695,0.6087792031434308,0.9720691476296994,ok
run_v2_000333,3.4,1.1,0.001,0.05,500,30,100,1,15,50,20813.71079,41.62742157,32.97460175,33.3684949,0.60627985,115.2177658,137.5,175.9571967,164.5,91.32367225,0.6921571908,3.261139039,3.712336497579995,47.39796535543136,128.55923134456864,0.010630473461690368,3.3577225557893846,54.90068343199061,129.44057965585682,0.7193956274091347,0.962761531239567,ok
run_v2_000334,3.4,1.1,0.0015,0.05,500,30,60,1,15,50,126613.4787,253.2269573,62.08852196,329.4496443,0.0,1048.458496,64.5,101.3817746,88.5,63.14438666,1.354203354,5.838703101,2.5778062923365104,39.32870165667416,62.05307294332584,4.053466247809511,2.742390655210828,36.621509097331284,63.80897523090836,0.12227624503869768,0.9980724526429774,ok
run_v2_000335,3.4,1.1,0.0015,0.05,500,30,65,1,15,50,83274.79083,166.5495817,61.87177849,195.1361305,0.0,625.2285767,80.5,116.5542505,103.5,69.39745555,1.191623064,5.036813887,2.820779490131105,41.31987307330527,75.23437742669473,1.0510009915617167,2.888146134631196,40.426721424987505,76.33155779440231,0.20640241644898727,0.9953972122727125,ok
run_v2_000336,3.4,1.1,0.0015,0.05,500,30,70,1,15,50,60939.15576,121.8783115,56.47186089,132.4595016,0.0,416.7416687,103.5,128.3368614,115.5,73.8788705,1.087370212,4.577619827,3.0176046050605834,42.529382804087895,85.80747859591212,0.36669835254580946,3.0080309636682716,43.08981260636352,86.52567793224138,0.2612992187095022,0.9933894429895146,ok
run_v2_000337,3.4,1.1,0.0015,0.05,500,30,75,1,15,50,46663.90952,93.32781904,51.37324905,95.04360985,0.0,296.1114502,109.5,138.5999257,125.5,77.33814829,0.9819785849,4.206447638,3.211725766057673,43.15434622867212,95.44557947132789,0.1360228254909534,3.130579152464586,45.19217477233336,96.28550542446945,0.3416880400062018,0.9895807512478788,ok
run_v2_000338,3.4,1.1,0.0015,0.05,500,30,80,1,15,50,37726.18947,75.45237894,45.77786636,73.02374318,0.4698959291,228.1802216,100.5,146.5553237,133.5,80.43738766,0.9206742882,3.964602906,3.319611669966957,44.148333681890804,102.40699001810918,0.07956796560862235,3.1670847219373157,47.39701881405976,102.71335533732443,0.37192486053906665,0.9883465916182399,ok
run_v2_000339,3.4,1.1,0.0015,0.05,500,30,85,1,15,50,30836.21755,61.67243509,40.93342972,56.74357504,0.4784068465,185.6568298,133.5,154.4330501,141.5,83.261478,0.8472895993,3.729388302,3.4402679232238653,44.88983228820191,109.54321781179809,0.04400150003735662,3.219362823882251,49.484436747608754,109.8239192783956,0.4695272163105458,0.9824033738344752,ok
run_v2_000340,3.4,1.1,0.0015,0.05,500,30,90,1,15,50,26087.84817,52.17569634,36.6269474,46.09152191,0.0,149.782547,101.5,161.033368,148.5,85.78016223,0.8112876194,3.62749786,3.5241795439954484,45.69386036939325,115.33950763060675,0.023915859327543528,3.2936685603275286,50.65377730266506,116.18297646095502,0.5267665329180948,0.9784929132936131,ok
run_v2_000341,3.4,1.1,0.0015,0.05,500,30,95,1,15,50,22298.80957,44.59761915,33.3158474,38.19991158,0.4685041606,127.9782028,152.5,166.7641663,154.5,87.67760195,0.7757504918,3.518994607,3.6176633261785693,46.09720453897441,120.6669617610256,0.013738680127829438,3.363217862608134,51.44238096526299,121.56955359220215,0.5924862592204606,0.9733718101374577,ok
run_v2_000342,3.4,1.1,0.0015,0.05,500,30,100,1,15,50,18941.35127,37.88270254,29.51257324,31.35932317,0.0,110.4287262,128.5,172.4611164,160.5,89.79257593,0.7334571671,3.377338785,3.688939435054937,46.75086686464714,125.71024953535286,0.008978329379158382,3.397615113783442,52.83946148141489,126.68869145201835,0.69333578790557,0.9645565020949588,ok
run_v2_000343,3.4,1.1,0.002,0.05,500,30,60,1,15,50,120181.8755,240.3637509,60.88056755,316.9818052,0.0,988.9928589,68.5,99.83026015,87.5,62.1721424,1.351221682,5.810561463,2.5782957907961754,38.71947528532888,61.11078486467112,3.9283912899327245,2.750417439099937,35.868307081993194,62.78451022731266,0.12595186918143073,0.9978967210690616,ok
run_v2_000344,3.4,1.1,0.002,0.05,500,30,65,1,15,50,78480.18713,156.9603743,57.78763199,187.3416978,0.3545535505,582.6241455,75.5,114.2554383,101.5,67.98171918,1.210938844,5.15572029,2.82468143083249,40.44896428066461,73.80647401933538,1.0111362808859035,2.898438878099306,39.501658116066224,74.9914835169271,0.18125178518768392,0.9963527516760478,ok
run_v2_000345,3.4,1.1,0.002,0.05,500,30,70,1,15,50,56676.78762,113.3535752,51.03522873,125.1309959,0.3674377501,395.4874573,88.5,125.8392926,112.5,72.45462321,1.091612438,4.666480545,3.0164791784255742,41.71727539179658,84.1220172082034,0.3449998360784066,3.0187294628989414,42.209155442670045,85.20886569619923,0.254353642709781,0.9935901987597193,ok
run_v2_000346,3.4,1.1,0.002,0.05,500,30,75,1,15,50,43624.24779,87.24849558,45.71446228,90.52092755,0.0,281.2279053,115.5,135.9192508,123.5,76.28984676,1.002919127,4.272572148,3.174157401175873,42.82057680871416,93.09867399128584,0.1462847083181437,3.111781418516483,44.45834234082119,93.88630125339078,0.3422754561960194,0.989319115242099,ok
run_v2_000347,3.4,1.1,0.002,0.05,500,30,80,1,15,50,35070.72545,70.1414509,40.71897125,69.82086874,0.3495120704,224.3806305,107.5,143.3989131,131.5,78.21014811,0.9295220921,4.069536549,3.361750688611774,42.656022525934596,100.74289057406537,0.05591418462107212,3.256338651949243,45.18275469058756,101.94759580991366,0.39242653405450895,0.9865789114599041,ok
run_v2_000348,3.4,1.1,0.002,0.05,500,30,85,1,15,50,28645.69569,57.29139139,37.1519165,54.13363213,0.0,172.8286743,112.5,151.2149014,138.5,81.54917986,0.8612841835,3.773677643,3.438349232743934,43.97892452574538,107.23597687425462,0.04029974207998139,3.2417150262185874,48.034906301524,107.68057123912827,0.4852692994317414,0.9807856196705569,ok
run_v2_000349,3.4,1.1,0.002,0.05,500,30,90,1,15,50,23826.06071,47.65212141,35.63487244,43.33620297,0.3669200242,142.2621307,117.5,157.9712331,145.5,83.93426824,0.8211398265,3.655154747,3.542235240681912,44.59648283257131,113.37475026742868,0.020677331180546297,3.3270752488111555,48.973805181553374,113.96572987809238,0.5389297625101896,0.976973667856582,ok
run_v2_000350,3.4,1.1,0.002,0.05,500,30,95,1,15,50,19998.17634,39.99635268,29.72784328,34.93501013,0.0,115.9244156,117.5,163.0452995,150.5,86.37754233,0.7748512117,3.48024936,3.562992265737646,45.76077839625755,117.28452110374246,0.016664667995756978,3.30696420393477,51.101937679579464,117.89034097849527,0.5930306969031246,0.9730589886625993,ok
run_v2_000351,3.4,1.1,0.002,0.05,500,30,100,1,15,50,17443.36761,34.88673522,26.70311737,29.58762199,0.0,100.1543427,138.5,169.0768679,156.5,88.09950294,0.7272629834,3.383531989,3.683167517697806,45.9052886103,123.17157928970002,0.007466954079078198,3.4394722736887986,51.13987808110858,124.75431465868989,0.71248259264288,0.9617686447336266,ok
run_v2_000352,3.4,1.1,0.0025,0.05,500,30,60,1,15,50,114575.2897,229.1505793,50.01485825,307.510018,0.0,982.425354,68.5,97.69334632,85.5,60.55351971,1.346769915,5.84011526,2.602862269836899,37.53304485301163,60.160301466988365,3.6607291310835364,2.7724474334522085,34.92749350052404,61.90714621192252,0.12437448261193997,0.9978841401199784,ok
run_v2_000353,3.4,1.1,0.0025,0.05,500,30,65,1,15,50,74001.80587,148.0036117,48.8237896,179.0571679,0.0,573.3276978,68.5,112.0405299,99.5,66.56904134,1.188243148,5.082864847,2.8327333977231954,39.552091273415414,72.48843862658458,1.0679304780989853,2.879254858733718,39.15915425941823,73.59003090591487,0.2137551055049506,0.9948601107385968,ok
run_v2_000354,3.4,1.1,0.0025,0.05,500,30,70,1,15,50,53108.88611,106.2177722,46.15768051,118.8360112,0.0,377.0115051,94.5,123.3854584,110.5,71.36232747,1.084386939,4.616268205,2.9894407191615135,41.273759873923005,82.111698526077,0.39280400030073526,2.980967662132718,41.94877972442109,83.09917610000682,0.250183509132323,0.9937048348062526,ok
run_v2_000355,3.4,1.1,0.0025,0.05,500,30,75,1,15,50,41061.17165,82.12234329,39.89375496,86.73310251,0.0,271.8287048,82.5,132.8484143,120.5,74.91979641,1.013896285,4.324200347,3.1442681235324366,42.250981494145314,90.59743280585468,0.17553374119246035,3.0659449757672057,44.113260315227514,91.13556851295515,0.29988811166524126,0.9916609729094557,ok
run_v2_000356,3.4,1.1,0.0025,0.05,500,30,80,1,15,50,32392.51568,64.78503136,37.23759842,65.25238163,0.0,207.1721802,104.5,140.5706089,128.5,77.52467706,0.9455626352,4.119799646,3.287828233009042,42.75485181637632,97.81575708362368,0.07584665159008808,3.172274129114677,45.486740949128006,98.80967058153196,0.3854146462076683,0.986988082414721,ok
run_v2_000357,3.4,1.1,0.0025,0.05,500,30,85,1,15,50,26417.05435,52.8341087,33.82636833,50.82383443,0.2766550183,164.9820404,93.5,148.0247636,135.5,80.52141919,0.8879805775,3.91066775,3.3794491097305865,43.801447748920445,104.22331585107956,0.03609278476683832,3.265822087512205,46.69701474185514,105.80712742297843,0.49394363390420415,0.9795190130134301,ok
run_v2_000358,3.4,1.1,0.0025,0.05,500,30,90,1,15,50,21935.48734,43.87097469,27.95926094,40.54652731,0.0,132.3438416,98.5,154.6854704,142.5,82.56337009,0.8262533749,3.698193939,3.5101382440925133,44.06819892644751,110.61727147355252,0.021829211671704117,3.307898642455866,48.34793267161171,111.58212817836028,0.49452868453287074,0.9802955964334682,ok
run_v2_000359,3.4,1.1,0.0025,0.05,500,30,95,1,15,50,18255.8057,36.51161139,25.7366581,32.61959841,0.2885813713,110.9946823,129.5,160.2949411,148.5,84.73895842,0.8024086638,3.656905007,3.578272324638293,44.796741711435644,115.49819938856436,0.01265611405391647,3.3661944250431874,49.43497804643279,116.97276945560162,0.5564918754708703,0.975761971844932,ok
run_v2_000360,3.4,1.1,0.0025,0.05,500,30,100,1,15,50,15641.74176,31.28348353,24.61724949,26.6784915,0.2916116714,95.01526642,132.5,165.5042517,152.5,87.71263776,0.742231317,3.429309968,3.56036043921353,46.48525185179263,119.01899984820736,0.012056069696580227,3.308485411738602,52.18577736707116,120.47010575212228,0.6781017866080854,0.9654024477204517,ok
run_v2_000361,3.4,1.1,0.003,0.05,500,30,60,1,15,50,108318.6015,216.6372029,48.44398499,294.1863867,0.0,955.8322144,65.5,96.11467012,84.5,59.83776897,1.354907707,5.861803835,2.5800526835070827,37.252987403865994,58.86168271613401,3.892883604640836,2.7523123484930356,34.55138425287064,60.54481728383304,0.12888240693134612,0.9976782769239083,ok
run_v2_000362,3.4,1.1,0.003,0.05,500,30,65,1,15,50,70418.83522,140.8376704,43.16435623,173.5844344,0.0,544.6161499,64.5,109.51796,97.5,65.17483153,1.199665556,5.146705662,2.8236499548553287,38.785954969978285,70.73200503002171,1.1109287980344587,2.873148927837309,38.33311536494322,71.80363394650726,0.18146356193581104,0.9961793975155088,ok
run_v2_000363,3.4,1.1,0.003,0.05,500,30,70,1,15,50,49984.99728,99.96999456,41.03417206,115.0560921,0.0,362.9649048,84.5,120.7225687,108.5,69.556034,1.109796189,4.725207283,3.0123630588072117,40.07570347373793,80.64686522626207,0.29219108045308506,3.0679512422267243,39.638297066562316,81.97006565854946,0.24187514590942025,0.9937826255849515,ok
run_v2_000364,3.4,1.1,0.003,0.05,500,30,75,1,15,50,38067.61076,76.13522152,37.99536896,81.92973177,0.0,280.4357605,86.5,129.8568402,117.5,72.95374771,0.9863501524,4.268246351,3.1683594624352907,40.98551371446608,88.8713264855339,0.17631757745338808,3.0594686622295706,43.417314580025206,89.41659877572494,0.32447226465061996,0.9900824314798138,ok
run_v2_000365,3.4,1.1,0.003,0.05,500,30,80,1,15,50,29885.95366,59.77190732,32.97046089,61.09234693,0.2207608223,193.4241638,112.5,138.2812993,125.5,76.5684286,0.9517588882,4.131827243,3.2615754884109025,42.397086865333634,95.88421243466637,0.0790391552691294,3.155954661556917,44.85037562992676,96.69537641191936,0.3665831310765055,0.9879897008085601,ok
run_v2_000366,3.4,1.1,0.003,0.05,500,30,85,1,15,50,24159.33941,48.31867883,29.18090534,47.39535526,0.2131914794,163.044693,125.5,145.1881268,132.5,79.01225102,0.8908402291,3.921668509,3.376551161348664,42.99894177880867,102.18918502119134,0.03792310214622065,3.2467300512680586,46.053127940554226,103.46894649893586,0.47258990174033677,0.9809692009655611,ok
run_v2_000367,3.4,1.1,0.003,0.05,500,30,90,1,15,50,20127.02748,40.25405495,26.04772663,37.7504754,0.1887485534,119.0979843,118.5,152.2472779,140.5,81.36488349,0.8277773993,3.734232965,3.501265617842718,43.483498402445164,108.76377949755484,0.02311067164755351,3.282912993498261,48.065417968378696,109.72916721793652,0.5041508690300833,0.9794344364761867,ok
run_v2_000368,3.4,1.1,0.003,0.05,500,30,95,1,15,50,16970.87106,33.94174213,23.10719204,30.94742358,0.212946713,103.849884,111.5,156.8054905,144.5,83.46885243,0.8085459081,3.65176982,3.529178666677956,44.431156739254085,112.37433376074593,0.016023274942344238,3.30690594756707,49.20924180329622,113.52109259129016,0.5869854065917962,0.9728839185954931,ok
run_v2_000369,3.4,1.1,0.003,0.05,500,30,100,1,15,50,14247.92409,28.49584817,20.50329971,25.20281476,0.0,83.5839386,127.5,162.2574971,150.5,85.32327727,0.7749169825,3.572103781,3.616383576438175,44.867336019651326,117.39016108034868,0.008968351463780054,3.378059691069218,49.998902114294125,118.90037371571837,0.6490905180356394,0.9676424457323892,ok
run_v2_000370,3.4,1.1,0.0035,0.05,500,30,60,1,15,50,103239.1976,206.4783952,39.7449646,283.6719496,0.0,905.0582886,56.5,94.29896941,82.5,58.5196315,1.342069576,5.895715975,2.596633928040967,36.315850452259916,57.983118957740075,4.2103201962019865,2.7264333716857583,34.40768794369922,59.402580708552065,0.1252902794959571,0.9977808446019955,ok
run_v2_000371,3.4,1.1,0.0035,0.05,500,30,65,1,15,50,65781.51422,131.5630284,39.02808189,163.8883937,0.0,528.6149902,75.5,108.0880908,96.5,64.08159295,1.188205105,5.13886985,2.8450446964561213,37.99170218121282,70.09638861878717,1.0619927763642967,2.8757066301671035,37.88541193762638,71.06191835801773,0.18085755272033044,0.9961513122546825,ok
run_v2_000372,3.4,1.1,0.0035,0.05,500,30,70,1,15,50,46963.52943,93.92705887,35.13850021,108.7477557,0.0,343.9680786,83.5,118.2282613,106.5,68.4081822,1.085082842,4.695308158,2.986940044266753,39.581732323998885,78.64652897600112,0.44289542561138795,2.9454955210515252,40.880819927782106,79.53345206641403,0.2543604125468038,0.9932593575698279,ok
run_v2_000373,3.4,1.1,0.0035,0.05,500,30,75,1,15,50,35324.39318,70.64878636,33.37160683,77.50229673,0.0,246.6828766,89.5,127.3864367,115.5,72.07290502,1.021187363,4.380742651,3.1239374126807706,40.77752524199415,86.60891145800586,0.1695021020330174,3.069733192604264,42.21410020462697,87.3719243894389,0.3110022870481007,0.9905657837817289,ok
run_v2_000374,3.4,1.1,0.0035,0.05,500,30,80,1,15,50,28036.86998,56.07373995,28.8991375,58.36984934,0.1709442437,187.2951202,100.5,135.2091281,122.5,75.2517134,0.9663896109,4.208955698,3.2283397897606565,41.881938366228844,93.32718973377116,0.08657828857617493,3.132676596529073,44.229704374483795,94.32765539086114,0.36157812977503107,0.9880955949886061,ok
run_v2_000375,3.4,1.1,0.0035,0.05,500,30,85,1,15,50,22420.49558,44.84099117,25.70759964,45.04436935,0.0,143.569046,100.5,142.2291609,130.5,77.53645227,0.9263170262,4.064062017,3.3648479509815674,42.26911972605181,99.96004117394818,0.037469424498358606,3.250999307348689,44.89110393723147,101.04984386882604,0.4188187643233017,0.9846411925450927,ok
run_v2_000376,3.4,1.1,0.0035,0.05,500,30,90,1,15,50,18599.83543,37.19967087,24.30650425,35.79409823,0.0,116.8337021,144.5,148.0211824,135.5,79.79153907,0.8444964982,3.791549221,3.44139127975029,43.012017631061276,105.00916476893872,0.026426985855650134,3.251548582684625,47.17761783329581,106.22269856699408,0.5378691415564624,0.9761325657456498,ok
run_v2_000377,3.4,1.1,0.0035,0.05,500,30,95,1,15,50,15482.22401,30.96444801,20.29410648,28.95301219,0.1582862884,99.41355896,140.5,153.29866,140.5,81.53384337,0.8050558726,3.650543495,3.5350933606474717,43.36481228657636,109.93384771342363,0.015305545152738192,3.3152333576881228,47.92237935472411,110.95149126184187,0.5681542864445649,0.9740030797935029,ok
run_v2_000378,3.4,1.1,0.0035,0.05,500,30,100,1,15,50,13113.49487,26.22698975,18.2292366,23.56168177,0.1734210551,77.35072327,117.5,158.4862176,146.5,84.15360429,0.7789431603,3.571569166,3.546807012888785,44.684195397176964,113.80202220282305,0.01088020132606802,3.3287436881278856,49.50371627161453,115.28146680639604,0.5924703354492452,0.9724624044409401,ok
run_v2_000379,3.4,1.1,0.004,0.05,500,30,60,1,15,50,98579.17796,197.1583559,36.11630058,274.7212888,0.0,872.8890991,63.5,92.49309449,81.5,57.13347352,1.315251478,5.770295577,2.6208210139887522,35.29164868425348,57.20144580574654,4.115698531732331,2.733378520840954,33.743406192037696,58.49009551328979,0.12462203306281312,0.997746041385851,ok
run_v2_000380,3.4,1.1,0.004,0.05,500,30,65,1,15,50,62469.6223,124.9392446,35.10564613,157.8670989,0.0,493.9844971,67.5,105.7025189,94.5,62.89497278,1.172669828,5.03453435,2.8244819675881208,37.42368339149334,68.27883550850665,1.2275198424692089,2.8366551657443213,37.614588588276256,69.08502843800498,0.18287011609887244,0.9959891776335796,ok
run_v2_000381,3.4,1.1,0.004,0.05,500,30,70,1,15,50,44128.06499,88.25612998,32.16755962,104.6854698,0.1322250515,350.5385437,92.5,116.2441107,104.5,66.77159778,1.099557567,4.756988245,3.0308076970833726,38.35416902625158,77.8899416737484,0.3105720387689915,3.0446613498923494,38.66755800624023,79.06206135007986,0.2392762244612925,0.9937129368984077,ok
run_v2_000382,3.4,1.1,0.004,0.05,500,30,75,1,15,50,33396.12852,66.79225705,31.44645786,74.38074793,0.131161198,227.2629395,89.5,124.8580004,112.5,70.76172937,1.024752141,4.430000604,3.1134068340967063,40.10333600884033,84.75466439115968,0.1870551292889275,3.043286230998692,41.80419646511603,85.41793903513577,0.2774841192526443,0.9923614699800605,ok
run_v2_000383,3.4,1.1,0.004,0.05,500,30,80,1,15,50,25376.55564,50.75311128,27.65923023,53.87147437,0.0,173.5537415,87.5,133.0189737,121.5,73.73147404,0.9662024883,4.212303955,3.254777856491057,40.86883331675557,92.15014038324442,0.07668067939069093,3.152639009718904,43.219146169142434,93.03522001043933,0.3626703451233492,0.9877809165844816,ok
run_v2_000384,3.4,1.1,0.004,0.05,500,30,85,1,15,50,20683.30441,41.36660882,24.17703724,42.0881217,0.0,133.36763,112.5,139.7169095,128.5,76.27323745,0.9165906365,4.055504916,3.355471697451272,41.63853016734586,98.07837933265415,0.04081893286848557,3.21981079523726,44.68192708822508,99.18542410244618,0.4132191236014187,0.9849312627226208,ok
run_v2_000385,3.4,1.1,0.004,0.05,500,30,90,1,15,50,17120.56969,34.24113937,22.18392754,33.41745152,0.1248637587,108.5488968,88.5,145.326159,134.5,78.65746444,0.8558823097,3.865270511,3.4135612919087617,42.57317990582731,102.75297909417269,0.0294363227852501,3.215469848047463,46.97477185143947,104.07119065577285,0.5209769084728737,0.9774437366556614,ok
run_v2_000386,3.4,1.1,0.004,0.05,500,30,95,1,15,50,14220.08048,28.44016096,18.18442535,26.93799392,0.128599748,90.56962585,119.5,151.7358306,139.5,80.82728384,0.8275469153,3.736469804,3.5241981841661065,43.05541932395713,108.68041127604289,0.013991546749446575,3.3266254619037006,47.18518522103942,109.7822533599125,0.5482407835197088,0.9754548658642115,ok
run_v2_000387,3.4,1.1,0.004,0.05,500,30,100,1,15,50,11786.63177,23.57326354,16.41136646,21.87954545,0.0,72.39112854,116.5,155.5781166,143.5,82.35227701,0.8041065773,3.619943511,3.568993819540869,43.591590365940796,111.98652623405918,0.008924680166104022,3.373207662715397,47.639042030746076,113.05733959178745,0.597327006379244,0.9713013425484477,ok
run_v2_000388,3.4,1.1,0.0045,0.05,500,30,60,1,15,50,93721.61146,187.4432229,30.52860928,265.6568334,0.1075529903,882.5579834,67.5,90.6735915,79.5,56.02238149,1.337321788,5.916072231,2.619621239885745,34.61324489182823,56.06034660817177,3.982958823215979,2.745681205745832,32.880479512702614,57.398835121235834,0.11391347099038097,0.998049102414441,ok
run_v2_000389,3.4,1.1,0.0045,0.05,500,30,65,1,15,50,58755.01218,117.5100244,29.72263622,151.2960008,0.0,477.5855103,81.5,103.6619032,92.5,61.53776619,1.193769401,5.200276769,2.8376243447118124,36.53122845283731,67.13067474716267,1.1131002854893708,2.863689710732047,36.51574569206619,68.05401952601183,0.18290176537405542,0.9958500011796625,ok
run_v2_000390,3.4,1.1,0.0045,0.05,500,30,70,1,15,50,41519.57231,83.03914462,28.69819164,99.96252423,0.0,319.8970032,80.5,114.0512836,102.5,65.52998445,1.098826975,4.767938357,3.0291461321890796,37.65129796414884,76.39998563585118,0.3491900523532897,3.010128418041503,38.44222510974618,77.27380914584944,0.23137082310476648,0.9940451698408842,ok
run_v2_000391,3.4,1.1,0.0045,0.05,500,30,75,1,15,50,31123.91084,62.24782167,25.13655853,70.6106843,0.0,224.3765411,82.5,122.527202,110.5,69.36041361,1.031595327,4.479602628,3.120625721803342,39.263664701576,83.263537298424,0.17447659298787935,3.0585790008295155,40.82555709108018,84.04263452486417,0.2833713014623462,0.9918332551234359,ok
run_v2_000392,3.4,1.1,0.0045,0.05,500,30,80,1,15,50,24095.49394,48.19098789,22.69021416,52.421399,0.0,176.5686646,91.5,129.9064976,118.5,71.97563949,0.9836603947,4.310087093,3.2575469479703787,39.87862636360114,90.02787123639884,0.07317534707371882,3.171923940941464,41.919395514397905,91.04573870751503,0.35589450485637225,0.9878610234072454,ok
run_v2_000393,3.4,1.1,0.0045,0.05,500,30,85,1,15,50,19282.76564,38.56553128,21.30837059,39.79253255,0.1033876836,129.5054779,119.5,136.6717322,125.5,75.28921417,0.9217809816,4.063199665,3.2952765597173013,41.47504153998077,95.19669066001923,0.05837114848456249,3.1240109639882814,45.157684932991096,95.91541790600151,0.4361939629071435,0.9832259782534958,ok
run_v2_000394,3.4,1.1,0.0045,0.05,500,30,90,1,15,50,15876.1953,31.7523906,19.77580357,31.72242766,0.09912598133,101.3241501,91.5,142.1910314,130.5,77.3881541,0.8861548934,3.960063452,3.3759455496827395,42.1188758252818,100.07215557471821,0.028631606391634423,3.225072571348187,45.589601675245184,101.44017222627741,0.4922980278020122,0.9791765959781344,ok
run_v2_000395,3.4,1.1,0.0045,0.05,500,30,95,1,15,50,13003.84978,26.00769956,15.39137125,25.22830136,0.0,85.00471497,100.5,147.5358129,135.5,79.57661004,0.855654262,3.806233649,3.437352246936095,42.92135408336663,104.61445881663339,0.017025953653158583,3.2783546038724656,46.454551179793306,105.83994055131116,0.5539090821380812,0.9743794558059762,ok
run_v2_000396,3.4,1.1,0.0045,0.05,500,30,100,1,15,50,10990.89196,21.98178392,14.95544291,20.5446489,0.0,77.43022919,144.5,153.0053224,141.5,81.44653877,0.7994713681,3.673252637,3.5291312556500505,43.354953759524335,109.65036864047566,0.010495045957807116,3.3210134606065322,48.01542383400735,111.44444503545877,0.6228758007539302,0.9689956239337589,ok
run_v2_000397,3.4,1.1,0.005,0.05,500,30,60,1,15,50,89512.13982,179.0242796,27.27574158,256.1285564,0.0,838.6922607,58.5,89.34858577,78.5,55.16362024,1.316636421,5.788098865,2.623432204595977,34.057897746879334,55.290688023120666,4.090133768117022,2.7347114261051733,32.580460312856374,56.51769677247808,0.12737030807726538,0.9975205396664045,ok
run_v2_000398,3.4,1.1,0.005,0.05,500,30,65,1,15,50,55650.32744,111.3006549,28.47273636,145.3033306,0.0,458.9248657,67.5,101.9057709,90.5,60.38428469,1.184107008,5.158832982,2.8480637445878076,35.78071982891961,66.12505107108039,1.113954632201069,2.862395193906456,35.89374186236952,66.84833233579596,0.16918381701083426,0.9963599324009766,ok
run_v2_000399,3.4,1.1,0.005,0.05,500,30,70,1,15,50,39321.26994,78.64253987,25.58077335,95.79173909,0.08375011384,299.1833496,95.5,112.1384613,100.5,64.60811045,1.106000451,4.839965399,3.0125558419173144,37.22369548795832,74.9147658120417,0.36311499269208297,2.997462650070052,37.98508734509128,75.87379323146843,0.22214158874409926,0.9944030080515862,ok
run_v2_000400,3.4,1.1,0.005,0.05,500,30,75,1,15,50,29096.33997,58.19267994,22.50746441,67.30837921,0.0,216.3933868,91.5,120.0862152,108.5,67.8370936,1.038502382,4.545803146,3.1336598181352056,38.32139484478616,81.76482035521384,0.1561437385218291,3.0864148814704766,39.6999814720018,82.83063213728676,0.2909221400820368,0.9911470343127472,ok
run_v2_000401,3.4,1.1,0.005,0.05,500,30,80,1,15,50,22614.20827,45.22841654,19.87622261,49.91378561,0.0,159.6257019,103.5,127.1302963,115.5,70.89871751,0.9904702391,4.348638904,3.2152989583699525,39.53918374185981,87.5911125581402,0.08610312319732036,3.128604945840895,41.62798624029184,88.60953739648194,0.3454098603633849,0.9883707799879313,ok
run_v2_000402,3.4,1.1,0.005,0.05,500,30,85,1,15,50,17938.44897,35.87689794,18.44203949,37.98111519,0.0,133.076416,79.5,133.9303178,122.5,73.65523797,0.9410270116,4.160461584,3.306362942304801,40.506840941859764,93.42347685814026,0.042735298616322574,3.206505959199599,42.963879165520254,94.80005540905192,0.4450747313504642,0.9817515683092883,ok
run_v2_000403,3.4,1.1,0.005,0.05,500,30,90,1,15,50,14572.7643,29.14552861,16.33589363,29.65905723,0.07734124362,102.1488953,106.5,139.9274044,128.5,75.82493421,0.8770029983,3.94683359,3.405504606642342,41.08859642329524,98.83880797670476,0.024020448828289884,3.2623498726766047,44.33135592893019,100.29303744139646,0.48230767650270157,0.9795185053783008,ok
run_v2_000404,3.4,1.1,0.005,0.05,500,30,95,1,15,50,12089.15817,24.17831634,14.63353157,23.84674259,0.0,83.76696777,115.5,144.5899779,133.5,77.96480987,0.8467575945,3.834493401,3.439371866060806,42.039646636291856,102.55033126370816,0.019764684904332294,3.2339683463203834,46.401152834493026,103.65870666503176,0.5661215756049692,0.9732319466492703,ok
run_v2_000405,3.4,1.1,0.005,0.05,500,30,100,1,15,50,10112.62697,20.22525394,13.41379023,19.36891165,0.0,64.12448883,117.5,149.1550222,137.5,79.75279027,0.8165327351,3.708146198,3.497711535146083,42.64360302479046,106.51141917520951,0.01456487834383872,3.240543918664325,47.80474025133245,107.10862005345058,0.5643919740855375,0.9742007971015957,ok
run_v2_000406,3.4,1.1,0.001,0.06,500,30,60,1,15,50,134429.3281,268.8586563,49.5189991,372.5954131,0.0,1200.117065,65.5,93.94825437,82.5,58.69609911,1.410997232,6.228563339,2.5618809906571127,36.67159197192163,57.27666239807837,4.900778436084751,2.7689299687293394,33.479767619655576,59.223364288502886,0.12075056236859473,0.9978747202411433,ok
run_v2_000407,3.4,1.1,0.001,0.06,500,30,65,1,15,50,89511.28939,179.0225788,53.22119522,224.4630335,0.0,734.522644,74.5,108.367124,96.5,64.26433231,1.238891071,5.348152197,2.84351219931764,38.11030739590459,70.2568166040954,1.100877018650026,2.9565358746661823,36.66634982419475,71.73902882409709,0.1734198388295163,0.996360374915001,ok
run_v2_000408,3.4,1.1,0.001,0.06,500,30,70,1,15,50,66246.56237,132.4931247,50.53140068,154.1855396,0.0,479.9782715,102.5,119.4879191,107.5,68.9882517,1.149471876,4.948174447,2.999837414284463,39.83146504241493,79.65645405758507,0.3952379104873723,3.0713709434537355,39.18478587495235,81.16622688683265,0.2418331233716328,0.9937087044924732,ok
run_v2_000409,3.4,1.1,0.001,0.06,500,30,75,1,15,50,51305.05664,102.6101133,47.22604942,112.7219998,0.0,349.4135132,101.5,129.2061374,117.5,71.96499642,1.030787235,4.438472785,3.2234702824567356,40.08293115130778,89.1232062486922,0.13657964778922765,3.2195376869863113,40.67240157361734,90.27392811288505,0.2681058240929236,0.9928520126779949,ok
run_v2_000410,3.4,1.1,0.001,0.06,500,30,80,1,15,50,41775.94529,83.55189058,44.80032158,86.69586297,0.0,270.6231995,109.5,137.5766047,125.5,75.48547442,0.9711161283,4.246436992,3.3217152205235307,41.417338804353236,96.15926589564675,0.07628987434266134,3.259278267467564,43.13383543014157,97.45133697984129,0.3423686877146201,0.9892393088869115,ok
run_v2_000411,3.4,1.1,0.001,0.06,500,30,85,1,15,50,34543.57815,69.0871563,40.81914711,69.46121178,0.0,226.3976593,92.5,144.1767747,131.5,77.43359212,0.9161573799,4.026622431,3.466824035217862,41.587566382191554,102.58920831780847,0.03010984338622362,3.412259908917709,43.15288868986664,104.09598334055373,0.3987504079476791,0.9857525904223284,ok
run_v2_000412,3.4,1.1,0.001,0.06,500,30,90,1,15,50,28863.26027,57.72652054,36.66773605,55.28456641,0.0,172.5439606,117.5,150.7643896,138.5,79.99483285,0.8459547458,3.810801668,3.552005886902966,42.444859158567766,108.3195304414322,0.023864644183092382,3.3781308766144353,46.09485077824571,109.61958788868105,0.4736730901368489,0.9813032770605754,ok
run_v2_000413,3.4,1.1,0.001,0.06,500,30,95,1,15,50,24410.81195,48.82162391,33.1767807,44.90380842,0.0,143.4318695,113.5,156.8275395,145.5,82.9389545,0.8233538899,3.725184039,3.5754239468253157,43.862641698546,112.96489780145401,0.016313559627807256,3.3972249630981595,47.73616016460275,114.43431478903766,0.5390310464538802,0.976624666355346,ok
run_v2_000414,3.4,1.1,0.001,0.06,500,30,100,1,15,50,21202.88029,42.40576059,30.69150925,37.40708311,0.0,130.4495697,141.5,162.5816419,151.5,85.06927383,0.7554227097,3.515066378,3.6525616851797063,44.511675890287115,118.06996600971289,0.011801661236804564,3.4056931068661216,49.784893801694665,119.76717584479876,0.6172313449276814,0.9706364160578597,ok
run_v2_000415,3.4,1.1,0.0015,0.06,500,30,60,1,15,50,128451.5105,256.9030209,46.60059547,360.4356896,0.0,1172.787231,60.5,92.51273614,80.5,57.52286985,1.401116096,6.21044724,2.586556451292527,35.76675703086646,56.745979109133536,4.482906260966126,2.793275032704707,32.7434524153305,58.718015700966816,0.11617807370109366,0.9979809999085565,ok
run_v2_000416,3.4,1.1,0.0015,0.06,500,30,65,1,15,50,84881.95454,169.7639091,47.71440506,215.9444763,0.0,683.4790649,67.5,106.4499997,94.5,63.26018477,1.255689432,5.469776223,2.83159030680443,37.593715250471156,68.85628444952884,1.0501206173926032,2.9699960599113235,35.83987254803389,70.60440770735077,0.17442753300491246,0.9962093440839519,ok
run_v2_000417,3.4,1.1,0.0015,0.06,500,30,70,1,15,50,61668.73329,123.3374666,46.0122757,145.6468657,0.0,448.374176,84.5,117.286647,105.5,67.66729718,1.148270781,4.985004808,3.00427360266146,39.03993527623342,78.24671172376658,0.41341541841485746,3.053807013760376,38.74623946758453,79.5772983753642,0.22638171111106806,0.9943914910487069,ok
run_v2_000418,3.4,1.1,0.0015,0.06,500,30,75,1,15,50,47832.96141,95.66592282,44.4883709,106.5831267,0.0,326.374939,94.5,126.7112652,114.5,70.99731,1.035667695,4.457760319,3.1852730442636825,39.78034643786431,86.93091876213568,0.14151984411816237,3.207364414439405,40.044964634661,88.39382991203516,0.2846570901209893,0.991761889400894,ok
run_v2_000419,3.4,1.1,0.0015,0.06,500,30,80,1,15,50,38442.60951,76.88521902,41.21245193,81.01926873,0.0,261.1655579,108.5,135.1390714,123.5,74.70450546,0.9941727673,4.340249861,3.2724142153555253,41.2964443088749,93.8426270911251,0.07428065551868095,3.2600271621072032,42.32048013774582,95.64543462472395,0.3715479192208144,0.9870475613996372,ok
run_v2_000420,3.4,1.1,0.0015,0.06,500,30,85,1,15,50,31495.82486,62.99164972,35.82624054,63.63135061,0.0,220.3930054,107.5,141.6991286,129.5,76.93999021,0.9172599368,4.056145327,3.391798982596869,41.77698304853864,99.92214555146136,0.04520266940109286,3.2928124442859716,44.20625633984249,101.35665465128649,0.42493416578680965,0.98402812576695,ok
run_v2_000421,3.4,1.1,0.0015,0.06,500,30,90,1,15,50,26517.65719,53.03531438,31.86776733,51.93097138,0.0,173.5632172,90.5,148.2613878,136.5,79.02311902,0.8875836658,3.966568759,3.5200415326204837,42.11921547687742,106.14217232312258,0.016707462395242633,3.466902289198989,43.898437698973304,108.29315645185643,0.45320022115552816,0.9820927621357437,ok
run_v2_000422,3.4,1.1,0.0015,0.06,500,30,95,1,15,50,22622.52509,45.24505018,29.4971447,42.65336444,0.0,144.2938843,99.5,153.1748376,141.5,80.89662611,0.8307754568,3.810852065,3.5852053734339244,42.72414594014973,110.45069165985028,0.018033559957794276,3.369155201476057,47.24496609411846,111.93065716544069,0.5563842072587184,0.9750281644139877,ok
run_v2_000423,3.4,1.1,0.0015,0.06,500,30,100,1,15,50,19422.5668,38.8451336,27.43999863,35.42741743,0.0,120.2887344,117.5,158.3244464,146.5,83.16819478,0.7902912004,3.64851446,3.6239434025353567,43.68844344788448,114.63600295211552,0.01088922878838886,3.4296423988414335,47.954736674378964,116.51286144934737,0.6062720801193278,0.9708218856255518,ok
run_v2_000424,3.4,1.1,0.002,0.06,500,30,60,1,15,50,122432.3962,244.8647925,40.83203506,347.2806218,0.0,1124.449585,63.5,90.80957223,79.5,56.50570421,1.402486438,6.298585023,2.5827280321879593,35.160330897508636,55.64924133249135,5.019967035268311,2.757196566964008,32.70656155282445,57.47185767782015,0.1158982216406798,0.9979700435627751,ok
run_v2_000425,3.4,1.1,0.002,0.06,500,30,65,1,15,50,80168.77232,160.3375446,39.22561455,207.2857104,0.0,671.8695068,71.5,104.268492,92.5,61.80956667,1.235611762,5.368516769,2.8457371751633853,36.64023962227415,67.62825237772584,1.10907499796424,2.9550112953212224,35.31546887941013,69.04214055881192,0.17640143326167618,0.9960330388926828,ok
run_v2_000426,3.4,1.1,0.002,0.06,500,30,70,1,15,50,58188.82535,116.3776507,41.39978218,139.93079,0.0,452.2597656,72.5,115.1555801,103.5,66.34785487,1.14557507,4.948623591,3.0124247206705226,38.22687395632845,76.92870614367155,0.36489177568713993,3.0895351056861204,37.516558633513455,78.39216630925807,0.22364587438311676,0.9943255612092594,ok
run_v2_000427,3.4,1.1,0.002,0.06,500,30,75,1,15,50,44852.32023,89.70464047,37.73155785,101.7479807,0.0,330.7626953,98.5,124.3311133,112.5,69.79513226,1.062517639,4.620600729,3.173287169993765,39.180542648538264,85.15057065146173,0.15524848038804243,3.181114670883736,39.64444427335357,86.46907902364418,0.3031141281283705,0.9905369628166887,ok
run_v2_000428,3.4,1.1,0.002,0.06,500,30,80,1,15,50,35695.18567,71.39037134,36.13430023,76.94514143,0.0,256.1806335,100.5,132.1434925,120.5,72.60198987,0.9761079867,4.276909513,3.3127946319182207,39.88882716327164,92.25466533672837,0.07809368144811411,3.2462165068431585,41.59595348576003,93.4335173375944,0.3431351634303708,0.9887403645879485,ok
run_v2_000429,3.4,1.1,0.002,0.06,500,30,85,1,15,50,29298.45304,58.59690608,31.19749737,60.89842897,0.0,190.4068298,101.5,138.9345072,127.5,74.78922651,0.9305773347,4.120042043,3.450977808910334,40.25946120003287,98.67504599996715,0.034016860944798395,3.3680094742683853,42.26085286172793,100.07409996723395,0.3733670642376423,0.987194914966527,ok
run_v2_000430,3.4,1.1,0.002,0.06,500,30,90,1,15,50,24121.86458,48.24372917,28.7760067,47.75248877,0.0,160.0167236,102.5,145.6045268,133.5,78.26603429,0.9010039026,4.034821859,3.461011934440442,42.069929130001846,103.53459766999815,0.024837540770049883,3.3543555882756695,44.66962025064508,105.16817006325826,0.46982967530484515,0.9809215414221957,ok
run_v2_000431,3.4,1.1,0.002,0.06,500,30,95,1,15,50,20793.48647,41.58697295,26.55131721,39.77649787,0.0,135.5583954,103.5,150.7358176,139.5,80.10497848,0.8340605203,3.790155571,3.540901988082873,42.569892673480034,108.16592492651995,0.017618788121051384,3.369860541049851,46.30526259026706,109.73701465562574,0.5487870074166559,0.9751016310375409,ok
run_v2_000432,3.4,1.1,0.002,0.06,500,30,100,1,15,50,17549.0949,35.09818979,23.92967892,32.66277209,0.0,111.3121185,144.5,155.1033714,144.5,81.76381908,0.8025796503,3.736940325,3.598488662452505,43.102364895125504,112.00100650487448,0.008609349195775884,3.4795723235650096,46.362984106514574,114.96037222839796,0.6056640124729391,0.9700396477993524,ok
run_v2_000433,3.4,1.1,0.0025,0.06,500,30,60,1,15,50,116716.1602,233.4323203,33.78502846,336.1108037,0.0,1080.013428,62.5,89.24976214,78.5,55.19763034,1.37892544,6.146798011,2.614407419562606,34.13766403513788,55.11209810486212,4.498198036302398,2.79097273586877,31.728999521636634,56.825773079644456,0.10433939609145133,0.9982933162628468,ok
run_v2_000434,3.4,1.1,0.0025,0.06,500,30,65,1,15,50,75702.90628,151.4058126,35.37406921,198.2335771,0.0,634.5960083,76.5,102.5811489,91.5,60.57746026,1.239783497,5.464270247,2.8675631771327414,35.772934217466926,66.80821468253309,1.0642680756267326,2.9611757784841735,34.820080074430194,68.28829764685189,0.15775889434051724,0.9967732818960612,ok
run_v2_000435,3.4,1.1,0.0025,0.06,500,30,70,1,15,50,54870.0795,109.740159,33.78348923,134.1532655,0.0,410.1533508,82.5,112.9662659,101.5,64.72335458,1.138147493,4.968028455,3.046319916495734,37.08286358510508,75.88340231489492,0.3824662935321325,3.0738056138574064,37.14676427717004,77.035168294633,0.2167990032250139,0.9946010572918239,ok
run_v2_000436,3.4,1.1,0.0025,0.06,500,30,75,1,15,50,41905.51991,83.81103982,31.6045475,96.35264479,0.0,293.3034363,81.5,121.9120123,110.5,68.49763479,1.058022796,4.637198059,3.1676839814369027,38.48616623830611,83.42584606169389,0.1682633281599875,3.155581577447148,39.29023243935034,84.69330121987991,0.2722458913785381,0.9922395416192703,ok
run_v2_000437,3.4,1.1,0.0025,0.06,500,30,80,1,15,50,33369.5109,66.7390218,30.74961376,72.85106563,0.0,251.1134796,95.5,129.7491883,118.5,71.54704626,0.978237545,4.342589763,3.288712288077398,39.4528851825625,90.29630311743747,0.0792724678823833,3.2360049582491612,41.15740850783396,92.02816949220295,0.3864655865926734,0.9855543603930806,ok
run_v2_000438,3.4,1.1,0.0025,0.06,500,30,85,1,15,50,27325.29737,54.65059473,28.08632565,57.25331653,0.0,187.9568634,93.5,136.5790803,125.5,74.18909354,0.9313697161,4.161647526,3.3891300816518606,40.29915553829418,96.2799247617058,0.03933717643761129,3.3227589329093457,42.27281442954551,98.18955733544593,0.4212450187320313,0.9836128854371057,ok
run_v2_000439,3.4,1.1,0.0025,0.06,500,30,90,1,15,50,22528.14661,45.05629323,26.40900707,45.81268713,0.0,156.9436188,123.5,142.5827144,131.5,75.69944821,0.8683847256,3.931013035,3.5477117705470373,40.19005026950499,102.39266413049498,0.018942842402019582,3.4256836448728762,42.818664958281495,103.86453528459477,0.43179758510649724,0.9833166572327461,ok
run_v2_000440,3.4,1.1,0.0025,0.06,500,30,95,1,15,50,19025.12348,38.05024696,24.08308506,36.86844918,0.0,116.029892,111.5,147.661941,136.5,78.67648565,0.8294216687,3.812509019,3.5224694956982856,41.920005604116064,105.74193539588396,0.02102184077817534,3.31608013853672,46.295077099722114,107.22310858269252,0.4935848996136678,0.9797066394274876,ok
run_v2_000441,3.4,1.1,0.0025,0.06,500,30,100,1,15,50,16121.6722,32.2433444,21.11720562,30.61389219,0.0,105.9750214,129.5,151.8235977,140.5,80.55082097,0.8348273727,3.842637266,3.5525370408954537,42.73666845757399,109.086929242426,0.013788740019125736,3.357725408968901,47.03094436753208,110.88605254313319,0.5981434649313991,0.9710394981585088,ok
run_v2_000442,3.4,1.1,0.003,0.06,500,30,60,1,15,50,111427.826,222.855652,32.78198814,324.0687517,0.0,1027.891602,55.5,87.71047347,77.5,54.33015063,1.372011068,6.123228441,2.606280127045243,33.653509674509905,54.05696379549009,4.990987788593107,2.7573860482572154,31.67527669973737,55.66568934680531,0.10951544650753436,0.998098902745411,ok
run_v2_000443,3.4,1.1,0.003,0.06,500,30,65,1,15,50,71593.80563,143.1876113,31.1303072,189.5795101,0.0,625.4248657,61.5,100.7105538,89.5,59.68075419,1.225022404,5.387403999,2.847615595954861,35.366625306822634,65.34392849317736,1.2000365747996988,2.926243559714201,34.572760825222375,66.59555788112402,0.15812633107437893,0.9966933311475512,ok
run_v2_000444,3.4,1.1,0.003,0.06,500,30,70,1,15,50,51366.88779,102.7337756,29.25748253,127.2148584,0.0,392.2832336,88.5,110.808187,99.5,63.57188287,1.126426365,4.938927387,3.0381803412348765,36.47189256545638,74.33629443454363,0.40607915254948845,3.0538235456513902,36.72503497925955,75.42674155527418,0.2171360871093685,0.9944746616308391,ok
run_v2_000445,3.4,1.1,0.003,0.06,500,30,75,1,15,50,39594.84205,79.1896841,29.46422863,92.9288804,0.0,299.1212463,85.5,119.5151282,107.5,67.22303161,1.07584219,4.707787075,3.1608913991147185,37.81057717878982,81.70455102121018,0.14514102262174128,3.2003222531391216,37.84443231014875,83.26994656943747,0.2717217868695396,0.9919460087103533,ok
run_v2_000446,3.4,1.1,0.003,0.06,500,30,80,1,15,50,31224.30586,62.44861172,27.61897469,69.6970053,0.0,224.6208801,98.5,126.7885497,115.5,69.9367235,0.9897405724,4.379063467,3.286620079560296,38.577184654991385,88.21136504500862,0.07666790595079111,3.2499680860218594,39.910300167489375,89.79690168040396,0.32795280546809413,0.9891899900765477,ok
run_v2_000447,3.4,1.1,0.003,0.06,500,30,85,1,15,50,24979.80137,49.95960274,24.18309498,53.17306622,0.0,168.0871277,92.5,133.9264286,122.5,72.97336265,0.9370309961,4.194141431,3.3682464208672602,39.76146987651707,94.16495872348293,0.04333076840574541,3.291244092193923,41.8211066252421,95.8223634840981,0.3899891116337146,0.9856929346836887,ok
run_v2_000448,3.4,1.1,0.003,0.06,500,30,90,1,15,50,20846.02853,41.69205705,22.32832146,43.12728783,0.0,141.5280762,85.5,139.3040753,128.5,74.82421326,0.8960430928,4.008013904,3.466117852876201,40.190230457514545,99.11384484248546,0.024062667126313962,3.364787079393092,42.52171817399187,100.55480973145039,0.4253554646542617,0.9835225391807833,ok
run_v2_000449,3.4,1.1,0.003,0.06,500,30,95,1,15,50,17572.42847,35.14485693,21.39684582,34.82456911,0.0,111.8271561,110.5,145.1478018,134.5,77.30741145,0.8393929133,3.857848579,3.5251586134139843,41.17482862974775,103.97297317025225,0.015462200996323325,3.3908649974769998,44.403074413971616,106.16175639673128,0.5192175266134987,0.9767836886136969,ok
run_v2_000450,3.4,1.1,0.003,0.06,500,30,100,1,15,50,14885.63622,29.77127244,18.97661114,28.56619139,0.0,97.51587677,99.5,150.1642599,139.5,79.20206397,0.7939443829,3.698830671,3.5946793881414365,41.7740342561231,108.3902256438769,0.012321915405735327,3.37368036702745,46.395033142422186,110.1269792977554,0.5932843183867477,0.9712023210424566,ok
run_v2_000451,3.4,1.1,0.0035,0.06,500,30,60,1,15,50,106697.5545,213.395109,28.41357517,315.3542471,0.0,1022.682129,47.5,86.11140246,75.5,53.0742241,1.361682314,6.068945266,2.6324129412837403,32.711965934192044,53.39943652580795,4.580899399916191,2.7867837813984146,30.73396505973928,54.914950306807704,0.10546415974220288,0.9981692468443972,ok
run_v2_000452,3.4,1.1,0.0035,0.06,500,30,65,1,15,50,68683.26068,137.3665214,28.77539062,185.1423415,0.0,584.1375122,62.5,98.93183759,88.5,58.35670206,1.23224915,5.443191998,2.8740258558052263,34.42273749561725,64.50910009438276,1.0394635091029605,2.9711606036188454,33.45353184773232,65.9422840301583,0.17179251755181826,0.9959589938191991,ok
run_v2_000453,3.4,1.1,0.0035,0.06,500,30,70,1,15,50,49027.268,98.054536,27.72175884,122.9511512,0.0,397.5264587,73.5,109.2710419,98.5,62.5777276,1.127386394,4.956613385,3.0490924408002704,35.8372348564547,73.43380704354529,0.3616829957863327,3.084394114153001,35.891997112975595,74.81306752748283,0.22219144533967955,0.9940724285726185,ok
run_v2_000454,3.4,1.1,0.0035,0.06,500,30,75,1,15,50,37146.96594,74.29393188,28.48799419,88.27012295,0.0,282.2724609,87.5,117.699328,106.5,65.87768688,1.051911353,4.629592677,3.192061743092293,36.872509829956925,80.82681817004308,0.14884418003811972,3.1866410183916813,37.565032550152665,82.14124103138248,0.27252852641624303,0.9918225429865513,ok
run_v2_000455,3.4,1.1,0.0035,0.06,500,30,80,1,15,50,28986.99089,57.97398179,25.47964573,65.23058277,0.0,212.3444672,75.5,125.422792,114.5,69.25545096,0.9803330919,4.31385286,3.279782206558522,38.241195329736925,87.18159667026309,0.08753629528484318,3.2038400365191086,40.05179529807048,88.2677500123555,0.3264489477466653,0.9892655003439329,ok
run_v2_000456,3.4,1.1,0.0035,0.06,500,30,85,1,15,50,23353.85822,46.70771643,21.52914238,50.65431002,0.0,158.8920288,107.5,131.1870041,120.5,71.5641127,0.9448747152,4.23265574,3.3604005456832082,39.039097368474025,92.14790673152599,0.04560291236191523,3.276484436098,41.22626836389359,93.85095828880311,0.39648091817509123,0.9849765148866216,ok
run_v2_000457,3.4,1.1,0.0035,0.06,500,30,90,1,15,50,19270.19198,38.54038396,21.46309662,40.22213149,0.0,129.6091919,106.5,137.6311967,126.5,74.07518847,0.9024442324,4.075097955,3.4521387429859476,39.86838506408206,97.76281163591791,0.02499573384770819,3.342017377518852,42.444233763636376,99.40513304990878,0.4395850620301256,0.9823625645409945,ok
run_v2_000458,3.4,1.1,0.0035,0.06,500,30,95,1,15,50,16155.62582,32.31125163,19.27305508,32.60744689,0.0,105.3376465,111.5,141.8625082,130.5,75.82922908,0.8477677152,3.889046088,3.4999511819607334,40.532710550701495,101.32979764929848,0.02198255189579891,3.298564639434149,44.59934046919436,102.51446694457458,0.4734367340848443,0.9805760163266335,ok
run_v2_000459,3.4,1.1,0.0035,0.06,500,30,100,1,15,50,13681.32275,27.3626455,17.91015148,26.77159349,0.0,91.49650574,117.5,146.9934598,136.5,77.98529699,0.8160323738,3.788327878,3.5527983894566564,41.3739941552046,105.61946564479541,0.01360671939202021,3.3458495355843687,45.74021677303095,107.29966627454301,0.5760385305540834,0.9723564384613028,ok
run_v2_000460,3.4,1.1,0.004,0.06,500,30,60,1,15,50,101548.0046,203.0960092,23.62528515,303.2977523,0.0,1022.233521,53.5,84.81579574,74.5,52.02643414,1.357807831,6.148397252,2.657696354469789,31.913275418899673,52.90252032110032,4.451203728983375,2.790120154565717,30.368852267358886,54.36389451482791,0.10605261855607431,0.9981190729716718,ok
run_v2_000461,3.4,1.1,0.004,0.06,500,30,65,1,15,50,64605.96568,129.2119314,25.83469296,175.7561723,0.0,550.4163818,72.5,97.62290567,86.5,57.5642378,1.22074036,5.381342596,2.8760600045852374,33.9432784831895,63.679627186810485,1.0103654318545998,2.972761911084187,33.00105008746507,65.10321463833256,0.16257827639443348,0.9963065025664389,ok
run_v2_000462,3.4,1.1,0.004,0.06,500,30,70,1,15,50,46224.80073,92.44960145,25.68650913,117.442999,0.0,367.8988342,79.5,107.5196991,96.5,61.55214143,1.132050196,5.011894957,3.0513339905957757,35.236948636686826,72.28275046331316,0.3717428656380285,3.07432762487299,35.42829758653128,73.48989638596291,0.20332819682968323,0.9949347195667771,ok
run_v2_000463,3.4,1.1,0.004,0.06,500,30,75,1,15,50,34521.68808,69.04337615,23.10951519,82.98644736,0.0,266.6036072,83.5,115.4883576,104.5,64.89168574,1.050207461,4.652258006,3.1673663441641455,36.46195136624681,79.02640623375322,0.17123290949443187,3.1414722022364217,37.516920072152544,80.34144144804031,0.29364362028564794,0.9904240095355519,ok
run_v2_000464,3.4,1.1,0.004,0.06,500,30,80,1,15,50,27068.49189,54.13698377,21.09531879,62.3344858,0.0,197.2054443,85.5,122.4876947,111.5,67.72596298,1.01258876,4.496154392,3.2709548107186524,37.44707640063318,85.04061829936684,0.08086144669887824,3.2281252378431566,38.78566592130396,86.4193211058106,0.3122608563779023,0.9898221294152241,ok
run_v2_000465,3.4,1.1,0.004,0.06,500,30,85,1,15,50,21761.31519,43.52263038,20.02948093,47.72109162,0.0,154.7308044,94.5,129.2446823,118.5,70.67035678,0.9389857191,4.190889924,3.344650932542772,38.64220359813204,90.60247870186795,0.051900429285484,3.2367524017070104,41.0846335892645,91.89615285403988,0.37930252283383686,0.9860922970455686,ok
run_v2_000466,3.4,1.1,0.004,0.06,500,30,90,1,15,50,17788.32689,35.57665378,18.741395,37.74462669,0.0,125.1028748,100.5,134.7943036,123.5,72.80492897,0.9008404868,4.08996591,3.427847666593686,39.32330625822341,95.4709973417766,0.024700016060446753,3.339926100517734,41.697576665281105,97.56924796743047,0.46568903596269867,0.9798241315123992,ok
run_v2_000467,3.4,1.1,0.004,0.06,500,30,95,1,15,50,14942.57226,29.88514452,15.94356728,30.76329124,0.0,99.95588684,126.5,139.8226964,129.5,74.57486004,0.8654259013,3.972218602,3.5153652234700443,39.774728232072555,100.04796816792746,0.016153022984480476,3.3714208987566368,42.97938416063132,101.92220981421109,0.4818835866826274,0.979293228971855,ok
run_v2_000468,3.4,1.1,0.004,0.06,500,30,100,1,15,50,12708.75421,25.41750841,15.52536631,25.44212721,0.0,80.00039673,91.5,144.3814864,133.5,76.14894231,0.8228979768,3.839083383,3.5949699634805965,40.16208420840657,104.21940219159343,0.010636510543609813,3.406821368761308,44.08139882370911,106.09605265379267,0.523190702760855,0.9764574987333343,ok
run_v2_000469,3.4,1.1,0.0045,0.06,500,30,60,1,15,50,97682.36969,195.3647394,22.20623016,294.5132049,0.0,963.2219849,51.5,83.79461905,73.5,51.2486602,1.342474406,6.062807683,2.673420227540292,31.34360179772265,52.45101725227734,4.290227656406618,2.8003687922356293,29.87515338516032,53.786293817895256,0.09660162803519858,0.9984032684390809,ok
run_v2_000470,3.4,1.1,0.0045,0.06,500,30,65,1,15,50,61636.22135,123.2724427,22.43088055,169.9521978,0.0,550.4297485,63.5,95.53199386,85.5,56.36708595,1.215872669,5.425256406,2.8724105778569795,33.25847446616548,62.273519393834505,1.240780068161314,2.915276696338099,33.0364558752329,63.27395406743546,0.16074049613666827,0.9963488280902505,ok
run_v2_000471,3.4,1.1,0.0045,0.06,500,30,70,1,15,50,43641.11113,87.28222225,22.53494358,112.1456746,0.0,369.1490173,62.5,105.4285852,94.5,60.54579692,1.115200396,4.948753502,3.032136562642427,34.77039474373864,70.65819045626135,0.4167221790674439,3.0413975407394376,35.15473638574549,71.76479240320405,0.20607368558987732,0.9946963149844363,ok
run_v2_000472,3.4,1.1,0.0045,0.06,500,30,75,1,15,50,32707.47186,65.41494371,20.01102924,79.67870098,0.0,257.7452393,82.5,113.7544796,103.5,63.85307721,1.058975972,4.721316223,3.1737546683176765,35.84224096952593,77.91223863047408,0.16103683095766783,3.156540922688896,36.78813740821622,79.33512379032051,0.26682492774035993,0.9919035503931178,ok
run_v2_000473,3.4,1.1,0.0045,0.06,500,30,80,1,15,50,25483.29047,50.96658094,20.33121681,58.98391471,0.0,181.7811584,70.5,120.4139258,109.5,67.00209975,0.9782149813,4.342087984,3.2298072516742637,37.28207797464693,83.13184782535308,0.11558645754364878,3.1257232722467223,39.5379479781742,84.04673615408514,0.3331127105297358,0.988491116501632,ok
run_v2_000474,3.4,1.1,0.0045,0.06,500,30,85,1,15,50,20267.22285,40.5344457,18.24946117,45.28955275,0.0,148.7375336,117.5,126.3818453,116.5,69.1636502,0.9380425308,4.222449593,3.338978119439809,37.85045627109514,88.53138902890484,0.05319229805194628,3.228014191199959,40.40390968697781,90.02048416254806,0.40309457307875435,0.9840029873866425,ok
run_v2_000475,3.4,1.1,0.0045,0.06,500,30,90,1,15,50,16581.67313,33.16334627,16.60169125,35.76607996,0.0,120.169136,91.5,131.7449862,120.5,71.39741241,0.9057288368,4.115651271,3.4048912702531773,38.692861458158646,93.05212474184135,0.031128083571545933,3.2807030531657295,41.47755817626214,94.59799357046023,0.3939836153548108,0.9852876798526952,ok
run_v2_000476,3.4,1.1,0.0045,0.06,500,30,95,1,15,50,13851.14428,27.70228855,15.76134968,28.77421797,0.0,92.14398956,120.5,136.9528191,126.5,73.82091653,0.8555510269,3.913986493,3.4417798444797216,39.7912781433882,97.16154095661177,0.025989879839046368,3.2433627732262558,43.84937274408527,98.37005044340293,0.4920012973828064,0.9785180097058293,ok
run_v2_000477,3.4,1.1,0.0045,0.06,500,30,100,1,15,50,11543.75339,23.08750679,13.47079706,23.19452109,0.0,77.33631897,121.5,141.8594418,130.5,76.36045153,0.8400402225,3.855863839,3.4512746196157478,41.10349289324132,100.7559489067587,0.01814182740729665,3.2580940042350957,45.29875212449291,102.28884057164923,0.5678496550299779,0.9725137517220475,ok
run_v2_000478,3.4,1.1,0.005,0.06,500,30,60,1,15,50,93617.99863,187.2359973,18.53729248,285.2592848,0.0,930.7908936,65.5,82.40348378,72.5,50.43818951,1.341451636,6.090361039,2.6691450009661115,30.87261417052038,51.53086960947962,4.532612701932177,2.7833346528494816,29.611787134393538,52.80772612956645,0.11055828173035312,0.9978704575933456,ok
run_v2_000479,3.4,1.1,0.005,0.06,500,30,65,1,15,50,58789.26111,117.5785222,20.15138531,163.984291,0.0,534.0710449,66.5,94.44925224,84.5,55.55340581,1.213648082,5.375382639,2.8905179398605534,32.675546114948695,61.77370612505131,1.0626895324566303,2.9578334225539957,32.14993359188464,62.94421451908318,0.148278065674915,0.9967987665601264,ok
run_v2_000480,3.4,1.1,0.005,0.06,500,30,70,1,15,50,41258.77115,82.51754229,20.82157898,107.4221741,0.0,331.7529907,67.5,103.7545221,93.5,59.60866395,1.125604996,5.001944245,3.0296697668519683,34.24614894837465,69.50837315162536,0.42453206587996006,3.032722452689957,34.75921094373791,70.65582852312254,0.21673879828184198,0.9940404246579438,ok
run_v2_000481,3.4,1.1,0.005,0.06,500,30,75,1,15,50,30569.90972,61.13981943,17.63352966,75.54480633,0.0,248.2461853,72.5,111.2444271,100.5,62.70168267,1.047361031,4.650818439,3.1477348041965474,35.34110527725823,75.90332182274177,0.19849944311715004,3.098822039623565,36.64890570171002,76.91953101483473,0.25680955437904346,0.9923659566137332,ok
run_v2_000482,3.4,1.1,0.005,0.06,500,30,80,1,15,50,23757.25373,47.51450747,16.75266838,55.94991656,0.0,173.2683868,96.5,118.3487531,108.5,65.59034567,0.9837687772,4.416303993,3.255723646878233,36.35098243472823,81.99777066527174,0.09335927473601091,3.178080142487895,38.299427934875055,83.41922345359752,0.33290043808024805,0.9881617988770294,ok
run_v2_000483,3.4,1.1,0.005,0.06,500,30,85,1,15,50,18906.16272,37.81232544,15.77023649,42.50152602,0.0,136.335495,97.5,124.7591348,114.5,68.51004181,0.941460213,4.290773495,3.316165856364739,37.62150031203927,87.13763448796072,0.0695301737063862,3.145287633182438,41.10976923151836,88.19227953536024,0.40248490312377816,0.984208830775124,ok
run_v2_000484,3.4,1.1,0.005,0.06,500,30,90,1,15,50,15517.23941,31.03447881,14.2278018,33.95077483,0.0,107.8718262,105.5,129.4036112,119.5,70.25199731,0.8999351962,4.114055375,3.3929342223916206,38.13914527019202,91.26446592980798,0.03801284567302915,3.2226955878313444,41.626197243442455,92.52236495119682,0.4461489773044404,0.9811729948882396,ok
run_v2_000485,3.4,1.1,0.005,0.06,500,30,95,1,15,50,12899.39071,25.79878141,12.51883554,27.4621533,0.0,91.43691254,90.5,133.9110786,123.5,72.28258885,0.8889897199,4.059254022,3.4321449314871346,39.01673189015852,94.89434670984149,0.026260116673380476,3.2422717726769075,42.84352890802096,96.06683551232248,0.48442575937284343,0.9786832701126927,ok
run_v2_000486,3.4,1.1,0.005,0.06,500,30,100,1,15,50,10705.35606,21.41071212,12.27759743,21.93106472,0.0,74.30726624,109.5,139.094332,128.5,74.57944033,0.8436077599,3.916641005,3.4784088423227457,39.98791927722856,99.10641272277145,0.016417528845851275,3.27953811738673,44.23089940065359,100.82602115008774,0.5139581930958391,0.9769578769077988,ok
run_v2_000487,3.4,1.1,0.001,0.07,500,30,60,1,15,50,135832.961,271.665922,36.21358681,401.6701867,0.0,1341.934326,58.5,86.83917012,76.5,53.79219485,1.446242966,6.557693803,2.606110338718428,33.32137125195694,53.51779886804305,4.347085891268182,2.874277411725056,29.840679732596524,55.92971197332735,0.11947619575366918,0.997597905044632,ok
run_v2_000488,3.4,1.1,0.001,0.07,500,30,65,1,15,50,90580.11021,181.1602204,36.56030083,243.0875158,0.0,759.6846313,76.5,99.89355397,88.5,59.29528754,1.294877816,5.778391328,2.8381449384377953,35.196776816121506,64.69677715387849,1.2217753527872812,3.0003412294060974,33.27396352600177,66.55928110681603,0.15572151036946189,0.9966696199589489,ok
run_v2_000489,3.4,1.1,0.001,0.07,500,30,70,1,15,50,66189.61012,132.3792202,37.63351059,165.3112277,0.0,522.7052002,68.5,110.4042824,98.5,63.74387816,1.180708995,5.145696325,2.9998177738165106,36.80366299701546,73.60061940298453,0.44705644290643853,3.1079740070534343,35.63741948421219,75.1227539511789,0.2031021683281137,0.995001408952312,ok
run_v2_000490,3.4,1.1,0.001,0.07,500,30,75,1,15,50,52009.81046,104.0196209,37.41047859,122.6346851,0.0,381.3390808,102.5,119.8082827,108.5,66.70657683,1.086980782,4.829770445,3.225792123002727,37.14073261127457,82.66755008872545,0.1513932743373657,3.2600311064636047,37.32752263298224,84.36136227776409,0.26640501723122506,0.9922390098141348,ok
run_v2_000491,3.4,1.1,0.001,0.07,500,30,80,1,15,50,41850.94817,83.70189633,37.42853928,93.99068156,0.0,301.1022339,89.5,127.5954308,116.5,70.05254846,1.029017315,4.54904145,3.3175873520757944,38.46030782585553,89.13512297414447,0.0647236727262871,3.3741885036676793,38.41957530624685,91.21531400788592,0.3268435732885983,0.9889641942631111,ok
run_v2_000492,3.4,1.1,0.001,0.07,500,30,85,1,15,50,34253.16761,68.50633522,32.70368195,73.59103988,0.0,247.8777466,101.5,134.2518984,122.5,72.9496905,0.9735240241,4.282056858,3.3868344124354115,39.63934519711634,94.61255320288363,0.04335017228034896,3.380219913883172,40.44558434675202,96.26938529078068,0.36648327055379004,0.9870034636391433,ok
run_v2_000493,3.4,1.1,0.001,0.07,500,30,90,1,15,50,29134.42575,58.26885149,31.32452202,59.85897634,0.0,194.4211884,112.5,140.5453752,129.5,75.39636532,0.9187850602,4.163888148,3.4748198866596196,40.44680869347382,100.0985665065262,0.027463899980430213,3.406767512252365,42.52919401440705,102.35788247615261,0.44317328217233865,0.9822634036750153,ok
run_v2_000494,3.4,1.1,0.001,0.07,500,30,95,1,15,50,25104.42805,50.20885611,28.98751545,50.09743751,0.0,161.7988586,97.5,145.5891038,134.5,77.24312758,0.8721774202,3.949159098,3.552532381003806,40.9817809342141,104.6073228657859,0.019747693267955148,3.4228357073095417,43.8541492822397,106.25139879469346,0.4838667101314303,0.9796648246006793,ok
run_v2_000495,3.4,1.1,0.001,0.07,500,30,100,1,15,50,21308.56865,42.6171373,27.05675888,41.14332894,0.0,133.3747864,108.5,150.6954196,139.5,78.87113602,0.8079873105,3.734161693,3.6505971611355137,41.27966273691135,109.41575686308867,0.013059917884314787,3.452494932779409,45.233189602310084,110.93416829311573,0.5246524878773866,0.977009423193053,ok
run_v2_000496,3.4,1.1,0.0015,0.07,500,30,60,1,15,50,129708.3328,259.4166656,33.50137329,387.9080091,0.0,1264.708008,57.5,85.36077873,74.5,52.71318694,1.419737471,6.406182007,2.6222747284692693,32.55218753522009,52.80859119477991,4.544452042931816,2.8604902139713486,29.52175506382387,54.924936395503416,0.10066883855161171,0.9982592800694369,ok
run_v2_000497,3.4,1.1,0.0015,0.07,500,30,65,1,15,50,85569.09631,171.1381926,34.1642971,232.8194716,0.0,742.0061646,61.5,98.24653079,87.5,58.41869948,1.30021246,5.777453744,2.8283338986263264,34.7365390054253,63.509991784574694,1.173501164013997,3.011921188820496,32.51853913308313,65.42473791133844,0.14794718556628142,0.9968966157538114,ok
run_v2_000498,3.4,1.1,0.0015,0.07,500,30,70,1,15,50,62534.58819,125.0691764,35.132658,157.6977804,0.0,502.7783203,70.5,108.9347571,97.5,62.48952483,1.152111939,5.069614381,3.0389145892724834,35.846600455486644,73.08815664451336,0.42154132375968645,3.114945379035592,35.31781207264855,74.69524344069549,0.23265299070945322,0.9933955825940655,ok
run_v2_000499,3.4,1.1,0.0015,0.07,500,30,75,1,15,50,48494.52126,96.98904252,31.66242218,115.8758026,0.0,367.3370056,98.5,117.5546449,106.5,65.77386102,1.095664594,4.873208821,3.1942795069515286,36.801615088527015,80.753029811473,0.1630933523392347,3.237106480715755,36.884977536606286,82.51562228819697,0.2620801112082932,0.9923300765223162,ok
run_v2_000500,3.4,1.1,0.0015,0.07,500,30,80,1,15,50,39059.52318,78.11904636,31.11549187,88.77235219,0.0,289.228241,77.5,124.9576222,113.5,68.63691978,1.003024639,4.477077054,3.3144382640268804,37.70099553707861,87.25662666292139,0.08507680092338347,3.2959675151265997,38.7493651972109,88.96728372457345,0.3315506476684706,0.9886541221211932,ok
run_v2_000501,3.4,1.1,0.0015,0.07,500,30,85,1,15,50,31838.45902,63.67691804,29.19070339,69.29718949,0.0,231.5175018,103.5,132.2443805,121.5,71.60391661,0.9664314409,4.321108276,3.4109935388657533,38.770047199788834,93.47433330021117,0.04486297370387947,3.3605555637191946,40.316067151372,95.16831662144784,0.38893752798992326,0.9853600992653931,ok
run_v2_000502,3.4,1.1,0.0015,0.07,500,30,90,1,15,50,26741.2243,53.4824486,27.96599865,55.91567863,0.0,184.6265411,112.5,138.2714574,126.5,74.20349547,0.9051872668,4.058857799,3.4722929058955896,39.82136909165398,98.45008830834603,0.024433598226618607,3.4325922041739765,41.35226673222816,100.59320167774109,0.44875971047251506,0.9812625297252693,ok
run_v2_000503,3.4,1.1,0.0015,0.07,500,30,95,1,15,50,23069.5717,46.13914341,26.63458538,46.67309773,0.0,159.6657562,103.5,143.1378382,132.5,76.27017206,0.876728576,4.005057966,3.5220819392706684,40.64012157242433,102.49771662757567,0.017176456134799106,3.4497600870337117,42.86461816054053,105.00803071563259,0.5083716862430847,0.9770643208757444,ok
run_v2_000504,3.4,1.1,0.0015,0.07,500,30,100,1,15,50,19621.61897,39.24323794,24.11379623,38.42630221,0.0,132.8174438,121.5,148.5181314,137.5,77.98001895,0.8238431735,3.829932784,3.6273735352621417,40.94371036129505,107.57442103870494,0.012286203121327277,3.4587827960250825,44.546976012911465,109.53133823548873,0.5382744524437966,0.9754833582043714,ok
run_v2_000505,3.4,1.1,0.002,0.07,500,30,60,1,15,50,124368.9573,248.7379145,29.16095257,377.1737454,0.0,1251.666748,57.5,83.77329636,73.5,51.89369795,1.441382308,6.569223705,2.6060453559942287,32.14575531746253,51.62754104253748,4.644786795644645,2.8591434966823375,28.919376506127072,53.76527075947413,0.10016604543279552,0.9982184886414706,ok
run_v2_000506,3.4,1.1,0.002,0.07,500,30,65,1,15,50,81435.01552,162.870031,34.3681736,223.504016,0.0,717.9681396,61.5,96.73507374,85.5,57.56840865,1.274046369,5.60875491,2.823576021213426,34.259773072597596,62.4753006674024,1.3372751542573762,2.9715908329436322,32.5002574594869,64.07720967543229,0.14244409705955688,0.9970918331746929,ok
run_v2_000507,3.4,1.1,0.002,0.07,500,30,70,1,15,50,59750.08852,119.500177,29.06634808,153.2573584,0.0,472.4551697,84.5,106.9080418,96.5,60.98487189,1.150185671,5.101419842,3.0730987636901053,34.78835209045717,72.11968970954284,0.39555887371616816,3.136045596294086,34.466864790725204,73.62279475429224,0.18744578207831558,0.9955854430048752,ok
run_v2_000508,3.4,1.1,0.002,0.07,500,30,75,1,15,50,45566.43843,91.13287687,30.3293848,110.1413262,0.0,346.8943176,79.5,115.311022,104.5,64.74106836,1.082473172,4.819676161,3.1723560087364886,36.34870162189867,78.96232037810132,0.18694487072352625,3.1975978188006566,36.69701397588395,80.64527786989977,0.26477646277507016,0.9920553397800024,ok
run_v2_000509,3.4,1.1,0.002,0.07,500,30,80,1,15,50,36268.95135,72.53790269,29.01024437,84.23107065,0.0,268.4345093,96.5,121.9462788,110.5,67.16509006,1.017091559,4.543407075,3.2964758754744525,36.992923172067385,84.95335562793261,0.09287020816863309,3.2755605734170183,37.9777317538226,86.42062904680627,0.3233870311589602,0.9888913750945316,ok
run_v2_000510,3.4,1.1,0.002,0.07,500,30,85,1,15,50,29575.15789,59.15031579,26.07979202,65.34409672,0.0,209.5045929,96.5,129.4485409,118.5,70.53934789,0.9781155239,4.394293928,3.3676848116281,38.438437128389815,91.0101037716102,0.04520545274733155,3.3580678368864993,39.462847978373354,93.05607256974362,0.3587685719657555,0.9871526100447859,ok
run_v2_000511,3.4,1.1,0.002,0.07,500,30,90,1,15,50,24935.78955,49.87157909,25.81138802,53.38569707,0.0,170.9442749,84.5,134.6226692,123.5,72.27148073,0.9084784126,4.119845465,3.4697843886956723,38.79856905189606,95.82410014810394,0.023208058982367406,3.450005923434029,40.13697551440272,98.33582775901324,0.4334359109195771,0.9819568857245189,ok
run_v2_000512,3.4,1.1,0.002,0.07,500,30,95,1,15,50,21051.13817,42.10227634,23.98906994,43.44300191,0.0,137.4794922,104.5,140.4481364,129.5,74.46348727,0.8691087786,4.011856772,3.5575025450744024,39.47941979534484,100.96871660465517,0.014551090809725659,3.48504674479466,41.69109071973844,103.60430928002486,0.4693490814380398,0.9799409052443846,ok
run_v2_000513,3.4,1.1,0.002,0.07,500,30,100,1,15,50,17977.62339,35.95524678,19.95662212,36.21825305,0.0,121.0124435,101.5,145.140186,134.5,76.5578826,0.8512120736,3.913147848,3.594144418212377,40.38240234992797,104.75778365007203,0.009560032962997862,3.524241323570377,42.55137880455537,107.40994875335534,0.5779485443069785,0.9706158096931544,ok
run_v2_000514,3.4,1.1,0.0025,0.07,500,30,60,1,15,50,118749.424,237.498848,24.45214748,363.2852663,0.0,1191.748047,49.5,82.67577907,72.5,50.90145323,1.412474038,6.431484201,2.638130220820514,31.33877866130736,51.33700040869264,4.749263992273399,2.8467049604004475,28.781609097392774,53.15114028846188,0.09436729039452624,0.9984036809255905,ok
run_v2_000515,3.4,1.1,0.0025,0.07,500,30,65,1,15,50,78054.12034,156.1082407,27.83624077,218.2193479,0.0,702.1895142,64.5,94.97513715,84.5,56.02436309,1.282741425,5.759334161,2.873862614609664,33.04790447086135,61.92723267913865,1.0811571945863834,3.0356460242036953,31.327785049175198,63.77228108246146,0.16160783246317487,0.9961219448025566,ok
run_v2_000516,3.4,1.1,0.0025,0.07,500,30,70,1,15,50,56160.23903,112.3204781,28.98770142,145.5853059,0.0,451.9776306,85.5,105.1426314,94.5,60.34759524,1.160757304,5.159073265,3.0355524843076402,34.63706588620599,70.50556551379401,0.41779765132419633,3.1182685908721943,34.050905416884774,72.12896343534688,0.19146487044011068,0.9952884906540465,ok
run_v2_000517,3.4,1.1,0.0025,0.07,500,30,75,1,15,50,42929.59716,85.85919432,25.59215927,105.3942462,0.0,337.7051697,74.5,113.4959977,102.5,63.62480121,1.082024701,4.803933528,3.1820589205056624,35.66747207872704,77.82852562127297,0.1660887991472147,3.229978623252249,35.665858555847414,79.53410215947807,0.2511593366016625,0.9926107408273755,ok
run_v2_000518,3.4,1.1,0.0025,0.07,500,30,80,1,15,50,34063.81298,68.12762596,25.36442471,79.9102417,0.0,259.7364197,92.5,120.4759952,109.5,66.47096835,1.028682373,4.579094002,3.2850125551976417,36.6744398006575,83.80155539934249,0.08953606812182613,3.2797612192764687,37.44765084564486,85.37170215090681,0.29450048436821974,0.9906101096428874,ok
run_v2_000519,3.4,1.1,0.0025,0.07,500,30,85,1,15,50,27552.41153,55.10482305,23.78233242,61.69831296,0.0,196.4893494,96.5,127.6553258,117.5,69.3964198,0.9806437596,4.431189014,3.383792672428856,37.72551635333206,89.92980944666793,0.043007866549016095,3.3629684364234853,38.96364429003085,92.06986162537505,0.3613915667131092,0.9868134374179409,ok
run_v2_000520,3.4,1.1,0.0025,0.07,500,30,90,1,15,50,23275.52654,46.55105307,23.07982826,50.08593416,0.0,157.9058533,90.5,132.5576093,122.5,71.28746981,0.8936218411,4.121816756,3.457665084622587,38.337318987176864,94.22029031282315,0.036420902128404535,3.3210888953379967,41.36106889512571,96.00271771178612,0.4157312587562637,0.9837339768436856,ok
run_v2_000521,3.4,1.1,0.0025,0.07,500,30,95,1,15,50,19606.56767,39.21313534,19.97562408,41.38825906,0.0,132.502121,102.5,137.3871953,126.5,72.91814227,0.8784092161,4.024781072,3.5499425445936152,38.70124475936486,98.68595054063515,0.017957303158960887,3.43431514647623,41.268903880744894,100.46151779536896,0.4660253331039667,0.9799214425202302,ok
run_v2_000522,3.4,1.1,0.0025,0.07,500,30,100,1,15,50,16563.52255,33.1270451,19.61410046,33.51067105,0.0,112.8188095,134.5,142.5297458,131.5,76.03125452,0.8574224362,3.972024488,3.5142018925891496,40.55821212223772,101.97153367776227,0.013376335711696233,3.4277629504594795,43.186434154514146,104.8464248027873,0.5647689202533623,0.9719819318180408,ok
run_v2_000523,3.4,1.1,0.003,0.07,500,30,60,1,15,50,113972.6828,227.9453657,23.13873482,352.1790244,0.0,1191.884277,60.5,81.43734027,71.5,50.07634371,1.405602509,6.414427272,2.644733639195509,30.792265452778114,50.6450748172219,4.709231951026989,2.8477655028786955,28.414845087244945,52.50397052185338,0.10822847006741397,0.9978603013578747,ok
run_v2_000524,3.4,1.1,0.003,0.07,500,30,65,1,15,50,74026.77139,148.0535428,24.01556206,208.2621146,0.0,669.9168701,56.5,93.58614514,83.5,55.20977185,1.256976457,5.67307988,2.8733677482058635,32.57019405136546,61.01595108863452,1.2794159801450833,2.9800030857784554,31.580162101139553,62.528818409640145,0.16105567863527995,0.9961437377461989,ok
run_v2_000525,3.4,1.1,0.003,0.07,500,30,70,1,15,50,52898.79688,105.7975938,22.54653931,138.9722334,0.0,440.2396545,67.5,103.5947968,93.5,59.20367006,1.155684111,5.16148971,3.06181274472506,33.83446521296078,69.76033158703923,0.39402170595612995,3.129416682384932,33.50891860966961,71.35445029610936,0.21075018497553216,0.9941916348676875,ok
run_v2_000526,3.4,1.1,0.003,0.07,500,30,75,1,15,50,40238.69575,80.4773915,24.61328602,100.700657,0.0,328.6808472,95.5,111.0957137,100.5,62.35289735,1.10427408,4.950253788,3.1745438424130996,34.995803874471505,76.0999098255285,0.15761717655130372,3.2465538654317005,34.70088613018465,77.95740986967161,0.2548550169269415,0.9921328040420159,ok
run_v2_000527,3.4,1.1,0.003,0.07,500,30,80,1,15,50,32172.06645,64.34413291,23.4407196,76.2114784,0.0,242.9665527,93.5,118.4313758,108.5,65.40586404,1.003910684,4.493063287,3.278688628221394,36.121568477286615,82.30980732271338,0.10240300502039346,3.2391793003705907,37.42582601220228,83.80313490579455,0.3067959348560996,0.9897404349024943,ok
run_v2_000528,3.4,1.1,0.003,0.07,500,30,85,1,15,50,25786.19285,51.5723857,21.33744049,58.61530938,0.0,188.2085876,97.5,124.8827512,114.5,68.044195,0.9617199166,4.358185117,3.3683929876130327,37.074875663037325,87.80787553696268,0.050866407547036925,3.3188364954126164,38.66152600533258,89.64975746950914,0.3548260079558785,0.987062978466947,ok
run_v2_000529,3.4,1.1,0.003,0.07,500,30,90,1,15,50,21513.18842,43.02637685,18.94522858,47.34895605,0.0,150.5876465,97.5,130.3516752,119.5,69.90488947,0.9153545467,4.20242885,3.4771075734021486,37.48853679337231,92.86313840662766,0.027828959750115574,3.3905710978064536,39.645323237111846,94.77496389383417,0.389892761263976,0.9850959387298909,ok
run_v2_000530,3.4,1.1,0.003,0.07,500,30,95,1,15,50,17941.90192,35.88380385,18.31730938,38.11335915,0.0,126.439209,99.5,135.4733961,124.5,72.24171817,0.874932333,4.044537344,3.5166723190301945,38.52317867857531,96.95021742142468,0.02156497320678873,3.3716076624977305,41.641351757234645,98.75694890422102,0.4772861430456859,0.9790099873714484,ok
run_v2_000531,3.4,1.1,0.003,0.07,500,30,100,1,15,50,15182.79641,30.36559281,17.48881817,31.49167809,0.0,100.1179199,116.5,138.9343059,129.5,73.80701036,0.8468012974,3.991732829,3.5434292294246115,39.208996964378606,99.72530893562141,0.014151772719994817,3.4091302942058297,42.55375502281896,102.51754035768664,0.5835352742707572,0.9697907529270574,ok
run_v2_000532,3.4,1.1,0.0035,0.07,500,30,60,1,15,50,109210.7746,218.4215492,18.99881268,341.7102265,0.0,1160.439819,57.5,80.12518704,70.5,49.20044947,1.404789897,6.435777799,2.6521615350741703,30.21127709619664,49.91390994380336,4.487456639455568,2.865130491010788,27.741392606875262,51.741317214184306,0.10827171005333612,0.9977856902567384,ok
run_v2_000533,3.4,1.1,0.0035,0.07,500,30,65,1,15,50,70386.08138,140.7721628,21.37838936,200.9776678,0.0,636.9937744,58.5,91.8007745,81.5,54.21169581,1.259377031,5.646975359,2.867521646154528,32.01397786241957,59.78679663758042,1.2827760902992664,2.9823517924793546,30.913473453414564,61.2813795121393,0.14523018502782392,0.9967614859712638,ok
run_v2_000534,3.4,1.1,0.0035,0.07,500,30,70,1,15,50,50176.90948,100.353819,22.24285221,133.6161317,0.0,432.572937,81.5,101.7312699,91.5,58.20295396,1.153207672,5.153988313,3.055053907071608,33.29933709664505,68.43193280335494,0.4234525911498085,3.1110695297687356,33.05356425216297,69.77837234299437,0.19317848381671573,0.994997309887959,ok
run_v2_000535,3.4,1.1,0.0035,0.07,500,30,75,1,15,50,37819.52969,75.63905938,21.12711239,95.67395048,0.0,312.9262695,85.5,109.4646218,99.5,61.26532487,1.093003471,4.913850595,3.192405719950352,34.289069561528784,75.17555223847123,0.15531864026833161,3.2430317673043074,34.386823057205135,77.13073649398333,0.250029634780989,0.9923429842623626,ok
run_v2_000536,3.4,1.1,0.0035,0.07,500,30,80,1,15,50,29999.54564,59.99909127,21.14573956,71.65791973,0.0,243.3447113,84.5,116.8991256,106.5,64.75213877,1.013464905,4.581106545,3.2592246010328267,35.86715857598628,81.03196702401374,0.10858525457548147,3.2131351859943327,37.34306782633429,82.64525735943332,0.3211968016299745,0.988685030533136,ok
run_v2_000537,3.4,1.1,0.0035,0.07,500,30,85,1,15,50,24402.33299,48.80466597,18.82385445,56.35819539,0.0,183.5490875,91.5,122.8918575,112.5,66.49742219,0.9560894733,4.392931748,3.4153608613802233,35.98210042447364,86.90975707552636,0.05051959136328626,3.317336901102027,38.22034627472246,88.56941879531173,0.3470553537461276,0.987500740623355,ok
run_v2_000538,3.4,1.1,0.0035,0.07,500,30,90,1,15,50,19824.18704,39.64837408,19.35607529,44.19088877,0.0,140.603302,101.5,128.351664,118.5,69.13837675,0.9253158165,4.239180244,3.446391806549977,37.242330879519734,91.10933312048027,0.02812752110096064,3.3796569524298103,39.16331827832732,93.19526262124307,0.40981518537861167,0.9832751270433333,ok
run_v2_000539,3.4,1.1,0.0035,0.07,500,30,95,1,15,50,16817.92343,33.63584686,16.52534866,36.44751627,0.0,114.2563934,105.5,132.3424544,122.5,70.85029471,0.8865525554,4.115610843,3.4891130992858557,37.93011307861806,94.41234132138196,0.02097500165959757,3.3814166701871087,40.603763660335,96.6944796530593,0.4818002296288143,0.9780089890002791,ok
run_v2_000540,3.4,1.1,0.0035,0.07,500,30,100,1,15,50,13907.0225,27.81404499,14.21513367,29.02813076,0.0,96.75470734,115.5,137.6381953,127.5,73.3117443,0.8457455686,3.945038856,3.524770406872028,39.048839899374805,98.5893554006252,0.014839090894568915,3.3853240848078685,42.290030680314096,100.8754287290169,0.5202573295262066,0.9755670500742822,ok
run_v2_000541,3.4,1.1,0.004,0.07,500,30,60,1,15,50,104846.9472,209.6938943,18.28534603,331.337287,0.0,1114.259399,54.5,78.8007888,69.5,48.162153,1.376228439,6.294970486,2.67700599405646,29.436164496812864,49.364624303187135,4.77626348607106,2.8444348365936247,27.603852967059098,50.91350803665209,0.09290199979475997,0.9983482967641955,ok
run_v2_000542,3.4,1.1,0.004,0.07,500,30,65,1,15,50,66808.83191,133.6176638,20.45662308,192.4512785,0.0,627.0184937,56.5,90.6455824,80.5,53.39791906,1.232559073,5.496938428,2.881672499161571,31.455893210062396,59.1896891899376,1.2508488455432265,2.985450880985414,30.49142663794988,60.53922988081971,0.14350883693363842,0.9967722810218514,ok
run_v2_000543,3.4,1.1,0.004,0.07,500,30,70,1,15,50,47805.52382,95.61104764,19.25319386,129.5441217,0.0,429.4377441,80.5,100.2296668,90.5,56.98078048,1.167040403,5.260982976,3.0941102609130686,32.39369587637848,67.83597092362153,0.3229011101288376,3.1903022019979845,31.697860432909398,69.42789350482624,0.1811925592286062,0.9954079530423853,ok
run_v2_000544,3.4,1.1,0.004,0.07,500,30,75,1,15,50,35738.26695,71.47653391,18.65241432,91.28015123,0.0,298.869873,81.5,107.8470042,97.5,60.57839595,1.09044663,4.884627269,3.169426117101205,34.02729712426241,73.8197070757376,0.1956786933790492,3.1778928885641182,34.488383612137994,75.11200540694661,0.22698343212495967,0.993620264815803,ok
run_v2_000545,3.4,1.1,0.004,0.07,500,30,80,1,15,50,28061.51484,56.12302968,17.05757332,68.39879569,0.0,216.4219513,74.5,114.8430164,104.5,63.22145881,1.022690239,4.657510652,3.299743303811746,34.80362132028193,80.03939507971808,0.0894500041607491,3.265553448074603,36.039490910394434,81.64939289889742,0.2968408378305511,0.9899757908915239,ok
run_v2_000546,3.4,1.1,0.004,0.07,500,30,85,1,15,50,22443.38507,44.88677014,17.80237293,52.32959167,0.0,171.8583679,97.5,121.1118185,110.5,66.17986684,0.9717396296,4.419336695,3.3490472305189396,36.16306673621726,84.94875176378274,0.0565856525100119,3.2787068254101372,38.01026606615297,86.6142527205981,0.37191391089312414,0.9854276266349284,ok
run_v2_000547,3.4,1.1,0.004,0.07,500,30,90,1,15,50,18630.2009,37.2604018,16.00055265,42.11269785,0.0,139.8542938,102.5,125.5288324,115.5,67.76604477,0.9086735889,4.184704961,3.4313316948607175,36.58312386063143,88.94570853936858,0.04004768664707072,3.2841791879101767,39.627247127976155,90.51573316389646,0.42664642454705254,0.9819434251762329,ok
run_v2_000548,3.4,1.1,0.004,0.07,500,30,95,1,15,50,15399.53236,30.79906472,14.42908239,33.60173625,0.0,109.716095,102.5,130.7753217,120.5,70.16134474,0.8747012672,4.04599054,3.4742077559459195,37.641767817766535,93.13355388223347,0.02505661022513153,3.3218172897187546,40.83751860999543,94.81725677789879,0.4546366609838446,0.9803427522298312,ok
run_v2_000549,3.4,1.1,0.004,0.07,500,30,100,1,15,50,12973.12193,25.94624385,13.10756731,27.7004488,0.0,92.82657623,124.5,135.2689453,125.5,71.36512169,0.8358304934,3.949705564,3.592726739376718,37.650774777117356,97.61817052288265,0.013376559301035458,3.409609313388297,41.30381180154837,99.52604959544841,0.5196040284629829,0.9752095378097635,ok
run_v2_000550,3.4,1.1,0.0045,0.07,500,30,60,1,15,50,100989.81,201.9796199,16.56530285,321.4756267,0.0,1070.710205,56.5,77.91561105,68.5,47.60674529,1.366476527,6.242075109,2.6786253794866215,29.08790891279209,48.8277021372079,4.932830827136537,2.832194192134203,27.428057343903514,50.2535273670239,0.0933529795491814,0.9983093060920648,ok
run_v2_000551,3.4,1.1,0.0045,0.07,500,30,65,1,15,50,63805.2564,127.6105128,17.10999775,185.2832882,0.0,617.1248169,62.5,89.566577,79.5,52.70850674,1.225377112,5.482887745,2.8875567524949286,31.01811831840604,58.54845868159396,1.3106054574111548,2.9667715818194575,30.385871900789898,59.762069343279954,0.15185267716688516,0.9963543565040932,ok
run_v2_000552,3.4,1.1,0.0045,0.07,500,30,70,1,15,50,44867.77105,89.73554209,19.30598068,122.0894137,0.0,393.0500183,61.5,98.47554703,88.5,56.61000418,1.15340315,5.16176331,3.026010495912906,32.543028903239566,65.93251812676043,0.4888412117629207,3.064913403853788,32.52999275910803,67.17161807554885,0.19924621941509185,0.9944969730459693,ok
run_v2_000553,3.4,1.1,0.0045,0.07,500,30,75,1,15,50,33908.44592,67.81689184,16.80882263,87.83725831,0.0,286.7640076,77.5,106.3321862,96.5,59.41341681,1.075813635,4.827261437,3.203025736667879,33.19741861038489,73.13476758961512,0.1541756973376854,3.2426754598622844,33.332953967971086,74.75499786868791,0.23653454563412593,0.9928345848774318,ok
run_v2_000554,3.4,1.1,0.0045,0.07,500,30,80,1,15,50,26527.80556,53.05561113,16.80305958,65.42643212,0.0,212.7192841,75.5,112.9043275,103.5,62.01887947,0.9863419774,4.468692035,3.3141590428551324,34.067262928556815,78.83706457144318,0.09202270364253312,3.2558645419115058,35.6017840812674,80.31280233772061,0.28512237841670246,0.9905766377055899,ok
run_v2_000555,3.4,1.1,0.0045,0.07,500,30,85,1,15,50,21099.98266,42.19996532,14.45990086,49.95749355,0.0,161.8243103,72.5,118.4924791,108.5,64.80562223,0.9630896958,4.422948798,3.3431526109540064,35.44333534513306,83.04914375486695,0.0612825415857161,3.257483327558153,37.5219585278819,84.70519579402185,0.3621532368631374,0.9858949381708633,ok
run_v2_000556,3.4,1.1,0.0045,0.07,500,30,90,1,15,50,17246.46723,34.49293446,13.66563654,39.36231935,0.0,125.9453735,109.5,124.2612662,114.5,67.10805918,0.924347849,4.257315995,3.428642401364254,36.242119082047324,88.01914711795266,0.044980249752376876,3.2426918427169418,39.67827374386646,88.98614085845912,0.4035729022678007,0.983769426579017,ok
run_v2_000557,3.4,1.1,0.0045,0.07,500,30,95,1,15,50,14295.15162,28.59030325,12.60319233,31.75462476,0.0,103.1313782,83.5,128.7819286,118.5,69.06752625,0.8937583175,4.149499739,3.476658603654294,37.041867862619036,91.74006073738093,0.019672040674757977,3.3802906097879,39.49519785780454,94.01004859264734,0.47145736149453593,0.9782329745314304,ok
run_v2_000558,3.4,1.1,0.0045,0.07,500,30,100,1,15,50,12124.14806,24.24829611,13.0411315,26.0859321,0.0,90.61164093,93.5,132.8140131,123.5,70.89103585,0.8451905717,3.993659528,3.5099841434892056,37.838921109191176,94.97509199080883,0.013239797802493888,3.4087926436114224,40.61019672963213,97.82154313795051,0.5018474320616493,0.9762302551825452,ok
run_v2_000559,3.4,1.1,0.005,0.07,500,30,60,1,15,50,96892.61348,193.785227,13.02819109,311.0773293,0.0,1039.736816,57.5,76.81889617,67.5,46.86236866,1.351886243,6.181658623,2.6871236562346734,28.58777860548566,48.23111756451434,5.050297160514312,2.8224141711520385,27.200716924470928,49.57097198865091,0.09768250290151506,0.9981194784243812,ok
run_v2_000560,3.4,1.1,0.005,0.07,500,30,65,1,15,50,60916.98722,121.8339744,15.24170732,179.2688786,0.0,581.5778809,61.5,87.92684454,78.5,51.53083453,1.21460867,5.464448961,2.91144522537533,30.200411731484618,57.726432808515376,1.2609975925796568,2.9782690061009993,29.81272513381677,58.97759011963798,0.15330802748214908,0.9961902870609757,ok
run_v2_000561,3.4,1.1,0.005,0.07,500,30,70,1,15,50,42564.98198,85.12996396,14.44395781,117.1076192,0.0,381.9168396,64.5,97.02634197,87.5,55.42599023,1.124999599,5.037794562,3.064448975867604,31.66192119173072,65.36442077826928,0.49590627089329153,3.055837876092961,32.27036414521644,66.34263688504821,0.1885985309802663,0.9950094856028381,ok
run_v2_000562,3.4,1.1,0.005,0.07,500,30,75,1,15,50,32303.17672,64.60635344,15.30075216,84.70566022,0.0,282.2975769,73.5,104.3867334,94.5,58.18259575,1.059858344,4.817620852,3.218877349318643,32.42954672444916,71.95718667555083,0.17375560503815238,3.209563910036996,33.16171856251265,73.27293653053188,0.2207488408091242,0.9936738281436189,ok
run_v2_000563,3.4,1.1,0.005,0.07,500,30,80,1,15,50,24931.52679,49.86305357,14.05956841,62.4701782,0.0,219.9505157,85.5,110.6021245,100.5,61.31319792,1.025701293,4.65819345,3.2540108886073282,33.98947584571119,76.6126486542888,0.10349915956174402,3.2252440700379967,35.16700932615972,78.25517896400785,0.32045892428524325,0.9878404287375543,ok
run_v2_000564,3.4,1.1,0.005,0.07,500,30,85,1,15,50,19554.14124,39.10828248,13.41655397,47.03517778,0.0,154.2377319,110.5,116.5047955,107.5,63.58167019,0.9590824189,4.428259674,3.357559671992235,34.699247930527754,81.80554756947225,0.05728363068488085,3.2678329218265647,36.886209582237655,83.65176045199306,0.3939070139282627,0.9830496155797549,ok
run_v2_000565,3.4,1.1,0.005,0.07,500,30,90,1,15,50,15976.40954,31.95281909,12.35543394,37.15189165,0.0,119.0485001,77.5,121.981175,112.5,65.6920387,0.9211940538,4.280336341,3.447943532979438,35.37795031538512,86.60322468461487,0.035105149472958376,3.3048978739464867,38.219639674397115,88.0923662285187,0.411237340004948,0.9825277423230608,ok
run_v2_000566,3.4,1.1,0.005,0.07,500,30,95,1,15,50,13309.34734,26.61869468,11.68010521,29.9012529,0.0,94.83104706,92.5,126.4984823,116.5,67.94332578,0.8800920055,4.124885172,3.466386838027331,36.492892516286034,90.00558978371396,0.022525458868350747,3.337998199215735,39.43090845750943,92.18939296709753,0.4709894456158853,0.9781142099862625,ok
run_v2_000567,3.4,1.1,0.005,0.07,500,30,100,1,15,50,11156.62883,22.31325767,10.26352692,24.35764602,0.0,87.78565979,97.5,130.6945545,120.5,70.04732501,0.8579086834,4.018525907,3.4812232509563303,37.5427098690372,93.1518446309628,0.019344756206915205,3.301532187329779,41.26251912160243,94.96701588867847,0.539842893628744,0.9727882138738198,ok
run_v2_000568,3.4,1.1,0.001,0.08,500,30,60,1,15,50,136946.6778,273.8933557,26.88792133,427.1920533,0.0,1457.142456,57.5,80.72745479,70.5,50.06939028,1.473620472,6.80259742,2.5995484402412306,31.05441450535491,49.67304028464509,5.2817686661732095,2.8830597345742293,27.603840044493733,51.97967970741385,0.10109456898602483,0.9980605745608894,ok
run_v2_000569,3.4,1.1,0.001,0.08,500,30,65,1,15,50,90965.61059,181.9312212,31.04988956,257.9969768,0.0,876.7224731,66.5,93.5516917,83.5,55.41466517,1.325754906,5.972341325,2.85005908573894,32.82447447076161,60.72721722923839,1.2187873571383325,3.062613860845025,30.45415918121004,62.81517084754461,0.15043274844443738,0.9965134304995255,ok
run_v2_000570,3.4,1.1,0.001,0.08,500,30,70,1,15,50,67256.28189,134.5125638,33.85346603,177.8188083,0.0,573.8760376,83.5,103.5409675,93.5,59.32526701,1.213137326,5.474972918,3.046106156753257,33.99125380789777,69.54971369210222,0.38402579144318566,3.2096595960695846,32.4959302489705,71.80494410784556,0.21842113781058473,0.993589682306129,ok
run_v2_000571,3.4,1.1,0.001,0.08,500,30,75,1,15,50,52102.28172,104.2045634,32.85367775,130.3573009,0.0,416.3583374,74.5,111.7279402,101.5,62.39908485,1.092977386,4.8475945,3.2060267662298245,34.84934729081758,76.87859290918242,0.17249910893523915,3.2914229894454343,34.30126705282349,78.59871189194699,0.23580671377925855,0.9932091942056117,ok
run_v2_000572,3.4,1.1,0.001,0.08,500,30,80,1,15,50,42042.81464,84.08562928,31.17944336,99.91770526,0.0,326.5241699,94.5,119.4924648,108.5,65.64236177,1.034197153,4.592926206,3.313695839049993,36.06017890714358,83.43228589285643,0.08736149209068994,3.3530678143431505,36.25314502021281,85.30610871577743,0.3041114405613543,0.989703036567852,ok
run_v2_000573,3.4,1.1,0.001,0.08,500,30,85,1,15,50,34835.48529,69.67097059,27.32856941,80.01397053,0.0,258.5458679,85.5,125.371917,114.5,68.02728586,1.007353188,4.493185616,3.396520539288552,36.91186776284323,88.46004923715677,0.04388449443722986,3.4454817735798424,36.980899820022714,90.43611648044762,0.32820460030553855,0.9885062658312135,ok
run_v2_000574,3.4,1.1,0.001,0.08,500,30,90,1,15,50,29027.06201,58.05412402,28.18664169,64.0229304,0.0,213.2105713,92.5,131.0698528,120.5,70.17059851,0.9295346159,4.226040518,3.4889541465245184,37.567089533281404,93.50276326671859,0.030497928501707003,3.4447994682480987,39.053756690610406,95.47860359029495,0.41402762933185316,0.9830446923818363,ok
run_v2_000575,3.4,1.1,0.001,0.08,500,30,95,1,15,50,24978.33088,49.95666176,24.71361637,53.43495569,0.0,177.2185669,111.5,135.8462836,125.5,72.11438082,0.9017503469,4.141493545,3.5485568358797277,38.28212140396002,97.56416219603994,0.02002680400326808,3.479997363760376,40.23956973599629,99.79402686412261,0.4533318048621749,0.9805565461680581,ok
run_v2_000576,3.4,1.1,0.001,0.08,500,30,100,1,15,50,21623.03897,43.24607794,23.34566021,44.36080624,0.0,145.8679962,86.5,140.8651638,130.5,74.95070395,0.8582746392,3.939940771,3.5322853236767777,39.87932765673997,100.98583614326004,0.020571426153578598,3.3985639777976133,42.92964915361204,102.96951003934363,0.5223546221120096,0.9757959484753265,ok
run_v2_000577,3.4,1.1,0.0015,0.08,500,30,60,1,15,50,130705.4288,261.4108576,24.70580101,412.2568084,0.0,1387.279663,46.5,79.49990169,69.5,49.02320915,1.455776025,6.718727059,2.6298423092306242,30.22991204109807,49.269989648901934,5.302061259478219,2.878423418711632,27.330771616999535,51.33876145683111,0.09427709213140048,0.998286961930992,ok
run_v2_000578,3.4,1.1,0.0015,0.08,500,30,65,1,15,50,86740.61627,173.4812325,27.08683014,247.9974022,0.0,809.3866577,62.5,91.93113985,81.5,54.33742493,1.283255732,5.797298156,2.862379306395172,32.117036216900395,59.81410363309958,1.3718881076587863,3.0252908775333394,30.430669060060715,61.63095644457701,0.14900978677486984,0.9965431040919208,ok
run_v2_000579,3.4,1.1,0.0015,0.08,500,30,70,1,15,50,63241.29462,126.4825892,27.83728123,168.3493586,0.0,540.954834,77.5,102.2667422,91.5,58.80995705,1.207214127,5.418232657,3.0238978637320884,33.81950939102904,68.44723280897097,0.4617790765049769,3.151447913114965,32.657816271845846,70.2615906649547,0.1997926341065335,0.9945995945243087,ok
run_v2_000580,3.4,1.1,0.0015,0.08,500,30,75,1,15,50,48941.39966,97.88279933,27.53953362,123.949269,0.0,385.7528687,79.5,109.782338,99.5,61.42933723,1.1111585,4.998366483,3.193841000561503,34.37313816833692,75.40919983166307,0.17683745548828933,3.280370737338597,33.92685348196083,77.36580389023757,0.22856771276328752,0.9935133947865321,ok
run_v2_000581,3.4,1.1,0.0015,0.08,500,30,80,1,15,50,39551.34524,79.10269048,27.19306564,95.42212984,0.0,305.9723206,97.5,117.2228454,106.5,64.35406565,1.053480864,4.815048208,3.3179706462728764,35.32968127119451,81.89316412880548,0.08439719047205635,3.359935608218261,35.63648654811883,84.0998135566967,0.30459206423008106,0.989468490326167,ok
run_v2_000582,3.4,1.1,0.0015,0.08,500,30,85,1,15,50,32327.91973,64.65583946,26.54533482,74.88460901,0.0,239.4691772,94.5,123.4766045,113.5,67.26103641,1.013288409,4.545317032,3.3700958002856836,36.63890044002098,86.83770405997902,0.050860052286297974,3.395632250828385,37.12850359423505,88.9462406353471,0.33072238525117914,0.9883141635700294,ok
run_v2_000583,3.4,1.1,0.0015,0.08,500,30,90,1,15,50,26997.01953,53.99403905,22.80482578,60.41637448,0.0,191.375885,106.5,128.755529,118.5,69.03598445,0.9472902292,4.336751606,3.478409676326784,37.01563098684983,91.73989801315015,0.03161975415855022,3.430007164165394,38.63614095436742,93.88609931481682,0.39727477110980014,0.9841702675581181,ok
run_v2_000584,3.4,1.1,0.0015,0.08,500,30,95,1,15,50,22933.22678,45.86645356,21.66544914,49.49465435,0.0,160.4405823,91.5,134.3782575,124.5,71.22824551,0.900944758,4.192907981,3.559209210096248,37.75508815801421,96.62316934198576,0.020391484854108077,3.4586555606044476,40.25399282683193,98.97070330022187,0.47022954701397274,0.9791373535204358,ok
run_v2_000585,3.4,1.1,0.0015,0.08,500,30,100,1,15,50,19713.56481,39.42712962,18.81615067,41.47956407,0.0,141.8204346,110.5,139.0117909,128.5,73.14619445,0.8771888237,4.091394448,3.611767656073992,38.48857516241962,100.52321573758036,0.010566402457740742,3.5611134417853854,40.374917987179856,103.40474516794886,0.5103445784444604,0.975840137352107,ok
run_v2_000586,3.4,1.1,0.002,0.08,500,30,60,1,15,50,125665.6217,251.3312435,21.86320782,400.2751946,0.0,1328.182373,49.5,78.26745802,68.5,48.26497784,1.43882003,6.635895502,2.629651737206616,29.763430994531884,48.504027025468126,5.388087750085867,2.87547996285477,26.913793523686383,50.47628047808429,0.09973103853435701,0.9980322434304265,ok
run_v2_000587,3.4,1.1,0.002,0.08,500,30,65,1,15,50,82711.62573,165.4232515,22.22694874,239.9039135,0.0,780.9909668,74.5,90.43239981,80.5,53.2131925,1.275743593,5.765984586,2.8880817472669587,31.312271508788747,59.12012830121127,1.2596716017348646,3.0516791421291396,29.670837455066255,60.875038336063476,0.14393067040324145,0.9966725680228162,ok
run_v2_000588,3.4,1.1,0.002,0.08,500,30,70,1,15,50,60244.99047,120.4899809,23.80435562,163.0998445,0.0,517.0211182,69.5,100.0351194,89.5,57.17571333,1.167456726,5.218122292,3.061130231571446,32.67914522821412,67.35597417178587,0.4308123905562477,3.1763155807703516,31.734964186665465,69.06529701462917,0.18203428713260128,0.995349605152277,ok
run_v2_000589,3.4,1.1,0.002,0.08,500,30,75,1,15,50,45971.25482,91.94250964,23.2597084,117.9827065,0.0,388.7390442,83.5,108.1864624,98.5,60.5082551,1.116182798,5.058356087,3.1968082076992226,33.842024723110605,74.34443767688938,0.16811374072548427,3.290380140859776,33.33507692824275,76.34999819048011,0.26104726771850495,0.9913664116887144,ok
run_v2_000590,3.4,1.1,0.002,0.08,500,30,80,1,15,50,37038.2534,74.07650681,23.60227776,90.5904922,0.0,296.5982666,83.5,114.9319509,104.5,63.28770672,1.036701013,4.675041102,3.2979406773866993,34.84961136143677,80.08233953856323,0.0949352619169623,3.3278457442156903,35.26320083961549,82.08729200192208,0.2960531133414972,0.9898380044469699,ok
run_v2_000591,3.4,1.1,0.002,0.08,500,30,85,1,15,50,30331.1399,60.66227979,22.42277336,71.34506292,0.0,226.9716797,96.5,121.6009376,111.5,65.69953517,0.9846198931,4.497115646,3.4256994135502463,35.49667466999915,86.10426293000083,0.04086478997987023,3.449069034695719,36.104233394338635,88.42176002750186,0.3543989637059048,0.986258005774698,ok
run_v2_000592,3.4,1.1,0.002,0.08,500,30,90,1,15,50,25433.05438,50.86610877,22.70307064,57.35652462,0.0,190.9181671,102.5,126.7917819,116.5,68.3667602,0.9326439741,4.276851982,3.439475427434414,36.863697553605434,89.92808434639457,0.03776729761772747,3.3785964207763963,38.69577096439399,92.04162231509075,0.4222724720521625,0.9820059257151946,ok
run_v2_000593,3.4,1.1,0.002,0.08,500,30,95,1,15,50,21282.50549,42.56501098,17.8674345,46.48351063,0.0,153.4072571,105.5,132.0107826,122.5,70.37522791,0.8981946668,4.145516915,3.5186752217152777,37.517183110650265,94.49359948934973,0.02063134792756963,3.4534361864081586,39.51367214064216,96.9442730877194,0.4343905148965922,0.9816697060995344,ok
run_v2_000594,3.4,1.1,0.002,0.08,500,30,100,1,15,50,18162.13608,36.32427215,18.56067562,38.55482703,0.0,124.4209518,119.5,136.0889974,126.5,72.03800139,0.8465108578,3.959874726,3.5688041760847957,38.13294052723797,97.95605687276205,0.015860680221644285,3.448865423077502,41.00091276134722,100.40571757588032,0.5159514618050313,0.9753788528397594,ok
run_v2_000595,3.4,1.1,0.0025,0.08,500,30,60,1,15,50,121089.2419,242.1784838,19.81491756,389.2496985,0.0,1309.074341,53.5,77.43141324,68.5,47.45943073,1.443800063,6.7612556,2.661885205762759,29.088937822099712,48.34247541790029,4.880760541305587,2.902742853311538,26.446656863022106,50.32118734009784,0.0906234917849403,0.9983439511491595,ok
run_v2_000596,3.4,1.1,0.0025,0.08,500,30,65,1,15,50,78922.58768,157.8451754,19.59203339,231.6549518,0.0,751.9804688,64.5,88.98439662,79.5,52.53372256,1.306510861,5.951936607,2.86913753811118,31.014336342544425,57.97006027745558,1.3067781870749375,3.0417313453385746,29.284494378093015,59.79107010414378,0.12965808425897518,0.9972376331126583,ok
run_v2_000597,3.4,1.1,0.0025,0.08,500,30,70,1,15,50,56931.98916,113.8639783,20.85368729,156.1584422,0.0,496.194519,54.5,98.24312269,88.5,56.19364991,1.176546089,5.301623784,3.056538239496282,32.1419576632519,66.10116502674809,0.48045724558405417,3.1434883167382357,31.556668010702182,67.64134919612735,0.19069268126675687,0.9948261309253187,ok
run_v2_000598,3.4,1.1,0.0025,0.08,500,30,75,1,15,50,43989.6257,87.97925139,20.15925694,113.9069937,0.0,363.7867126,92.5,106.4855112,96.5,59.49611255,1.108674985,5.076168509,3.2033460732973453,33.24196286116216,73.24354833883783,0.18586273584751353,3.259773905989069,33.30084757402667,75.25238639510486,0.24365403702255292,0.9924277584419107,ok
run_v2_000599,3.4,1.1,0.0025,0.08,500,30,80,1,15,50,34666.40581,69.33281162,21.14605808,85.18395319,0.0,281.6653748,81.5,114.1943159,104.5,62.63645246,1.017062929,4.632354255,3.3237983588686624,34.35657147952528,79.83774442047473,0.0938985767886423,3.316834631925391,35.22799574044467,81.61744054478237,0.29765593181425704,0.9897072554635453,ok
run_v2_000600,3.4,1.1,0.0025,0.08,500,30,85,1,15,50,28350.68255,56.7013651,20.74730682,67.42824452,0.0,219.1641083,87.5,119.2503852,109.5,64.55348693,0.9697858346,4.454691939,3.412559001322624,34.94456364088693,84.30582155911306,0.051356095837876474,3.382878386308675,36.266284661479204,86.41814587155662,0.3467296988110872,0.9867905512941595,ok
run_v2_000601,3.4,1.1,0.0025,0.08,500,30,90,1,15,50,23450.24969,46.90049938,18.92544842,53.71439573,0.0,170.2393951,84.5,123.9594425,114.5,67.13777126,0.9514587288,4.419990244,3.408987341211245,36.36254115744415,87.59690134255584,0.04013701578225749,3.3574682691111657,38.21745779758157,90.09644408389364,0.4107885118411694,0.9826499250663465,ok
run_v2_000602,3.4,1.1,0.0025,0.08,500,30,95,1,15,50,19792.00593,39.58401187,17.17011833,44.08524096,0.0,147.7021179,91.5,129.3395573,119.5,68.82513654,0.896220666,4.171809066,3.5315761641069714,36.623748516183014,92.71580878381698,0.020731142725230554,3.450674916263444,38.79420830670229,95.07199319353424,0.4453189366582269,0.9803659023550515,ok
run_v2_000603,3.4,1.1,0.0025,0.08,500,30,100,1,15,50,16909.9429,33.81988579,16.73168659,36.13577857,0.0,115.4672012,96.5,133.4988213,123.5,71.37266731,0.8555065616,4.042240101,3.498573544249105,38.15807202893964,95.34074927106035,0.026460628928012635,3.3091003877501426,42.10780351602811,97.23114542616733,0.5079374791212308,0.9764133863400911,ok
run_v2_000604,3.4,1.1,0.003,0.08,500,30,60,1,15,50,115718.3832,231.4367663,17.53774452,375.4021545,0.0,1273.591919,47.5,76.31201057,67.5,46.76723774,1.424697978,6.581491074,2.6625780834872805,28.66094746414018,47.65106310585981,4.9286783521741055,2.898392102224954,26.108135151410686,49.56347757525975,0.086065867661999,0.9984723088188744,ok
run_v2_000605,3.4,1.1,0.003,0.08,500,30,65,1,15,50,75149.80594,150.2996119,16.61592388,222.6105486,0.0,725.8629761,62.5,87.64411301,78.5,51.49829944,1.26178035,5.721863886,2.896407904617748,30.25958908283216,57.38452392716783,1.382983820305729,3.0211402338110473,29.13360419609171,58.883099596647305,0.14097169042842536,0.9966949396401976,ok
run_v2_000606,3.4,1.1,0.003,0.08,500,30,70,1,15,50,53962.09726,107.9241945,20.18253899,149.5752401,0.0,470.7011108,68.5,96.93168846,87.5,55.3620333,1.179890984,5.353907914,3.065543556756807,31.619739424791906,65.3119490352081,0.4366512227018345,3.1672606174023326,30.92574766503944,67.02415497816213,0.17676847884266086,0.9954424046040328,ok
run_v2_000607,3.4,1.1,0.003,0.08,500,30,75,1,15,50,41105.93151,82.21186303,19.26424599,107.8512654,0.0,365.4703064,71.5,104.8161508,95.5,58.32059316,1.082674387,4.953742651,3.2300745728545457,32.45007148778296,72.36607931221705,0.18803089615658403,3.251358877943139,32.89072927816078,74.0488353624116,0.2513551289538735,0.9917989522665133,ok
run_v2_000608,3.4,1.1,0.003,0.08,500,30,80,1,15,50,32471.50076,64.94300152,19.07113838,81.26142659,0.0,269.4107361,76.5,111.3319185,101.5,61.46846137,1.036263984,4.708598181,3.2804596581089656,33.93790203296624,77.39401646703377,0.10305944366249468,3.2959564876065524,34.5594711533746,79.34704200284192,0.2966604710639548,0.9894549943946898,ok
run_v2_000609,3.4,1.1,0.003,0.08,500,30,85,1,15,50,26539.2757,53.07855141,17.01504803,63.67793101,0.0,205.5821533,81.5,117.2669644,107.5,63.65961965,0.9589064613,4.413825676,3.3933080478064994,34.5583020309057,82.70866236909431,0.07038063514307176,3.291689636829687,36.768286164011634,84.26150036605382,0.34160189126921986,0.9872192671126808,ok
run_v2_000610,3.4,1.1,0.003,0.08,500,30,90,1,15,50,21993.77024,43.98754048,17.03525829,51.24642994,0.0,170.5319824,88.5,122.5135627,112.5,65.9528899,0.9510467455,4.406668824,3.450648153653835,35.50450734024342,87.00905535975657,0.031550674186163634,3.4208448109101557,36.859122975896554,89.23021659089846,0.38159388557056234,0.9844609559188335,ok
run_v2_000611,3.4,1.1,0.003,0.08,500,30,95,1,15,50,18414.69471,36.82938943,15.98056459,41.45614692,0.0,141.3108215,83.5,127.4395241,117.5,67.76939192,0.8769570882,4.11105065,3.536234886564311,36.03819547852943,91.40132862147057,0.0228296278888202,3.417717286533776,38.66517789009959,93.48146897179733,0.45104755332766644,0.9797016175690371,ok
run_v2_000612,3.4,1.1,0.003,0.08,500,30,100,1,15,50,15539.88582,31.07977164,15.29453278,34.01602983,0.0,112.0570908,92.5,131.608389,121.5,69.93552473,0.8667420891,4.082131005,3.541371358349084,37.163114421683574,94.44527457831641,0.01564779118382247,3.442494581764402,39.68338523931895,96.92645343310599,0.5044808425718077,0.9755319857775626,ok
run_v2_000613,3.4,1.1,0.0035,0.08,500,30,60,1,15,50,110576.0239,221.1520478,14.78298473,362.7004272,0.0,1227.45813,48.5,75.18979183,66.5,45.94127773,1.419749228,6.581460488,2.678623196365307,28.07031311161158,47.11947871838842,4.909156742264124,2.8981142579900943,25.75684075573683,48.88942667924444,0.09467674875211518,0.9981122876476608,ok
run_v2_000614,3.4,1.1,0.0035,0.08,500,30,65,1,15,50,71777.11493,143.5542299,16.30185032,214.1737013,0.0,713.4748535,52.5,86.78356245,77.5,50.89264709,1.252809542,5.679023571,2.907802239675316,29.845070364788707,56.938492085211294,1.3025165556619014,3.0339004372503995,28.740959587226982,58.45625027145702,0.13088038087278023,0.9970995200374378,ok
run_v2_000615,3.4,1.1,0.0035,0.08,500,30,70,1,15,50,51344.30039,102.6886008,17.36295128,143.7341516,0.0,456.9978333,69.5,95.74235382,86.5,54.43960368,1.163891167,5.288181251,3.092988398421946,30.954643693085977,64.78771012691402,0.41740085188330767,3.1750501800256177,30.55876000759796,66.46683645588558,0.18543994016794946,0.9949139348370367,ok
run_v2_000616,3.4,1.1,0.0035,0.08,500,30,75,1,15,50,39036.96536,78.07393071,17.68956089,103.4487287,0.0,324.3970642,83.5,103.2902832,94.5,57.46623887,1.077421134,4.912933109,3.230675876602371,31.97172577665949,71.31855742334052,0.19401809000940493,3.240705724083125,32.54407697909065,72.92169957205027,0.21478685571232373,0.9938968494624139,ok
run_v2_000617,3.4,1.1,0.0035,0.08,500,30,80,1,15,50,30542.09962,61.08419925,16.29854202,77.46580678,0.0,248.5509338,75.5,109.7763116,100.5,60.12496844,1.019344802,4.675247612,3.3335543991282024,32.93070952395705,76.84560207604297,0.10119765767821802,3.2942828112127067,34.22387022318705,78.51923718623243,0.29202028750594056,0.9896818352492897,ok
run_v2_000618,3.4,1.1,0.0035,0.08,500,30,85,1,15,50,24869.61484,49.73922967,16.13385868,60.73344911,0.0,192.6236725,89.5,115.2913006,105.5,62.48301702,0.9715587727,4.491017261,3.4046235119869483,33.863157025757495,81.4281435742425,0.05776465988198306,3.344245590840724,35.54476020554815,83.32564738934707,0.34193676060279815,0.9867411125045499,ok
run_v2_000619,3.4,1.1,0.0035,0.08,500,30,90,1,15,50,20442.53014,40.88506029,15.34815836,47.82464783,0.0,153.2965088,76.5,120.9621432,111.5,65.12993352,0.9229187987,4.319468907,3.4493532765420754,35.06806450433014,85.89407869566988,0.04194186451191847,3.329167244405343,37.695701520523535,87.7995932364841,0.39693315303364096,0.9834826977133162,ok
run_v2_000620,3.4,1.1,0.0035,0.08,500,30,95,1,15,50,17100.21119,34.20042238,14.2182579,38.82710723,0.0,129.2936859,115.5,125.3832892,115.5,66.97360528,0.8730197559,4.115779915,3.504870376143938,35.774016081572405,89.60927311842757,0.024953435655985814,3.3859044180465263,38.52209169354471,91.91002876402172,0.43990708041415466,0.9804788893055018,ok
run_v2_000621,3.4,1.1,0.0035,0.08,500,30,100,1,15,50,14601.11551,29.20223101,13.59217405,32.4712392,0.0,110.3930283,84.5,128.6698744,118.5,68.97207767,0.8991518358,4.207840227,3.4802235130751633,36.97172722286044,91.69814717713956,0.020642402153051846,3.3737120368426217,39.55272618835362,93.88678224323537,0.4724912850836071,0.9781754734548657,ok
run_v2_000622,3.4,1.1,0.004,0.08,500,30,60,1,15,50,107141.0203,214.2820407,14.06418514,354.0614297,0.0,1211.10022,46.5,74.04084122,65.5,45.29934651,1.406709382,6.543822576,2.6715223689487457,27.71484981019843,46.325991409801574,5.396807055335185,2.8694433900947,25.69250992271423,48.03069284996061,0.09654224686903187,0.9980124660625861,ok
run_v2_000623,3.4,1.1,0.004,0.08,500,30,65,1,15,50,68706.75094,137.4135019,14.66348934,207.6154841,0.0,680.8012085,47.5,85.05560086,76.5,49.8602542,1.257985497,5.80440736,2.9100259192376163,29.228468481230333,55.82713237876966,1.446145443797177,3.0044734282290992,28.550754682802438,57.22922911756501,0.13187726338168412,0.9970054303745998,ok
run_v2_000624,3.4,1.1,0.004,0.08,500,30,70,1,15,50,49106.17906,98.21235812,14.87700891,139.4059615,0.0,447.0823669,68.5,93.95873185,84.5,53.46983351,1.161111172,5.278336075,3.087853086771679,30.428498121402846,63.530233728597175,0.4241634335250512,3.175675899967269,29.946322026820948,65.15349112641333,0.18889613215640977,0.9945585466857715,ok
run_v2_000625,3.4,1.1,0.004,0.08,500,30,75,1,15,50,36793.17518,73.58635036,13.68211985,98.59694011,0.0,322.2203064,66.5,101.6944723,92.5,56.6483099,1.084780607,4.993919755,3.222706682970971,31.555609090135746,70.13886320986424,0.19895370345089128,3.231163878457488,32.12815699614297,71.68318337120543,0.20516699410536288,0.994311394588591,ok
run_v2_000626,3.4,1.1,0.004,0.08,500,30,80,1,15,50,28984.36126,57.96872252,15.56540585,74.13931523,0.0,242.485321,73.5,108.3616221,98.5,59.57888958,1.012056805,4.597908652,3.3080052161965643,32.757391545044364,75.60423055495562,0.10211411859720758,3.2905505736778218,33.7442688704474,77.29295441954196,0.28411533965019475,0.9900033773109893,ok
run_v2_000627,3.4,1.1,0.004,0.08,500,30,85,1,15,50,23092.31684,46.18463369,15.56838036,56.56919508,0.0,181.1391754,70.5,113.9808383,104.5,62.19287026,0.9655271517,4.451446431,3.358787225736769,33.93511724309886,80.04572105690114,0.06343735200432611,3.307572266970441,35.54698785610228,82.02724335107666,0.3212180577091458,0.9881712262329452,ok
run_v2_000628,3.4,1.1,0.004,0.08,500,30,90,1,15,50,19229.88326,38.45976653,14.34188318,46.11815409,0.0,148.7980804,90.5,118.0712487,108.5,63.64237816,0.9309635698,4.302704221,3.441878321779895,34.304306445947205,83.76694225405281,0.03246368520492106,3.4082145206393575,35.75339532114325,86.10184577453644,0.390072836548543,0.9830997962023569,ok
run_v2_000629,3.4,1.1,0.004,0.08,500,30,95,1,15,50,15896.17089,31.79234177,12.70669222,36.6208471,0.0,113.802002,76.5,123.3875417,114.5,65.94209251,0.8907822924,4.267710847,3.501202055763949,35.24147985029025,88.14606184970975,0.024049002269045817,3.3884880434958506,37.98494805796449,90.72659426925911,0.4622522446319099,0.9781602317725744,ok
run_v2_000630,3.4,1.1,0.004,0.08,500,30,100,1,15,50,13571.04418,27.14208837,11.3618803,30.63678099,0.0,97.3312149,78.5,127.4602548,118.5,67.54615967,0.8848248765,4.202683607,3.5608054014404895,35.79534415119601,91.66491064880398,0.01394852848035352,3.466012931382537,38.2037194396738,94.21086616514599,0.4581993027655814,0.9789465312266901,ok
run_v2_000631,3.4,1.1,0.0045,0.08,500,30,60,1,15,50,103224.8194,206.4496389,12.76890373,345.2122284,0.0,1192.071899,53.5,73.08929775,64.5,44.39957165,1.392367659,6.450472546,2.70987973890477,26.97141747682866,46.117880273171345,4.538898595182669,2.9253090038650282,24.864417768949085,47.87168740641927,0.08954493731633256,0.9982259857463349,ok
run_v2_000632,3.4,1.1,0.0045,0.08,500,30,65,1,15,50,66057.47711,132.1149542,13.58021879,201.8345665,0.0,669.1467896,52.5,83.88704912,75.5,49.05427375,1.240274201,5.657170419,2.9243956849872443,28.68525950528678,55.20178961471321,1.3047337971941468,3.036736762111949,27.84340851244052,56.70969369978838,0.14631887940652252,0.996199551961936,ok
run_v2_000633,3.4,1.1,0.0045,0.08,500,30,70,1,15,50,46518.28715,93.03657431,12.82903099,133.4479407,0.0,430.0244141,66.5,92.70712644,83.5,52.59898084,1.156292002,5.275906605,3.106501595753647,29.842935399332692,62.864191040667315,0.4303614814782225,3.1668010486977445,29.6832203328216,64.31763294588406,0.18332543230568293,0.9948018854401686,ok
run_v2_000634,3.4,1.1,0.0045,0.08,500,30,75,1,15,50,34875.02141,69.75004282,14.03787804,94.40939293,0.0,305.4729614,69.5,100.476551,91.5,55.81548141,1.06795128,4.91729356,3.2405601566742073,31.005920625500522,69.47063037449948,0.18205082969008007,3.2510889111360526,31.593752914263284,71.12034684647043,0.23187587884607136,0.992601086452419,ok
run_v2_000635,3.4,1.1,0.0045,0.08,500,30,80,1,15,50,27039.78318,54.07956636,13.93561745,69.98837254,0.0,226.4725189,81.5,106.6343409,97.5,58.62471588,1.01219296,4.63955464,3.3085117090662424,32.23030482491334,74.40403607508665,0.09526474745024319,3.3047379364844427,33.08222852380083,76.2458671022515,0.2660611268589522,0.9909995733183297,ok
run_v2_000636,3.4,1.1,0.0045,0.08,500,30,85,1,15,50,21787.44158,43.57488317,13.1371212,54.42255106,0.0,172.8173981,100.5,112.1996882,102.5,60.80380298,0.9784595136,4.555502406,3.4050368306451935,32.951093859017135,79.24859434098286,0.05175448682224825,3.3636972890442602,34.36613883315581,81.23114919484907,0.31685473405613906,0.9881079911636131,ok
run_v2_000637,3.4,1.1,0.0045,0.08,500,30,90,1,15,50,17941.90727,35.88381453,11.80245781,43.49230392,0.0,147.9691772,98.5,116.310292,106.5,62.91479138,0.945943288,4.419005997,3.417675068901449,34.031992408624696,82.2782995913753,0.036111951071430975,3.3729325123665608,35.63458536769739,84.55846618371085,0.40808291235308014,0.9813415779206615,ok
run_v2_000638,3.4,1.1,0.0045,0.08,500,30,95,1,15,50,14938.67636,29.87735271,11.47615528,34.78234387,0.0,109.8971939,93.5,121.4194644,112.5,65.13079213,0.8796440483,4.15847141,3.475392865911206,34.93690327529785,86.48256112470216,0.026711677220420296,3.3590406396895793,37.65342820283837,88.82596735412947,0.4395925364314939,0.9798633735371882,ok
run_v2_000639,3.4,1.1,0.0045,0.08,500,30,100,1,15,50,12458.57948,24.91715896,11.16142082,28.29420114,0.0,94.64794922,100.5,125.5794193,116.5,66.84075301,0.8478359573,4.038540389,3.5298339282521605,35.5765800466942,90.00283925330581,0.016350249280716177,3.4097701713137507,38.44207593678347,92.63656791583891,0.5096489836404277,0.974001440626565,ok
run_v2_000640,3.4,1.1,0.005,0.08,500,30,60,1,15,50,99785.17143,199.5703429,10.20465946,336.3314023,0.0,1138.341675,48.5,71.89189551,63.5,43.68144338,1.369178814,6.335973688,2.7087311862783667,26.540801048912915,45.35109446108709,5.381553868923005,2.8718587262732833,25.014316838547003,46.823267255998935,0.09519431944198613,0.997984628653969,ok
run_v2_000641,3.4,1.1,0.005,0.08,500,30,65,1,15,50,62797.52303,125.5950461,11.2521534,193.9640854,0.0,623.6074829,61.5,82.76486283,74.5,48.46621724,1.258999867,5.755041853,2.916176124769833,28.3812977299279,54.3835651000721,1.3286616751146691,3.030841695931387,27.447909864928597,55.74235981986344,0.11512931923708328,0.9975866307449178,ok
run_v2_000642,3.4,1.1,0.005,0.08,500,30,70,1,15,50,44007.45331,88.01490662,12.21532726,127.3952324,0.0,422.5336304,73.5,91.46245723,82.5,51.8511752,1.140608974,5.213792821,3.111490804121837,29.395059470797197,62.06739775920279,0.40892236446255725,3.177562100858346,29.194542095065255,63.57292841812772,0.18842881413717907,0.9943802717523903,ok
run_v2_000643,3.4,1.1,0.005,0.08,500,30,75,1,15,50,32961.36521,65.92273042,11.82452393,89.85886827,0.0,295.530365,68.5,99.09355434,89.5,55.35843939,1.0686684,4.910818057,3.2042259664617516,30.925894545890436,68.16765979410955,0.19792700767516672,3.223284925122427,31.429282012423993,69.87624890564372,0.23482306834996453,0.9922959232828589,ok
run_v2_000644,3.4,1.1,0.005,0.08,500,30,80,1,15,50,25604.21608,51.20843217,13.03448677,67.02228092,0.0,222.1005859,76.5,105.1640043,96.5,57.72827737,1.012705498,4.678248707,3.3186162245245616,31.68911292689959,73.4748913731004,0.09123711875818113,3.3114921216469977,32.674531486448195,75.52692210943177,0.28931801029939724,0.9892189702347122,ok
run_v2_000645,3.4,1.1,0.005,0.08,500,30,85,1,15,50,20373.96761,40.74793522,11.00037622,51.51270585,0.0,164.4445038,76.5,110.3643861,101.5,59.74552872,0.9581900014,4.466250807,3.4122990574202228,32.34311654484295,78.02126955515706,0.05385739442955581,3.3476701505741486,34.03064058733933,79.89271911181365,0.33435536046684544,0.9865625439783435,ok
run_v2_000646,3.4,1.1,0.005,0.08,500,30,90,1,15,50,16764.12062,33.52824124,10.70263815,40.90283824,0.0,140.0872192,79.5,114.6923027,105.5,62.18111443,0.9464085997,4.466267358,3.4021349918241275,33.71186122115198,80.98044147884802,0.039354293696455725,3.3402304009707673,35.62287923285996,83.36574495084908,0.3741520040844319,0.9841857877357407,ok
run_v2_000647,3.4,1.1,0.005,0.08,500,30,95,1,15,50,14063.61923,28.12723845,10.81910467,33.19713259,0.0,111.3271713,78.5,119.2663,110.5,63.80816895,0.8589214727,4.121379969,3.4936784275956505,34.13774406309028,85.12855593690972,0.02909581377804716,3.333718937903667,37.360717927564885,87.18941496123522,0.44419969728757014,0.9791869565403543,ok
run_v2_000648,3.4,1.1,0.005,0.08,500,30,100,1,15,50,11484.10943,22.96821887,9.545393467,26.45983924,0.0,90.86148834,86.5,122.8746551,113.5,65.9161927,0.8612449307,4.06124775,3.474884663018958,35.36078662053988,87.51386847946013,0.018192847979188076,3.3799177870958927,37.893223838097065,90.1827574226933,0.47755031115625013,0.9765342838382319,ok
run_v2_000649,3.4,1.1,0.001,0.09,500,30,60,1,15,50,137212.9617,274.4259233,19.93070889,448.2748356,0.0,1496.001099,49.5,76.03924525,66.5,46.8957256,1.478693725,6.848839404,2.6291119257162423,28.92202667609323,47.11721857390677,5.3113959879543735,2.938608374534409,25.45491413693563,49.347109718917736,0.08996564414533399,0.9982788426386684,ok
run_v2_000650,3.4,1.1,0.001,0.09,500,30,65,1,15,50,91622.11727,183.2442345,25.1384325,270.918488,0.0,884.1268921,65.5,88.10577379,78.5,52.26152509,1.316941168,5.939645487,2.842134204266256,30.99986399577706,57.10590979422293,1.5680568033051752,3.0424412195298247,28.92738634957197,59.08248625363018,0.13960562119769468,0.9967352258060724,ok
run_v2_000651,3.4,1.1,0.001,0.09,500,30,70,1,15,50,67540.62012,135.0812402,25.07189369,187.5500671,0.0,621.1355591,74.5,97.59445499,87.5,56.14338413,1.265367181,5.752638557,3.02171230082169,32.297732303456314,65.29672268654369,0.4096506083990516,3.25028874949981,30.141111640225994,67.82620442141832,0.1961378979242913,0.9942780494784136,ok
run_v2_000652,3.4,1.1,0.001,0.09,500,30,75,1,15,50,52725.93781,105.4518756,25.92233753,138.0739341,0.0,461.8450317,77.5,105.4961891,95.5,59.41551629,1.16885063,5.314333836,3.152635726240646,33.46285402462235,72.03333507537766,0.20934045963136433,3.292127582334558,32.42930980859284,74.33211548834828,0.23202037961949576,0.992899110936919,ok
run_v2_000653,3.4,1.1,0.001,0.09,500,30,80,1,15,50,42287.72006,84.57544013,24.68147755,105.5237018,0.0,335.4867554,94.5,112.1862201,102.5,61.56538014,1.044285703,4.791912591,3.32051847000619,33.785753975881626,78.40046612411838,0.11200033120509716,3.338018789711784,34.447906738191705,80.53985322013138,0.28040999584154325,0.9906267559376528,ok
run_v2_000654,3.4,1.1,0.001,0.09,500,30,85,1,15,50,35181.0844,70.36216879,25.14231014,84.61212402,0.0,276.0473938,77.5,118.2023379,108.5,63.96866037,0.9822515892,4.465118558,3.4144253430948637,34.61851586213346,83.58382203786655,0.056929177878775085,3.4251661223042866,35.36576707088794,85.76786018962194,0.32958866831969674,0.9877332668661094,ok
run_v2_000655,3.4,1.1,0.001,0.09,500,30,90,1,15,50,29454.07831,58.90815662,24.11691761,68.10403393,0.0,227.280899,92.5,124.0771364,114.5,66.63208308,0.9560813269,4.407269793,3.4675021766127743,35.782857538449946,88.29427886155005,0.03418481270038101,3.4652953345711213,36.892372839080544,90.95059464144362,0.400410137373352,0.9830737526399673,ok
run_v2_000656,3.4,1.1,0.001,0.09,500,30,95,1,15,50,25030.7482,50.0614964,22.51867676,56.16511428,0.0,180.865097,115.5,128.6555191,119.5,68.38919905,0.9174930981,4.306525409,3.539010147804073,36.353532125311844,92.30198697468815,0.020953450391904316,3.516270702198524,37.813267448714605,95.14841703559767,0.41670508111882,0.9823861504679425,ok
run_v2_000657,3.4,1.1,0.001,0.09,500,30,100,1,15,50,21495.77456,42.99154912,21.48837757,46.6135993,0.0,165.6745148,102.5,133.1846813,123.5,70.45648814,0.8654963647,4.082775293,3.573276038789599,37.27243007655086,95.9122512234491,0.01803108815103462,3.4800382100808664,39.72390563337152,98.51680382440796,0.46241336092592394,0.9795154113245473,ok
run_v2_000658,3.4,1.1,0.0015,0.09,500,30,60,1,15,50,131900.5691,263.8011382,20.47276878,435.7121701,0.0,1470.582764,47.5,74.76364662,65.5,46.05659281,1.467423097,6.789211995,2.6351014457362534,28.37220811402609,46.391438505973916,5.336487302217221,2.939451641336681,25.0457131013529,48.5749493828665,0.0891640690699481,0.9982647235704077,ok
run_v2_000659,3.4,1.1,0.0015,0.09,500,30,65,1,15,50,87541.91595,175.0838319,21.12039471,263.1590753,0.0,860.1032104,62.5,86.54333222,77.5,50.8921354,1.316480443,6.056684607,2.8917841842416068,29.927313625825317,56.61601859417467,1.2759066814560542,3.106731420670788,27.851643282686677,58.67593202095051,0.1423310420405553,0.9964641243061432,ok
run_v2_000660,3.4,1.1,0.0015,0.09,500,30,70,1,15,50,63842.31794,127.6846359,22.08987427,179.204348,0.0,570.104126,73.5,96.21057404,86.5,54.94914713,1.22280923,5.526812628,3.065657968577245,31.383335984036993,64.82723805596301,0.3965429305926024,3.2562495358686205,29.684747990809534,66.97619887664098,0.1719464891403197,0.9955052851224424,ok
run_v2_000661,3.4,1.1,0.0015,0.09,500,30,75,1,15,50,49722.63987,99.44527973,22.81128597,131.7155834,0.0,417.0222168,82.5,103.6843052,93.5,58.07026357,1.132314484,5.19361789,3.188001000978201,32.52329756740531,71.1610076325947,0.21432777821432628,3.2819585218591234,32.08424400018229,73.21491401362343,0.2144337986641998,0.9938302633228276,ok
run_v2_000662,3.4,1.1,0.0015,0.09,500,30,80,1,15,50,39875.75473,79.75150945,21.64346504,100.7626101,0.0,331.0618591,81.5,110.8433181,101.5,61.07796283,1.068880798,4.858485223,3.2934414660366556,33.65577291810485,77.18754518189516,0.10260091681657942,3.3621654370405425,33.59231098458473,79.3505959581034,0.27535582133671543,0.9906654663150528,ok
run_v2_000663,3.4,1.1,0.0015,0.09,500,30,85,1,15,50,32698.09873,65.39619746,21.05834198,79.371025,0.0,247.9498291,84.5,116.2659345,106.5,62.99711448,0.9903860476,4.61898159,3.406149128051991,34.13412922601354,82.13180527398646,0.06911491720044788,3.364269913241587,35.554064930522365,84.05940600867186,0.308066216237065,0.9892481018797701,ok
run_v2_000664,3.4,1.1,0.0015,0.09,500,30,90,1,15,50,27172.53073,54.34506147,21.34703541,63.45678939,0.0,216.7431793,96.5,122.3960329,112.5,65.43365262,0.925563117,4.327164945,3.498906646091947,34.981222787612374,87.41481011238763,0.033909330882984236,3.457902692858698,36.49252688662761,89.69508010386043,0.3731401980459332,0.9850513435200217,ok
run_v2_000665,3.4,1.1,0.0015,0.09,500,30,95,1,15,50,23175.54599,46.35109198,18.76852131,52.43274308,0.0,162.4726715,109.5,126.4450592,117.5,67.57747823,0.9197955813,4.365337254,3.5010617088544715,36.116204087522966,90.32885511247704,0.027979984571033293,3.430426544444636,38.28281646914964,93.04357334272355,0.42482315122727804,0.9817687713575742,ok
run_v2_000666,3.4,1.1,0.0015,0.09,500,30,100,1,15,50,19912.36978,39.82473957,18.74057293,43.97187093,0.0,160.6302643,99.5,130.6763821,121.5,69.59617047,0.8923283275,4.183402422,3.525522720031837,37.065817604153736,93.61056449584629,0.018115241259576337,3.476405216778389,38.98583485326644,96.54472481108976,0.5140414169215256,0.974200294599227,ok
run_v2_000667,3.4,1.1,0.002,0.09,500,30,60,1,15,50,126650.1817,253.3003634,16.6798296,420.7638441,0.0,1456.738525,54.5,74.07399552,65.5,45.4597624,1.458061614,6.806086181,2.6550776007960217,27.89899455209587,46.17500096790412,5.190152807512053,2.94107890455845,24.889331857183095,48.312157016532694,0.09768970188206587,0.9978991167007434,ok
run_v2_000668,3.4,1.1,0.002,0.09,500,30,65,1,15,50,83471.67019,166.9433404,18.98804855,252.8038201,0.0,851.4334717,60.5,85.56891766,76.5,50.31430479,1.310166184,5.994099836,2.8923385427118142,29.584682566160403,55.984235093839594,1.3461546776194948,3.0858406081456202,27.7593489218607,57.90157723690039,0.13650524433444097,0.9967148091894151,ok
run_v2_000669,3.4,1.1,0.002,0.09,500,30,70,1,15,50,60762.24289,121.5244858,20.30849361,172.044429,0.0,562.2990723,65.5,94.60115862,85.5,53.95036962,1.192620108,5.43500328,3.074709303752758,30.767513047343037,63.83364557265697,0.4719320454575218,3.203669176313518,29.776944443179474,65.6185346342347,0.171287032407475,0.9955096124806624,ok
run_v2_000670,3.4,1.1,0.002,0.09,500,30,75,1,15,50,46772.27361,93.54454722,20.25089359,125.2547382,0.0,399.2119141,72.5,102.0299525,92.5,57.39368965,1.146664855,5.271496808,3.1602910333952776,32.28498623127867,69.74496626872131,0.23736880858881168,3.249872636260045,31.901991840215977,71.77541848349317,0.2264592631823205,0.9930198097004603,ok
run_v2_000671,3.4,1.1,0.002,0.09,500,30,80,1,15,50,37618.24471,75.23648942,19.74546909,96.50142348,0.0,321.0838013,79.5,108.7956327,99.5,59.58357196,1.042149087,4.798154449,3.334032693403104,32.631843387519524,76.16378931248046,0.09351035174273598,3.3874689707486154,32.7948892898335,78.29678057861358,0.26025587297719177,0.9914214241319069,ok
run_v2_000672,3.4,1.1,0.002,0.09,500,30,85,1,15,50,30347.81889,60.69563778,19.29536915,74.68595416,0.0,240.7754669,80.5,114.7259227,105.5,62.25691022,1.003443926,4.663350409,3.395846042438683,33.78419435576386,80.94172834423613,0.05982452971240316,3.39651481619061,34.7135249656734,83.19147690243894,0.34278642303385526,0.9863638625769724,ok
run_v2_000673,3.4,1.1,0.002,0.09,500,30,90,1,15,50,25781.48138,51.56296275,18.28842926,61.41480438,0.0,206.4896851,93.5,120.1383964,110.5,64.3472311,0.9628710798,4.472508322,3.485811786568865,34.46496935460017,85.67342704539983,0.030633695961639982,3.4913569057939458,35.3737901427039,88.12873635613117,0.35494124562614465,0.985991251573171,ok
run_v2_000674,3.4,1.1,0.002,0.09,500,30,95,1,15,50,21601.77805,43.2035561,17.55892658,49.34277785,0.0,152.6961517,87.5,124.8563383,115.5,66.567773,0.8915815379,4.240886341,3.517978104421865,35.49093672387098,89.36540157612902,0.028066832115439037,3.420332837046839,38.001355580503066,91.97592876378472,0.4317579165210997,0.9809940844366145,ok
run_v2_000675,3.4,1.1,0.002,0.09,500,30,100,1,15,50,18402.4422,36.80488441,15.30377769,40.8992967,0.0,135.1552277,91.5,128.8883994,119.5,68.67182146,0.8781429163,4.187649071,3.5226583715904534,36.58839030189801,92.30000909810197,0.01937285935992515,3.4458742943953724,38.990577132480034,95.36605033197294,0.4943698918202571,0.9760175057816239,ok
run_v2_000676,3.4,1.1,0.0025,0.09,500,30,60,1,15,50,121613.0861,243.2261722,14.67007923,408.5092643,0.0,1399.640381,50.5,72.75773204,64.5,44.67142003,1.464162229,6.860155571,2.652765065817461,27.4271298945877,45.33060214541229,5.466345982268846,2.9264532768062597,24.626567152722416,47.4419309878515,0.09010574216480965,0.9981739891669997,ok
run_v2_000677,3.4,1.1,0.0025,0.09,500,30,65,1,15,50,80097.11888,160.1942378,16.13000822,244.8601484,0.0,822.8809204,68.5,84.25047334,75.5,49.53556044,1.307755813,6.030085103,2.8927475685120747,29.124723587041306,55.125749752958704,1.4281579767860564,3.067573648511675,27.56811262112813,56.99910319464664,0.1374154931572058,0.9966206010448999,ok
run_v2_000678,3.4,1.1,0.0025,0.09,500,30,70,1,15,50,57918.67815,115.8373563,17.55143929,165.5045796,0.0,542.1691284,73.5,93.34677213,84.5,53.26720735,1.188969467,5.418201845,3.0709924785198015,30.39628809999318,62.95048403000682,0.4643856149733784,3.2059969341908756,29.385303673990972,64.82388981509196,0.17785887493668714,0.9950643528571215,ok
run_v2_000679,3.4,1.1,0.0025,0.09,500,30,75,1,15,50,44566.40638,89.13281275,18.19153023,121.02218,0.0,391.9645081,73.5,100.4431664,91.5,55.99881749,1.1076102,5.0973508,3.2172371704252187,31.22031764500736,69.22284875499264,0.20202410519613304,3.294285290732741,31.076084056095066,71.29740254347317,0.23449157894367698,0.9923153414291487,ok
run_v2_000680,3.4,1.1,0.0025,0.09,500,30,80,1,15,50,35413.61896,70.82723792,15.84476137,91.63737013,0.0,296.6064148,83.5,107.6335786,98.5,58.90724966,1.043033478,4.809660004,3.338551402384602,32.23960503442343,75.39397356557657,0.09836636232884892,3.3663278334382563,32.66406631506557,77.29388927461264,0.2623374206112762,0.9912095079456933,ok
run_v2_000681,3.4,1.1,0.0025,0.09,500,30,85,1,15,50,28355.31483,56.71062966,17.88489819,70.39514907,0.0,229.9804382,104.5,113.2347144,104.5,61.41804011,0.9894022061,4.620130395,3.3991260566056267,33.312890582550615,79.92182381744938,0.054570581925570225,3.41263283933593,34.19477326652695,82.49943291646927,0.3472205729219871,0.9857640542916449,ok
run_v2_000682,3.4,1.1,0.0025,0.09,500,30,90,1,15,50,23803.42944,47.60685888,16.36542892,57.37695083,0.0,188.928009,88.5,117.7309424,108.5,63.43546002,0.9627186597,4.524105397,3.4444275449488724,34.18011871744788,83.55082368255214,0.033042119913507056,3.464443504638086,35.05934048116465,86.40176392570133,0.38825892550028457,0.9829827691490036,ok
run_v2_000683,3.4,1.1,0.0025,0.09,500,30,95,1,15,50,20270.2848,40.54056961,16.71737576,47.16395807,0.0,161.8813934,101.5,122.6611082,113.5,65.43813094,0.9064414858,4.28989938,3.5135973857727727,34.91040512970503,87.75070307029496,0.025257719246515674,3.450194263871171,36.91157107730783,90.44051972409267,0.42291391846586746,0.9811660270373634,ok
run_v2_000684,3.4,1.1,0.0025,0.09,500,30,100,1,15,50,16977.42623,33.95485247,14.19474459,38.30721787,0.0,126.9149399,105.5,126.6248829,116.5,67.43387228,0.8696257838,4.118075231,3.525996812782066,35.91179732238357,90.71308557761643,0.02365324111803131,3.3904065839543236,38.81345919331323,92.77994840173841,0.4512874131247743,0.9796901128800632,ok
run_v2_000685,3.4,1.1,0.003,0.09,500,30,60,1,15,50,117563.1762,235.1263524,12.19137001,398.85109,0.0,1375.83313,55.5,71.91959396,63.5,43.84469282,1.437943453,6.723639583,2.690669712909924,26.72925391582897,45.19034004417103,5.003600033684103,2.9557983899521454,24.080264903468013,47.096143327823896,0.08406602484607187,0.9983651037041171,ok
run_v2_000686,3.4,1.1,0.003,0.09,500,30,65,1,15,50,76610.53926,153.2210785,13.56636333,237.3982079,0.0,793.961853,58.5,82.9457984,74.5,48.59080837,1.309040218,6.059357116,2.9139395318450876,28.46517489245196,54.480623507548046,1.2919842701523536,3.100443789713811,26.819077389156266,56.33196454790737,0.1297891506043843,0.9968783792972847,ok
run_v2_000687,3.4,1.1,0.003,0.09,500,30,70,1,15,50,54743.29799,109.486596,14.34145212,158.5553741,0.0,511.6127625,58.5,91.53702918,82.5,52.32373535,1.196270025,5.46407724,3.0605265123014602,29.908915610460053,61.62811356953995,0.4836618479718657,3.195230582708215,28.932177009591577,63.51279979578294,0.17382636932018194,0.9951605075334383,ok
run_v2_000688,3.4,1.1,0.003,0.09,500,30,75,1,15,50,41599.27536,83.19855072,16.96900558,114.0522104,0.0,374.8849792,78.5,99.27891057,90.5,55.41657646,1.110533008,5.068681572,3.2094796105376484,30.93302423359808,68.34588633640192,0.19387981724071335,3.2988453800023545,30.619886796712,70.39038529881647,0.22795364269927532,0.9925806300983793,ok
run_v2_000689,3.4,1.1,0.003,0.09,500,30,80,1,15,50,33206.63294,66.41326588,16.30542278,87.08571172,0.0,275.3814697,76.5,105.6711221,96.5,58.05035521,1.054312213,4.873893421,3.3136213152273157,31.88992104028366,73.78120105971632,0.09564046847867363,3.3729955437174737,32.013805664643925,75.96861817963725,0.2699799041187443,0.9904308050602615,ok
run_v2_000690,3.4,1.1,0.003,0.09,500,30,85,1,15,50,27161.91951,54.32383902,15.16568995,68.47123701,0.0,223.4718475,95.5,110.7192091,101.5,60.0629573,0.9707809851,4.515617754,3.3980716070635935,32.58295348157092,78.13625561842908,0.06966856980283338,3.3524490369932014,34.11358537241824,80.25047105773065,0.33337948177946625,0.9866956433416543,ok
run_v2_000691,3.4,1.1,0.003,0.09,500,30,90,1,15,50,22294.38891,44.58877781,15.04100037,54.22837078,0.0,172.6996155,95.5,116.2958627,107.5,62.51569121,0.9521713362,4.475033589,3.460592440000804,33.605766849555096,82.6900958504449,0.03710466902891782,3.4257721222098882,35.06719980488843,85.06503569066238,0.35473169455846854,0.9857008527550342,ok
run_v2_000692,3.4,1.1,0.003,0.09,500,30,95,1,15,50,18826.76417,37.65352835,14.37213945,44.16749017,0.0,159.1650696,104.5,120.8296157,112.5,64.46506753,0.8737620877,4.190158668,3.5131597993483914,34.393430017732484,86.4361856822675,0.027606151513209654,3.415286336538623,36.93010905920274,89.1967878175736,0.45672178010096987,0.9779965840118252,ok
run_v2_000693,3.4,1.1,0.003,0.09,500,30,100,1,15,50,15723.14159,31.44628318,12.81770563,36.21032585,0.0,119.9770126,113.5,125.0236124,116.5,66.12218146,0.8792965873,4.200277862,3.5751127268434666,34.97053714174369,90.05307525825633,0.012477424149548697,3.5526500994457533,36.5568438502162,93.31683108967725,0.47257303141858276,0.976666193123221,ok
run_v2_000694,3.4,1.1,0.0035,0.09,500,30,60,1,15,50,113058.3436,226.1166872,11.63527298,386.2726489,0.0,1341.236938,39.5,71.03202463,62.5,43.23101059,1.428089736,6.706514923,2.69971308360338,26.310953212550885,44.72107141744912,5.1865324955647045,2.9407398038490498,23.981324482439252,46.54151097208957,0.08956990236952625,0.9981246429240983,ok
run_v2_000695,3.4,1.1,0.0035,0.09,500,30,65,1,15,50,72768.54078,145.5370816,11.77781868,226.8094478,0.0,778.2633667,57.5,81.93798702,73.5,47.98087526,1.266619033,5.766904119,2.916313771495067,28.096423581332935,53.84156343866706,1.348278136956866,3.0824131667233208,26.662152926630856,55.521618307606815,0.11938022435647977,0.9973180710609275,ok
run_v2_000696,3.4,1.1,0.0035,0.09,500,30,70,1,15,50,52436.0875,104.872175,13.13214207,153.7358151,0.0,499.8691711,74.5,90.56494469,81.5,51.32139129,1.184492465,5.445951067,3.114034428846577,29.082833462295664,61.48211122770434,0.3851555081137222,3.2597209787676813,28.076369338898925,63.444760802739594,0.180886462377521,0.9946062463350409,ok
run_v2_000697,3.4,1.1,0.0035,0.09,500,30,75,1,15,50,39741.14092,79.48228183,13.49751329,110.0569933,0.0,366.8401489,77.5,97.86282235,89.5,54.49988323,1.106542825,5.121438889,3.2243659751765406,30.351028110151734,67.51179423984826,0.20438093584392125,3.2816374077498347,30.433123570155505,69.43735317234,0.23025932223328496,0.9923451078362061,ok
run_v2_000698,3.4,1.1,0.0035,0.09,500,30,80,1,15,50,31202.70145,62.40540289,12.72392559,82.66846963,0.0,262.6991882,70.5,103.9698599,95.5,57.01080722,1.033338479,4.769939175,3.3258337566122336,31.261291907117435,72.70856799288256,0.11440791825325843,3.3187330072545436,32.07721946123928,74.37850754572332,0.23960820581184328,0.9923990484950659,ok
run_v2_000699,3.4,1.1,0.0035,0.09,500,30,85,1,15,50,25265.2902,50.5305804,14.44431162,64.68816817,0.0,212.9995575,80.5,109.9574732,101.5,59.29720857,0.9949600792,4.622409443,3.438594814518529,31.97744402327792,77.98002917672207,0.0410888012999033,3.4926738798480756,32.25838319143216,80.40962918741315,0.30569075863233747,0.9881947819666997,ok
run_v2_000700,3.4,1.1,0.0035,0.09,500,30,90,1,15,50,20982.9513,41.96590261,13.68936014,51.84208473,0.0,168.2515869,100.5,113.800438,104.5,61.2702118,0.9508589838,4.504880305,3.4497617612920117,32.987912173210255,80.81252582678975,0.041376446808039716,3.397275305700307,34.690296634895475,83.16219147025338,0.365065099674571,0.9845823530978365,ok
run_v2_000701,3.4,1.1,0.0035,0.09,500,30,95,1,15,50,17574.07213,35.14814426,12.11709023,41.96836965,0.0,133.1336517,78.5,118.6186335,109.5,63.19317886,0.8884429841,4.265618347,3.5234282169897,33.66568756191202,84.95294593808798,0.02224531349985173,3.4761991589566748,35.4557915159949,87.79560113204978,0.3810814449150525,0.9838999601172032,ok
run_v2_000702,3.4,1.1,0.0035,0.09,500,30,100,1,15,50,14779.8599,29.55971981,12.71328974,34.17075956,0.0,117.3479996,107.5,122.5539069,113.5,65.67612726,0.8593661906,4.086401363,3.4820840509224267,35.19556251594061,87.35834438405938,0.022566880563561015,3.392179071532936,37.655358120600724,90.07835962717884,0.49479979555248615,0.9746977459252761,ok
run_v2_000703,3.4,1.1,0.004,0.09,500,30,60,1,15,50,109221.2297,218.4424594,9.534880161,377.085169,0.0,1297.887939,51.5,69.98737495,61.5,42.4942717,1.424572073,6.71371113,2.712555472145111,25.801269566167957,44.18610538383205,5.294028301288135,2.936694760506182,23.676850804276633,45.85483289792914,0.08356141384058303,0.9983314980272806,ok
run_v2_000704,3.4,1.1,0.004,0.09,500,30,65,1,15,50,70237.01983,140.4740397,11.44491339,221.1731094,0.0,745.2435303,54.5,80.80363306,72.5,47.16499541,1.2537075,5.718701455,2.9350951349069905,27.530158085509747,53.273474974490256,1.3429305398235065,3.0844521314057642,26.32446361393909,54.87208428818882,0.13826221549704182,0.9963369798049625,ok
run_v2_000705,3.4,1.1,0.004,0.09,500,30,70,1,15,50,50090.35366,100.1807073,12.13459587,147.4076098,0.0,492.9840393,67.5,89.22599395,80.5,50.82312241,1.15932128,5.317999949,3.0821949371237576,28.94884839219933,60.27714555780068,0.557164174958122,3.147400818754923,28.754799210736948,61.74807936826994,0.17824528390609315,0.9948124088776273,ok
run_v2_000706,3.4,1.1,0.004,0.09,500,30,75,1,15,50,37780.23422,75.56046843,12.41282272,105.2319752,0.0,344.7556458,72.5,96.34686331,87.5,53.91742992,1.090139967,5.040730431,3.1931314362984295,30.173159242604832,66.17370406739516,0.260926658975466,3.2087827653698913,30.71217678860791,67.83652677767036,0.21958098574444176,0.9930102516037197,ok
run_v2_000707,3.4,1.1,0.004,0.09,500,30,80,1,15,50,29663.45534,59.32691068,13.24425507,79.85897006,0.0,258.8127747,67.5,102.4061361,94.5,55.8965601,1.042632169,4.86102741,3.356462473656131,30.5101388452143,71.8959972547857,0.09281541197361431,3.377788449742514,31.058572142704552,73.8507141064175,0.25298550553102683,0.9912512315644791,ok
run_v2_000708,3.4,1.1,0.004,0.09,500,30,85,1,15,50,23741.49091,47.48298183,11.70372009,60.83234836,0.0,190.9502258,93.5,108.1877322,99.5,58.81659456,0.9794455413,4.599242727,3.383422893395923,31.975823185204188,76.21190901479581,0.07661134212253257,3.3088113572336546,33.825029692254965,78.09561271224385,0.3197561353491166,0.9875140710388076,ok
run_v2_000709,3.4,1.1,0.004,0.09,500,30,90,1,15,50,19456.81456,38.91362912,11.81584978,48.60818275,0.0,161.9671326,100.5,113.3506102,104.5,60.75912232,0.9481891019,4.424594741,3.4803645893135573,32.568602309092135,80.78200789090789,0.028012799645196547,3.4928834748076305,33.4033257029825,83.27059864858205,0.3730291382124948,0.9833409077032692,ok
run_v2_000710,3.4,1.1,0.004,0.09,500,30,95,1,15,50,16231.18427,32.46236853,11.00295115,38.98488507,0.0,123.9560242,80.5,117.3921617,108.5,62.75850992,0.8914616947,4.273753398,3.498911459921591,33.55105239005697,83.84110930994305,0.028482915578544692,3.3937014296298003,36.09568646969416,86.40229630597594,0.41872408278062223,0.9808494804691604,ok
run_v2_000711,3.4,1.1,0.004,0.09,500,30,100,1,15,50,13699.13653,27.39827305,11.39452267,32.231466,0.0,111.2840118,104.5,120.6328046,111.5,64.46557245,0.8747923863,4.160626864,3.5016695748934183,34.4500821736362,86.1827224263638,0.021293801833467144,3.4031895267206465,36.90599473837199,88.69210002846285,0.481919094451218,0.9754672002613712,ok
run_v2_000712,3.4,1.1,0.0045,0.09,500,30,60,1,15,50,105541.9035,211.083807,8.668657303,366.3145639,0.0,1269.668457,49.5,69.20287504,61.5,41.9721503,1.406006258,6.612606776,2.7184780864309857,25.45647705803453,43.746397981965465,5.409503460628819,2.926115936622645,23.57751294454796,45.41302342842053,0.08750588942303296,0.9981521951936602,ok
run_v2_000713,3.4,1.1,0.0045,0.09,500,30,65,1,15,50,67141.14197,134.2822839,10.3904109,213.6980007,0.0,717.8643188,63.5,79.51707494,71.5,46.43822566,1.269858395,5.871404114,2.9320377453747346,27.120072060954037,52.39700287904597,1.3533648961017346,3.0818390531326916,25.976541359414764,54.07897826734623,0.13310870763296875,0.9965308159100887,ok
run_v2_000714,3.4,1.1,0.0045,0.09,500,30,70,1,15,50,47526.29931,95.05259862,10.08335924,141.94056,0.0,472.4292297,66.5,87.81437685,79.5,49.86692433,1.171616739,5.375779106,3.1010308161354034,28.317802065390914,59.49657478460909,0.4728623758706709,3.196291965079041,27.854464955145495,61.176537572561784,0.16759492015911331,0.995241657052155,ok
run_v2_000715,3.4,1.1,0.0045,0.09,500,30,75,1,15,50,35468.24103,70.93648205,11.10044479,100.0802008,0.0,328.3084412,84.5,94.95915487,86.5,52.92930584,1.081310921,5.023461836,3.2187058171023515,29.502278327345625,65.45687654265437,0.23528750713710153,3.233982216921469,30.038663833600722,67.10584082434609,0.23120091527321673,0.9920475809320265,ok
run_v2_000716,3.4,1.1,0.0045,0.09,500,30,80,1,15,50,27731.5136,55.46302721,10.66848469,74.86702275,0.0,252.085434,82.5,100.8986515,92.5,55.50454058,1.021306059,4.733783654,3.304560439397237,30.533153607081324,70.36549789291867,0.12216153207554967,3.29099520971326,31.511960676637084,72.19375095884818,0.25411924545186027,0.991182783128468,ok
run_v2_000717,3.4,1.1,0.0045,0.09,500,30,85,1,15,50,22239.46383,44.47892766,10.45543146,57.72256524,0.0,185.11409,90.5,106.3931554,97.5,57.95106947,0.9813456834,4.593903968,3.3705786722465514,31.565249099819123,74.82790630018087,0.07200460153828375,3.323966814023739,33.0785511788439,76.87345519561906,0.31528176904251437,0.9874962827271523,ok
run_v2_000718,3.4,1.1,0.0045,0.09,500,30,90,1,15,50,18335.47824,36.67095647,9.626257896,45.86572269,0.0,152.921936,89.5,111.3171642,102.5,59.95976617,0.9100540383,4.311879881,3.446707326258063,32.296668577558655,79.02049562244135,0.04891025266529375,3.3315943614725945,34.71028107972744,80.93029565062137,0.3569745095201518,0.9850845951894287,ok
run_v2_000719,3.4,1.1,0.0045,0.09,500,30,95,1,15,50,15302.04194,30.60408388,9.718314171,37.10130748,0.0,118.1926117,80.5,115.1691632,106.5,61.93818921,0.8819654236,4.237635779,3.457446063829709,33.31047283856414,81.85869036143588,0.03712933457824284,3.3202083397795223,36.29332022546597,84.20806426541496,0.423836966749154,0.9802596451824767,ok
run_v2_000720,3.4,1.1,0.0045,0.09,500,30,100,1,15,50,12593.30791,25.18661581,9.268965244,29.94080713,0.0,100.3733826,112.5,119.7848034,111.5,63.59184969,0.8737648338,4.209628762,3.548138254459459,33.759903027862315,86.02490037213768,0.016208795134886652,3.459317309106891,36.12128404023048,88.83369906730532,0.4897549418821884,0.9742872120763024,ok
run_v2_000721,3.4,1.1,0.005,0.09,500,30,60,1,15,50,101780.617,203.5612341,6.972696543,356.5780519,0.0,1241.737793,46.5,68.33992619,60.5,41.24733298,1.383267895,6.467033115,2.7450942841598924,24.895292880956443,43.44463330904355,5.2099491794051715,2.93820541874537,23.201244546521128,44.96877790170371,0.07908797687264957,0.9984555515287181,ok
run_v2_000722,3.4,1.1,0.005,0.09,500,30,65,1,15,50,64038.5801,128.0771602,8.674536705,205.2047455,0.0,698.2062988,58.5,78.56349943,70.5,45.80240964,1.254248378,5.821618621,2.9421511913847835,26.702740382632232,51.86075904736776,1.4434058433820665,3.0568178302500226,25.9341809087959,53.34188570614114,0.1266461552130735,0.996830775654927,ok
run_v2_000723,3.4,1.1,0.005,0.09,500,30,70,1,15,50,45200.05369,90.40010738,9.26321125,135.3774537,0.0,443.5265503,52.5,87.09401721,78.5,49.43471982,1.144221345,5.275795562,3.1039340959606077,28.059235317960603,59.0347818920394,0.5191511200212312,3.1596897620516384,27.986590642906606,60.44235328621558,0.17275993194804098,0.9949344848499552,ok
run_v2_000724,3.4,1.1,0.005,0.09,500,30,75,1,15,50,33595.28662,67.19057323,9.481449604,95.63428228,0.0,320.3464661,70.5,93.71907149,85.5,52.14789482,1.061711164,4.874238068,3.229850291997264,29.016537305834788,64.7025341841652,0.24548096632923208,3.217908949050994,29.808247021485155,66.11197782447455,0.20274825015816225,0.9937832790916954,ok
run_v2_000725,3.4,1.1,0.005,0.09,500,30,80,1,15,50,26293.98802,52.58797604,9.867602825,71.74159106,0.0,240.3105164,76.5,99.72364012,91.5,54.85032254,1.035170988,4.865936742,3.305505423654828,30.16895371169522,69.55468640830478,0.11223496440167328,3.310393186424933,30.983939461958446,71.5850826215114,0.28154846921488647,0.988978967424587,ok
run_v2_000726,3.4,1.1,0.005,0.09,500,30,85,1,15,50,21167.82816,42.33565631,9.287953854,55.54875762,0.0,179.3100891,82.5,104.9464327,96.5,56.77691143,0.9528879257,4.499421439,3.4165818836785444,30.71679130576169,74.22964139423831,0.07092149694606048,3.3249514583185027,32.71203637252441,76.05389666886853,0.30347883958942223,0.9882491464848546,ok
run_v2_000727,3.4,1.1,0.005,0.09,500,30,90,1,15,50,17095.44177,34.19088355,9.514321327,43.08609975,0.0,139.7586365,94.5,109.6429969,101.5,59.45238245,0.9197699915,4.387455097,3.4011302938809784,32.23722334226955,77.40577355773043,0.051458813120960144,3.308527016528861,34.548120798829274,79.75527023440004,0.3747702373344374,0.9833884800977772,ok
run_v2_000728,3.4,1.1,0.005,0.09,500,30,95,1,15,50,14212.65651,28.42531301,8.280840874,35.33293877,0.0,119.7163467,71.5,113.1506107,104.5,60.66812069,0.91126112,4.294280254,3.478505708887033,32.528510851920714,80.62209984807929,0.027949731657010455,3.403719288629476,34.41079461699988,82.71389075794995,0.3931559758718141,0.9819840782087692,ok
run_v2_000729,3.4,1.1,0.005,0.09,500,30,100,1,15,50,12057.38122,24.11476244,8.15712738,28.95856063,0.0,96.83382416,85.5,116.8058965,108.5,62.53551032,0.8581973367,4.121466413,3.488800513285329,33.480245160250334,83.32565133974968,0.02766207923727551,3.322854158278552,36.7813810685138,85.4377839622253,0.45494646071199035,0.9777352145882057,ok
run_v2_000730,3.4,1.1,0.001,0.1,500,30,60,1,15,50,137991.7562,275.9835124,15.8057065,468.7212518,0.0,1615.202393,43.5,72.02036851,63.5,44.36985572,1.504335924,7.035883756,2.6347210754830472,27.335101685022142,44.68526682497785,5.719348382389462,2.9675592851916166,23.89137791273071,47.00770244821521,0.08820399329591395,0.9981814298231522,ok
run_v2_000731,3.4,1.1,0.001,0.1,500,30,65,1,15,50,92176.2886,184.3525772,18.95163822,285.3964258,0.0,957.7980347,66.5,83.51304524,74.5,49.45770607,1.38799049,6.470524085,2.851285476875551,29.289611972321307,54.22343326767869,1.335636030166911,3.1477081792987596,26.364320604617937,56.62286700419276,0.13031142621482683,0.9967988039361634,ok
run_v2_000732,3.4,1.1,0.001,0.1,500,30,70,1,15,50,67896.80242,135.7936048,19.54915428,196.0762255,0.0,635.9992676,58.5,92.62933414,83.5,52.86450686,1.226805451,5.629855951,3.070214466667773,30.17031388055908,62.45902025944092,0.4750796319205346,3.257532958031354,28.567110336371876,64.49119310007767,0.17492184623454118,0.9950747690314864,ok
run_v2_000733,3.4,1.1,0.001,0.1,500,30,75,1,15,50,52958.87751,105.917755,19.32424545,144.8574179,0.0,487.8849182,74.5,100.1899836,90.5,55.8839669,1.144221241,5.269732577,3.2142093310034,31.170957856911908,69.0190257430881,0.19795235743600698,3.356169986348134,30.28400591187489,71.35426579594906,0.2330373333826164,0.9922174251845187,ok
run_v2_000734,3.4,1.1,0.001,0.1,500,30,80,1,15,50,42657.59933,85.31519865,20.22272778,111.1314206,0.0,374.5256958,74.5,106.805276,97.5,59.18342808,1.109669463,5.087484606,3.2567556774083326,32.794991881304924,74.01028411869505,0.10911204589117848,3.4005066850492205,31.932705531073893,76.6546730990511,0.26049341270437015,0.9910815481385326,ok
run_v2_000735,3.4,1.1,0.001,0.1,500,30,85,1,15,50,35030.33311,70.06066621,20.81016636,88.07469335,0.0,281.0708923,78.5,112.0569281,103.5,61.03508897,1.038749399,4.836315914,3.3706857217143265,33.24454943340371,78.81237866659629,0.06093205079120806,3.454392153309298,33.282014786295825,81.68711593780851,0.3403254091276591,0.9859031834250371,ok
run_v2_000736,3.4,1.1,0.001,0.1,500,30,90,1,15,50,29267.73575,58.53547151,20.49559498,71.13448491,0.0,228.838974,89.5,117.3990648,108.5,62.89236412,0.9753911957,4.576346983,3.4844435605244413,33.6923421948985,83.7067226051015,0.035929794545820966,3.5020115811369292,34.556406783993864,86.4605299760314,0.37357534707210044,0.9840800970537112,ok
run_v2_000737,3.4,1.1,0.001,0.1,500,30,95,1,15,50,24769.85424,49.53970847,18.28477573,58.30967773,0.0,189.9586334,103.5,122.4125127,113.5,64.96976885,0.9340497683,4.390237789,3.5500051401240893,34.482348015902055,87.93016468409793,0.020041556274269012,3.5737594812087425,35.35125806263076,90.98563561135293,0.4020192955307938,0.9823404913157981,ok
run_v2_000738,3.4,1.1,0.001,0.1,500,30,100,1,15,50,21582.70038,43.16540076,19.44529915,48.90745097,0.0,167.5878143,108.5,126.6368197,117.5,67.26763472,0.8687721073,4.144747977,3.5441139452674397,35.731588107967546,90.90523159203245,0.020605297647701297,3.4897521774535343,37.75024799502243,93.988762145018,0.5008181792963248,0.9745887668604688,ok
run_v2_000739,3.4,1.1,0.0015,0.1,500,30,60,1,15,50,133245.2429,266.4904857,13.91119528,456.7327316,0.0,1553.276123,50.5,71.02894578,62.5,43.6517416,1.501020125,7.06239629,2.647692750667323,26.826732732526423,44.20221304747358,5.632175752482486,2.972954731391533,23.562151428523666,46.48705814266954,0.08694792522675354,0.9981953784519672,ok
run_v2_000740,3.4,1.1,0.0015,0.1,500,30,65,1,15,50,88761.10295,177.5222059,16.72008324,277.407044,0.0,934.7758789,56.5,82.15926565,73.5,48.26614206,1.348560182,6.3572286,2.8975298856353993,28.35493295765724,53.804332692342754,1.3697647556278028,3.138956131819085,26.1651663215933,55.9661429436382,0.125295214181984,0.9970016965909922,ok
run_v2_000741,3.4,1.1,0.0015,0.1,500,30,70,1,15,50,64439.51889,128.8790378,18.53888512,187.3802423,0.0,609.078064,57.5,91.45165914,82.5,52.316775,1.225957481,5.625559694,3.0556334014379694,29.928871407467664,61.522787732532336,0.528464001622231,3.2204571132831044,28.609163306139436,63.52542016819529,0.17773801161253405,0.994886143759037,ok
run_v2_000742,3.4,1.1,0.0015,0.1,500,30,75,1,15,50,49472.96759,98.94593517,18.2595892,136.9790694,0.0,462.4746704,73.5,98.10793798,88.5,55.11036189,1.151737581,5.279316061,3.1691425170148517,30.9572502509013,67.15068772909869,0.22800077120387652,3.317210979529073,29.951742302076603,69.40450611839731,0.20935733195187728,0.9935411647541902,ok
run_v2_000743,3.4,1.1,0.0015,0.1,500,30,80,1,15,50,40037.69654,80.07539308,16.72977829,105.5139861,0.0,345.3412476,81.5,105.0110604,96.5,57.69836753,1.05219012,4.858974879,3.312401986941367,31.702390233428762,73.30867016657125,0.10897158942391356,3.392942155762384,31.69120508712041,75.83522061988174,0.28908867638598534,0.9889297779128702,ok
run_v2_000744,3.4,1.1,0.0015,0.1,500,30,85,1,15,50,32947.67488,65.89534977,19.7433691,83.40233998,0.0,271.1395264,76.5,110.7500566,101.5,60.35867054,1.020579076,4.72609227,3.3667322786096228,32.89541532709487,77.85464127290514,0.06555137633889632,3.42893321380887,33.11156414166979,80.42577790486453,0.3091199014241447,0.988195685775609,ok
run_v2_000745,3.4,1.1,0.0015,0.1,500,30,90,1,15,50,27615.10815,55.23021631,17.66260624,67.76498207,0.0,215.3931427,90.5,115.3831055,106.5,61.84566773,0.9485755754,4.461289475,3.4806942971219765,33.14945112973722,82.23365437026278,0.041925792311398424,3.458196984612462,34.47272874106315,84.74075784264478,0.35957834269443567,0.9850720003865862,ok
run_v2_000746,3.4,1.1,0.0015,0.1,500,30,95,1,15,50,23045.83523,46.09167046,16.47398567,54.37110138,0.0,179.2417145,86.5,120.0902647,110.5,64.42267583,0.9090157643,4.281353402,3.474866187596604,34.559680349320324,85.53058435067966,0.03756586288964812,3.3976601578472683,36.67058922987129,87.92361076124553,0.40395912353333296,0.9824764988723089,ok
run_v2_000747,3.4,1.1,0.0015,0.1,500,30,100,1,15,50,20161.87924,40.32375848,16.18874645,46.5583735,0.0,154.6292114,94.5,123.889908,114.5,66.01294325,0.9025619721,4.307121218,3.5221972012315685,35.17404078246407,88.71586721753593,0.022627491204107144,3.4684375271478136,37.105135463553,91.5917088281374,0.45346001491743965,0.9785934761011338,ok
run_v2_000748,3.4,1.1,0.002,0.1,500,30,60,1,15,50,128111.7784,256.2235568,12.87143517,442.5437176,0.0,1524.923706,52.5,69.92447808,61.5,42.94954814,1.487924533,7.076699923,2.650582148593758,26.380800201607702,43.54367787839229,6.095162239023011,2.946844170289768,23.473088091816,45.69844471025015,0.0869711794145763,0.9981691305898482,ok
run_v2_000749,3.4,1.1,0.002,0.1,500,30,65,1,15,50,83799.18718,167.5983744,14.14186287,265.3515624,0.0,910.2331543,60.5,80.99579332,72.5,47.4957874,1.332139271,6.123501382,2.9081362044600523,27.851444232832392,53.14434908716761,1.2504067712724933,3.1655423587556104,25.51125692513476,55.245707496476726,0.13856062845011008,0.9962111579888555,ok
run_v2_000750,3.4,1.1,0.002,0.1,500,30,70,1,15,50,61273.05191,122.5461038,15.17919683,180.2021373,0.0,588.7071533,54.5,90.10486847,81.5,51.34795018,1.214988753,5.585684846,3.079287873949191,29.26159299112245,60.84327547887755,0.505952221529098,3.2308195383159415,28.15866953293573,62.81691016705485,0.1771016769955269,0.9948162911639487,ok
run_v2_000751,3.4,1.1,0.002,0.1,500,30,75,1,15,50,47038.4292,94.0768584,15.54536915,131.6398705,0.0,438.2522583,73.5,97.38107483,88.5,54.16419362,1.139206249,5.260175339,3.2323960220419097,30.126591595198235,67.25448323480177,0.19457409509032134,3.355704999635672,29.406044599939204,69.27196628358634,0.21334223991100515,0.9931850018808206,ok
run_v2_000752,3.4,1.1,0.002,0.1,500,30,80,1,15,50,37798.39881,75.59679763,16.68019199,100.8995605,0.0,336.3822937,88.5,103.3946777,94.5,57.12871977,1.10027414,5.12668245,3.2755737638833144,31.565363857787705,71.8293138422123,0.11377461972551509,3.3821793049724085,31.205884409658463,74.33801203404951,0.26837888415803274,0.9902082908671831,ok
run_v2_000753,3.4,1.1,0.002,0.1,500,30,85,1,15,50,31000.0593,62.0001186,15.9280653,79.86139702,0.0,266.4080811,96.5,109.3695422,100.5,58.72480876,0.9967036445,4.706310556,3.46856283328208,31.53165949613505,77.83788270386495,0.04867013069828352,3.505599141763146,32.05152006337667,80.30826116300084,0.3207640949497999,0.9869603961527814,ok
run_v2_000754,3.4,1.1,0.002,0.1,500,30,90,1,15,50,25832.6622,51.66532439,14.78511572,64.06115039,0.0,201.021637,100.5,113.8027889,105.5,61.15792542,0.9666468988,4.558910803,3.4625840200765645,32.866433923380605,80.93635497661938,0.04361352116203487,3.4428336549414165,34.125693829099596,83.3633933839511,0.33881412412492695,0.9865085737813295,ok
run_v2_000755,3.4,1.1,0.002,0.1,500,30,95,1,15,50,21960.89411,43.92178823,15.22101879,52.99929383,0.0,168.6903992,84.5,118.2945673,109.5,62.70026059,0.9123628733,4.367345104,3.5595156639803927,33.233332415713626,85.06123488428636,0.02456512156677232,3.515655586436226,34.859314235813265,87.6940285966595,0.3893561820782675,0.9829938820415596,ok
run_v2_000756,3.4,1.1,0.002,0.1,500,30,100,1,15,50,18806.06554,37.61213108,14.79802227,43.85382777,0.0,149.5049438,114.5,122.4253804,113.5,65.23039353,0.9005610113,4.2948948,3.522434507799129,34.755899684986126,87.66948071501388,0.020196229501104824,3.4903957772112126,36.469894005954714,90.82447002777013,0.44233438581766277,0.9792348857964766,ok
run_v2_000757,3.4,1.1,0.0025,0.1,500,30,60,1,15,50,123055.625,246.1112501,10.92579365,429.796596,0.0,1519.459473,51.5,69.04387549,60.5,42.22780123,1.484599602,7.071821838,2.6733349989536275,25.826870002085236,43.21700548791477,5.502073915207024,2.980398617354252,22.891789957932087,45.33486918145265,0.08301681684398522,0.9982783693910349,ok
run_v2_000758,3.4,1.1,0.0025,0.1,500,30,65,1,15,50,80876.61742,161.7532348,11.40093088,257.7739795,0.0,881.0008545,57.5,79.94096196,71.5,46.83119146,1.327794655,6.195851563,2.913857612266021,27.434752344618605,52.50620961538139,1.3117938612061848,3.1492390416199663,25.401021084657327,54.59286621215747,0.1312512724013133,0.9965622098746475,ok
run_v2_000759,3.4,1.1,0.0025,0.1,500,30,70,1,15,50,58153.54832,116.3070966,14.82184839,173.3470547,0.0,568.8546753,71.5,88.5347864,79.5,50.44646894,1.204074484,5.503472146,3.080110819689677,28.74402629737846,59.79076010262154,0.47366415677476975,3.2535913038116084,27.41228838623155,61.77609472478737,0.17625671657502862,0.9946717997409247,ok
run_v2_000760,3.4,1.1,0.0025,0.1,500,30,75,1,15,50,44769.65346,89.53930692,14.54709959,126.379437,0.0,411.3557739,67.5,95.87061033,86.5,53.57360492,1.145065087,5.288148696,3.202353294504656,29.93754951851101,65.93306081148899,0.22810222540797756,3.3099743121458665,29.360306758833694,67.82155440962849,0.20114879003511738,0.9938596387806669,ok
run_v2_000761,3.4,1.1,0.0025,0.1,500,30,80,1,15,50,35528.9609,71.05792181,13.35946941,95.99002637,0.0,312.3045349,67.5,101.9896563,93.5,55.89485349,1.056504384,4.880486529,3.329420216014784,30.632857880006068,71.35679841999392,0.11371309526334394,3.378399398552772,30.811230029366694,73.28141097051686,0.25007121829888407,0.9913371549275493,ok
run_v2_000762,3.4,1.1,0.0025,0.1,500,30,85,1,15,50,29056.92933,58.11385866,14.47927237,75.3382529,0.0,238.0145874,72.5,107.7944344,99.5,57.91290913,0.9702658212,4.573203569,3.4645107525481897,31.1138980650344,76.6805363349656,0.06697147663297918,3.4084659133819346,32.649434521428496,78.63505013605595,0.320892069679119,0.9870750858991121,ok
run_v2_000763,3.4,1.1,0.0025,0.1,500,30,90,1,15,50,24140.2744,48.2805488,13.44266224,60.24035174,0.0,200.3683319,82.5,112.2881801,103.5,60.51577087,0.9459366951,4.498389858,3.4429518295214288,32.61392713577642,79.67425296422358,0.04632903250921346,3.416148118824341,34.071261550254476,82.32121450061946,0.3697320279973611,0.9838453995426291,ok
run_v2_000764,3.4,1.1,0.0025,0.1,500,30,95,1,15,50,20234.4505,40.468901,14.45250177,49.09720771,0.0,153.4607239,105.5,116.5439031,107.5,62.30532694,0.9204904902,4.402269567,3.4988776713138643,33.30893905080042,83.23496404919959,0.026243501635630714,3.4869948374726083,34.69937338212531,86.29716246488009,0.378204482170871,0.9837190121791063,ok
run_v2_000765,3.4,1.1,0.0025,0.1,500,30,100,1,15,50,17304.98525,34.60997051,13.14402056,40.90896649,0.0,143.1795044,108.5,120.6372328,112.5,63.97066503,0.8752107669,4.289863548,3.556321392504137,33.92191522798644,86.71531757201357,0.01876387244110969,3.49454421222657,36.18547324610812,90.2662628527584,0.5271951702948836,0.9705758052841007,ok
run_v2_000766,3.4,1.1,0.003,0.1,500,30,60,1,15,50,118821.1744,237.6423488,9.553120136,418.1460025,0.0,1485.033203,47.5,68.15480367,60.5,41.48629585,1.456902287,6.934167951,2.6988802919702626,25.252992462383347,42.90181120761666,5.59969857352372,2.973355288163426,22.714848030172863,44.824465480170204,0.0806360803658998,0.9983517846325582,ok
run_v2_000767,3.4,1.1,0.003,0.1,500,30,65,1,15,50,77782.30047,155.5646009,10.76962471,249.838337,0.0,843.5654297,52.5,78.73821227,70.5,46.02250918,1.291879819,5.987386357,2.927052513077643,26.90017070695151,51.8380415630485,1.5033347123779475,3.107359138854401,25.423273189497625,53.575967095479896,0.12001472868604196,0.9970974833008923,ok
run_v2_000768,3.4,1.1,0.003,0.1,500,30,70,1,15,50,55576.42569,111.1528514,11.72452831,167.4173284,0.0,555.8219604,72.5,87.094846,78.5,49.42904191,1.186896811,5.461560349,3.1047063223934828,28.05252315550953,59.04232284449048,0.5648667043059354,3.201449691497759,27.476575740165273,60.488299186601644,0.15268316090449066,0.995968362405079,ok
run_v2_000769,3.4,1.1,0.003,0.1,500,30,75,1,15,50,42521.78035,85.0435607,12.78194523,120.6748502,0.0,389.6813965,71.5,94.70904374,86.5,52.84203057,1.112943801,5.141640814,3.212357765161022,29.482719754053495,65.22632398594651,0.23507180411031278,3.291848787195753,29.357399928089208,67.28272142041193,0.2225886433644609,0.992465806951127,ok
run_v2_000770,3.4,1.1,0.003,0.1,500,30,80,1,15,50,33694.73004,67.38946008,12.91322041,91.95760886,0.0,297.4698181,83.5,100.3284105,91.5,55.20024016,1.057870365,4.864074131,3.3034362420799894,30.370923834397605,69.9574866656024,0.1242894495728974,3.3519956702457487,30.599906644937395,71.97084793881687,0.25401950929811085,0.9909232363495079,ok
run_v2_000771,3.4,1.1,0.003,0.1,500,30,85,1,15,50,27264.83797,54.52967594,12.35363197,71.7597584,0.0,235.493103,84.5,105.8909158,97.5,57.27068551,1.009208941,4.729601925,3.418634299712042,30.97462510363258,74.91629069636741,0.05595658376438045,3.4617524350061832,31.430102241111513,77.37313072454957,0.30193539399143576,0.9879970667917987,ok
run_v2_000772,3.4,1.1,0.003,0.1,500,30,90,1,15,50,22476.92598,44.95385195,12.93921137,57.18813227,0.0,193.8776245,86.5,110.2900673,101.5,59.1163359,0.9476866072,4.490803716,3.480629423608361,31.686816916482464,78.60325038351755,0.03827316231710282,3.4687548931804004,32.87941027240389,81.17120499488303,0.3383763301007227,0.9859189061846042,ok
run_v2_000773,3.4,1.1,0.003,0.1,500,30,95,1,15,50,18785.6871,37.5713742,13.3998785,46.23781051,0.0,151.3437195,86.5,115.8113245,107.5,61.10751429,0.890684303,4.265298897,3.5918055822391675,32.24320522042345,83.56811927957656,0.020350065708553917,3.544684272687714,33.85289366536644,86.1449260952275,0.3879678300606794,0.982549889976322,ok
run_v2_000774,3.4,1.1,0.003,0.1,500,30,100,1,15,50,16159.67845,32.31935691,11.37691355,38.82624596,0.0,126.881134,88.5,118.5180784,109.5,63.14411929,0.9109517439,4.391466391,3.5229248764812575,33.641954499574055,84.87612390042595,0.01673939067461755,3.5316473273320965,34.853626177066594,88.23708955900264,0.44681803787499447,0.977701035181896,ok
run_v2_000775,3.4,1.1,0.0035,0.1,500,30,60,1,15,50,114316.1923,228.6323846,7.864349604,404.7668185,0.0,1429.794312,44.5,67.48582666,59.5,41.00581843,1.445009402,6.878189533,2.7085332757671523,24.91600426835651,42.5698223916435,5.797435109123171,2.958208769118821,22.629048936747967,44.3124020647588,0.0783656663820212,0.9984267378434041,ok
run_v2_000776,3.4,1.1,0.0035,0.1,500,30,65,1,15,50,74650.10592,149.3002118,9.263812542,241.9554534,0.0,821.2768555,54.5,77.63317217,69.5,45.31037597,1.28293727,5.960052616,2.9356165864740045,26.445269633540903,51.18790253645909,1.542283934130235,3.098294550034414,25.197777224136555,52.87235862238702,0.12425723209067342,0.9968385476916966,ok
run_v2_000777,3.4,1.1,0.0035,0.1,500,30,70,1,15,50,53451.39038,106.9027808,11.26262665,161.7680507,0.0,549.7114868,68.5,86.31948069,78.5,48.91921371,1.176874661,5.47401297,3.1135704870143446,27.723631454630475,58.595849235369535,0.5459626660274004,3.2047068965390797,27.316819577052357,60.22558051304108,0.16940300863388716,0.995002362200501,ok
run_v2_000778,3.4,1.1,0.0035,0.1,500,30,75,1,15,50,40341.08285,80.68216569,11.74937201,115.8359929,0.0,373.1643372,72.5,93.26895684,84.5,51.9300618,1.1063668,5.123248851,3.225793481974807,28.913492869636976,64.35546397036305,0.2386754316491758,3.2884088586519105,28.891376715074045,66.11528241342498,0.19371641126023434,0.9941399408628374,ok
run_v2_000779,3.4,1.1,0.0035,0.1,500,30,80,1,15,50,31698.87678,63.39775356,11.85441017,86.91585468,0.0,278.0845337,61.5,99.11488193,91.5,54.4839683,1.021355571,4.723688562,3.3093314967804632,29.95012195859663,69.16475997140337,0.1326051979961617,3.323081401016199,30.636497303787447,71.17107707871155,0.2654197470651861,0.9900534724831836,ok
run_v2_000780,3.4,1.1,0.0035,0.1,500,30,85,1,15,50,25542.89683,51.08579366,11.75786591,67.50938252,0.0,223.0078888,88.5,104.595055,96.5,56.83281287,1.004436428,4.732577711,3.3870686752370185,30.880700992187798,73.7143540078122,0.06855223018858454,3.394757973172926,31.772754424778604,76.08805698840393,0.3051209508543135,0.9877736569274799,ok
run_v2_000781,3.4,1.1,0.0035,0.1,500,30,90,1,15,50,21322.24648,42.64449296,11.35508013,54.40708251,0.0,178.2172089,98.5,109.186833,100.5,58.71406421,0.9373732691,4.448613433,3.458248934005825,31.572866813125742,77.61396618687424,0.05264539904613544,3.3738386142031196,33.52013567374896,79.57139241567279,0.3265741026285806,0.9869937266742518,ok
run_v2_000782,3.4,1.1,0.0035,0.1,500,30,95,1,15,50,17646.01999,35.29203998,11.13297033,43.51582707,0.0,133.450592,71.5,113.7380617,105.5,60.53315984,0.8764919983,4.26210057,3.530408468260679,32.216686177402906,81.52137552259708,0.03321957670057704,3.4033183063947936,34.90059153494036,83.87723053992934,0.38172113537728725,0.9833670867062712,ok
run_v2_000783,3.4,1.1,0.0035,0.1,500,30,100,1,15,50,14960.20307,29.92040614,9.729292393,36.18133553,0.0,124.423439,101.5,116.4300091,108.5,62.03962181,0.8739968926,4.295989164,3.5220180664029628,33.057754646588165,83.37225445341184,0.025407078613569445,3.4057988936095325,35.849732997590934,86.24724798180142,0.4689377115493772,0.9759581240113496,ok
run_v2_000784,3.4,1.1,0.004,0.1,500,30,60,1,15,50,110644.0101,221.2880202,7.197547197,395.3058697,0.0,1378.032959,44.5,66.49894153,58.5,40.230499,1.416410012,6.675885751,2.732238624804016,24.338628744321326,42.16031278567866,5.792424421009947,2.9587477851509516,22.380585888940086,43.837923040342034,0.08283078708032734,0.9982115511681553,ok
run_v2_000785,3.4,1.1,0.004,0.1,500,30,65,1,15,50,70962.90496,141.9258099,8.338366032,232.5977342,0.0,800.3834229,53.5,76.95609205,68.5,44.69073596,1.289499792,5.960099377,2.965179559573465,25.953265393840084,51.002826656159904,1.2117731915394592,3.1700250772607474,24.316011208499017,52.76635410139628,0.11418020557611733,0.9972246192416594,ok
run_v2_000786,3.4,1.1,0.004,0.1,500,30,70,1,15,50,50643.5814,101.2871628,9.369488716,154.9240056,0.0,536.5546265,63.5,85.27462771,77.5,48.05315098,1.150783593,5.327934318,3.1491686719132987,27.078456759253495,58.19617095074652,0.461327246980311,3.250398364998723,26.62013759083757,59.90591411046191,0.18338344628076092,0.9939763492094916,ok
run_v2_000787,3.4,1.1,0.004,0.1,500,30,75,1,15,50,38104.10895,76.20821789,9.431877136,110.2022018,0.0,386.1452332,61.5,92.00028946,84.5,51.07337318,1.084073738,5.088666801,3.2448102357733544,28.353056966387754,63.64723249361224,0.2692169429062557,3.2435068946764654,29.09597354500302,65.27701725553831,0.21932332198475174,0.9925189872403597,ok
run_v2_000788,3.4,1.1,0.004,0.1,500,30,80,1,15,50,30170.77906,60.34155811,10.48546886,83.80431017,0.0,272.7562866,71.5,97.64534048,89.5,53.51529583,1.04230017,4.915459524,3.3292559696278112,29.32947822900986,68.31586225099015,0.14473486103569136,3.2970075081935484,30.477869269950688,70.00789454681815,0.2567846411112204,0.9905890818723443,ok
run_v2_000789,3.4,1.1,0.004,0.1,500,30,85,1,15,50,24296.99583,48.59399166,10.29957533,65.20437552,0.0,209.7647552,78.5,102.7745941,94.5,55.67388407,0.9846210398,4.574089171,3.407756061311045,30.159023196179177,72.61557090382082,0.07088800506728143,3.3916781760102435,31.12724136556929,74.44634385343537,0.26825088643038913,0.9902370370768565,ok
run_v2_000790,3.4,1.1,0.004,0.1,500,30,90,1,15,50,19886.93692,39.77387384,8.919529438,51.33328972,0.0,162.8884735,75.5,107.803087,99.5,57.99635009,0.9424143836,4.477548667,3.4551035598921516,31.201116010359176,76.60197098964082,0.042292353575960215,3.427021815888223,32.584976352257144,79.08444847712994,0.3423021622918705,0.9852931309012732,ok
run_v2_000791,3.4,1.1,0.004,0.1,500,30,95,1,15,50,16709.44147,33.41888293,9.341020584,42.04574793,0.0,146.895401,73.5,111.4383664,102.5,59.63145453,0.911168788,4.351141288,3.4923572913688723,31.909211201102615,79.5291551988974,0.029060507803730703,3.4498030670511306,33.51225773354608,82.09843177944916,0.37840803130744965,0.9828279270196875,ok
run_v2_000792,3.4,1.1,0.004,0.1,500,30,100,1,15,50,13977.20878,27.95441756,8.706874371,34.06368477,0.0,111.6656952,88.5,115.0124931,106.5,61.52050323,0.8769369676,4.280655581,3.495024920604055,32.907488705437345,82.10500439456266,0.02432262121864745,3.4111370936290397,35.31680076644409,85.15364835627985,0.4451495571859175,0.9778311675519947,ok
run_v2_000793,3.4,1.1,0.0045,0.1,500,30,60,1,15,50,106843.4851,213.6869702,6.805123568,384.8458306,0.0,1387.340576,46.5,65.812765,58.5,39.73770601,1.414265589,6.677219831,2.7429297801195633,23.99360183297556,41.81916316702445,5.2913007779385275,2.9880460818433994,21.910602451712062,43.55928735495455,0.08190748339282913,0.9982031413548788,ok
run_v2_000794,3.4,1.1,0.0045,0.1,500,30,65,1,15,50,68102.32023,136.2046405,7.268510342,224.1582784,0.0,791.7687988,53.5,76.16668168,68.5,44.17102472,1.260395839,5.82988673,2.9734122170310786,25.615917377258793,50.55076430274121,1.3971925367941023,3.119489844837891,24.547384041669524,52.02793119365426,0.12533071112689576,0.9966662710477213,ok
run_v2_000795,3.4,1.1,0.0045,0.1,500,30,70,1,15,50,48338.93589,96.67787177,8.089318752,149.5461441,0.0,500.7001648,61.5,83.75796948,75.5,47.57173572,1.179936458,5.432568766,3.0999471201654263,27.019160725403054,56.73880875459693,0.5142556720836632,3.2241879875675235,26.264286794005233,58.416711189254784,0.1479375888245755,0.9959567952954289,ok
run_v2_000796,3.4,1.1,0.0045,0.1,500,30,75,1,15,50,36199.80403,72.39960806,8.857586861,105.4597263,0.0,354.798584,60.5,91.02896688,82.5,50.56846462,1.078377113,5.037452542,3.2404079752066637,28.091822874307805,62.93714400569219,0.25934037552612466,3.251027185647843,28.669023956768218,64.53475231267456,0.1921946912549184,0.9941199497144635,ok
run_v2_000797,3.4,1.1,0.0045,0.1,500,30,80,1,15,50,28210.72821,56.42145642,8.572956562,78.51260993,0.0,248.6078949,73.5,96.98728074,89.5,53.09844461,1.015945203,4.785267662,3.336306693647385,29.070253320737013,67.91702741926301,0.16102532339508496,3.2518941425321426,30.744770232341658,69.23396799970676,0.23348832592479085,0.9922334926144224,ok
run_v2_000798,3.4,1.1,0.0045,0.1,500,30,85,1,15,50,22715.63351,45.43126702,9.074199677,61.27857128,0.0,204.0192413,83.5,101.754782,93.5,55.1142347,0.9840106044,4.678712894,3.408647516556661,29.851951985575315,71.90283001442468,0.07569751443538651,3.358315600307719,31.307647931212877,73.83331452512101,0.3020280374288654,0.9876928635883151,ok
run_v2_000799,3.4,1.1,0.0045,0.1,500,30,90,1,15,50,18522.44191,37.04488383,8.87033987,48.4519801,0.0,161.0864258,71.5,106.6053877,98.5,56.77300148,0.9139147045,4.3943632,3.525937400480647,30.234622907788385,76.37076479221162,0.03149215431059817,3.4999231255732655,31.57139283449695,78.92605505351702,0.33893508612900736,0.9851561098101048,ok
run_v2_000800,3.4,1.1,0.0045,0.1,500,30,95,1,15,50,15392.44654,30.78489307,8.440907478,39.10637915,0.0,139.3836365,82.5,110.1266387,101.5,59.13886102,0.9222714064,4.358688529,3.467678738370413,31.758028066853868,78.36861063314612,0.029630451700867692,3.4335869475650727,33.2516070601697,80.9206769271916,0.38608373858236894,0.9818916803438171,ok
run_v2_000801,3.4,1.1,0.0045,0.1,500,30,100,1,15,50,12917.73137,25.83546275,7.969913483,31.73638544,0.0,109.0534363,96.5,113.8816242,105.5,61.02957636,0.8783475227,4.25051155,3.4819825829991444,32.705971809287476,81.17565239071253,0.02790139107842269,3.3623222418673206,35.43868646775453,83.71759726533895,0.4517240183258386,0.9771112450708147,ok
run_v2_000802,3.4,1.1,0.005,0.1,500,30,60,1,15,50,103418.9016,206.8378033,5.083883524,375.4443019,0.0,1338.93103,44.5,64.88848525,57.5,39.20234757,1.407907074,6.668045941,2.739751179937104,23.684079680363393,41.2044055696366,5.836262398627233,2.958393176020424,21.828804913215972,42.749382582723264,0.07409944231246321,0.9985062313095974,ok
run_v2_000803,3.4,1.1,0.005,0.1,500,30,65,1,15,50,65699.99234,131.3999847,6.140703678,218.7073058,0.0,764.8881226,55.5,74.96229542,67.5,43.38538578,1.261709603,5.881008391,2.9853745499629714,25.10984607305967,49.852449346940325,1.367590514661309,3.129548204227469,24.111139335344358,51.345833473460864,0.12399332621985971,0.9966508752852157,ok
run_v2_000804,3.4,1.1,0.005,0.1,500,30,70,1,15,50,45917.52058,91.83504117,7.339213371,142.9956353,0.0,480.4491577,47.5,83.05346646,75.5,46.74872422,1.152747589,5.371353068,3.1562834668492328,26.313690557999315,56.73977590200069,0.48161074136724175,3.2324872168335657,26.110613950798445,58.29161186883369,0.15822788519687586,0.995354090341724,ok
run_v2_000805,3.4,1.1,0.005,0.1,500,30,75,1,15,50,34679.51717,69.35903434,7.418890238,102.5757875,0.0,346.0397949,64.5,89.59907091,81.5,49.75022185,1.08583607,5.035968863,3.243522904980258,27.6239982065258,61.9750727034742,0.2356852639857428,3.2845825675191462,27.845988925416286,63.61646087433725,0.21266025245807688,0.99253953531989,ok
run_v2_000806,3.4,1.1,0.005,0.1,500,30,80,1,15,50,27013.17798,54.02635596,7.463275433,76.61634289,0.0,263.2947998,77.5,95.3314827,87.5,51.92693706,1.027212496,4.852909948,3.370445297528503,28.28453639936098,67.04694630063901,0.11800023179423481,3.3476134398956536,29.2907920900963,68.76345717589938,0.24165382272229663,0.9912535260579947,ok
run_v2_000807,3.4,1.1,0.005,0.1,500,30,85,1,15,50,21501.13898,43.00227797,7.592154503,58.50351353,0.0,187.1293335,82.5,100.0895116,92.5,54.41406612,0.974358465,4.592123393,3.383411180531004,29.582426214094266,70.50708538590574,0.08978918146779023,3.3082237026790167,31.31175066724503,72.27452506251049,0.28624741856499564,0.988816392445449,ok
run_v2_000808,3.4,1.1,0.005,0.1,500,30,90,1,15,50,17447.69225,34.89538449,7.407927036,46.10926264,0.0,140.7821198,77.5,104.3133078,96.5,55.97351923,0.9246616547,4.457183744,3.4730753687092877,30.034852897179242,74.27845490282077,0.04864126579240182,3.3790787629955146,32.11389501739119,76.40148563294284,0.3310284900592714,0.9858548067718704,ok
run_v2_000809,3.4,1.1,0.005,0.1,500,30,95,1,15,50,14584.82602,29.16965205,7.765015841,37.28071345,0.0,124.9776993,91.5,108.6196895,100.5,58.21120791,0.8892347674,4.306302204,3.481800566290728,31.19641330167167,77.42327619832834,0.03381341171489956,3.388705897826742,33.46628734952765,79.94111797018118,0.4020093164736945,0.9804339860927163,ok
run_v2_000810,3.4,1.1,0.005,0.1,500,30,100,1,15,50,12169.39107,24.33878213,7.296340227,30.18569644,0.0,98.66349792,82.5,112.2491869,104.5,60.03383357,0.8599800032,4.185337441,3.4960227794460264,32.10768178054801,80.14150511945199,0.03230705291368714,3.3182006418992867,35.43570983193837,82.14708527855639,0.4217135419386246,0.9798649407226896,ok
