RunID,Junge,n,mua,mus,DomainX,DomainY,DomainZ,SourceX,SourceY,SourceZ,TotalSignal,MeanBinWeight,MedianBinWeight,StdBinWeight,MinBinWeight,MaxBinWeight,PeakPosition,WeightedMeanPosition,WeightedMedianPosition,WeightedStdPosition,WeightedSkewness,WeightedKurtosis
run_v2_000001,3.4,1.1,0.001,0.01,500,30,60,1,15,50,102297.6787,204.5953575,206.3013229,94.20428239,4.938509464,381.3885498,131.5,213.5180215,196.5,118.814011,0.4590284626,2.335107083
run_v2_000002,3.4,1.1,0.001,0.01,500,30,65,1,15,50,65082.36789,130.1647358,132.2544632,53.91492126,2.92329812,217.7934723,162.5,229.9242654,216.5,119.9305797,0.3376085993,2.208475651
run_v2_000003,3.4,1.1,0.001,0.01,500,30,70,1,15,50,46010.22586,92.02045172,95.75270844,36.11310287,0.9791452289,171.5187836,193.5,242.6585699,231.5,120.2105174,0.2454857974,2.129214465
run_v2_000004,3.4,1.1,0.001,0.01,500,30,75,1,15,50,34171.32248,68.34264496,73.60510254,25.65940738,0.9717752934,122.3870392,177.5,252.9884158,245.5,120.600276,0.1548998427,2.085021959
run_v2_000005,3.4,1.1,0.001,0.01,500,30,80,1,15,50,26847.68949,53.69537899,55.50061226,20.226908,0,99.01043701,225.5,259.6658393,253.5,120.6114952,0.1096531998,2.066136568
run_v2_000006,3.4,1.1,0.001,0.01,500,30,85,1,15,50,21440.1259,42.8802518,45.11709213,16.6537521,0,76.10552979,244.5,266.6653942,262.5,119.6780097,0.05531879091,2.072331671
run_v2_000007,3.4,1.1,0.001,0.01,500,30,90,1,15,50,17837.19571,35.67439142,38.34494781,13.7675679,0,63.39519119,246.5,269.332793,266.5,120.2246773,0.02868324151,2.040043922
run_v2_000008,3.4,1.1,0.001,0.01,500,30,95,1,15,50,14891.41119,29.78282237,32.13389015,12.03410704,0,55.95585632,240.5,276.1565564,274.5,119.2540282,-0.01469433411,2.049970351
run_v2_000009,3.4,1.1,0.001,0.01,500,30,100,1,15,50,12557.90422,25.11580845,27.40955162,10.38935553,0,52.52742004,230.5,280.298575,280.5,119.2680814,-0.04832275166,2.036329773
run_v2_000010,3.4,1.1,0.0015,0.01,500,30,60,1,15,50,91941.31973,183.8826395,178.2076797,91.78084412,0.8528544903,351.969696,134.5,206.3309725,187.5,117.1340347,0.521279767,2.429358918
run_v2_000011,3.4,1.1,0.0015,0.01,500,30,65,1,15,50,58094.87541,116.1897508,117.8802147,51.32755782,0,219.4344025,132.5,222.9443467,208.5,118.8070257,0.392273925,2.267111157
run_v2_000012,3.4,1.1,0.0015,0.01,500,30,70,1,15,50,40589.7816,81.17956321,83.05118561,33.84941572,0,143.4869843,186.5,236.2794661,224.5,119.0451671,0.2951844521,2.196354548
run_v2_000013,3.4,1.1,0.0015,0.01,500,30,75,1,15,50,30417.70297,60.83540595,64.34264755,24.52295979,0,112.6088486,147.5,244.9579024,234.5,119.3192886,0.2288540628,2.126969554
run_v2_000014,3.4,1.1,0.0015,0.01,500,30,80,1,15,50,23602.85091,47.20570183,49.8158741,18.38263169,0,89.17386627,179.5,252.3792793,244.5,119.7758558,0.1638772085,2.102475131
run_v2_000015,3.4,1.1,0.0015,0.01,500,30,85,1,15,50,18849.55911,37.69911821,39.95949554,14.4401139,0,69.73356628,217.5,259.462855,253.5,120.4100507,0.1111318148,2.063472389
run_v2_000016,3.4,1.1,0.0015,0.01,500,30,90,1,15,50,15353.90376,30.70780753,32.16385269,12.30245735,0,59.08995819,223.5,263.8843727,258.5,119.3980107,0.08086589265,2.079460881
run_v2_000017,3.4,1.1,0.0015,0.01,500,30,95,1,15,50,12802.79803,25.60559606,27.09706593,10.12443665,0,46.52380753,186.5,268.8596349,266.5,120.3476835,0.0282785963,2.047574118
run_v2_000018,3.4,1.1,0.0015,0.01,500,30,100,1,15,50,10795.37029,21.59074058,22.96974754,8.512308215,0,41.49185181,209.5,272.9154306,270.5,120.8100994,0.0007911326602,2.035362872
run_v2_000019,3.4,1.1,0.002,0.01,500,30,60,1,15,50,83362.73387,166.7254677,161.2509842,89.00204484,2.904292822,322.9267883,124.5,199.4918186,180.5,115.218314,0.5752745559,2.535637053
run_v2_000020,3.4,1.1,0.002,0.01,500,30,65,1,15,50,52019.35712,104.0387142,104.276619,49.30240105,0.9177610278,188.2387848,124.5,216.1176502,199.5,117.2171779,0.4502905457,2.354226804
run_v2_000021,3.4,1.1,0.002,0.01,500,30,70,1,15,50,36160.09734,72.32019468,74.69147873,31.48984058,0,138.7029419,149.5,229.5667943,215.5,118.3673401,0.3460453746,2.232573895
run_v2_000022,3.4,1.1,0.002,0.01,500,30,75,1,15,50,26607.29336,53.21458672,54.13617706,22.20358744,0.9459699988,96.78933716,148.5,238.548166,227.5,118.7616966,0.2751730896,2.172963482
run_v2_000023,3.4,1.1,0.002,0.01,500,30,80,1,15,50,20718.54288,41.43708576,43.36394691,16.77733813,0,78.60678864,164.5,246.4712194,237.5,119.1001362,0.2115810541,2.132522274
run_v2_000024,3.4,1.1,0.002,0.01,500,30,85,1,15,50,16591.13298,33.18226596,34.00778198,13.48386936,0.9154267311,64.70517731,199.5,251.7468053,243.5,119.2054128,0.1827170008,2.12377279
run_v2_000025,3.4,1.1,0.002,0.01,500,30,90,1,15,50,13497.19659,26.99439317,28.44280338,10.88595197,0,50.63028336,207.5,259.0852473,253.5,118.8962429,0.1162334735,2.096920563
run_v2_000026,3.4,1.1,0.002,0.01,500,30,95,1,15,50,11132.24789,22.26449578,23.22978306,8.859620829,0,42.01034546,250.5,262.6627468,258.5,120.0718963,0.06583719052,2.085962779
run_v2_000027,3.4,1.1,0.002,0.01,500,30,100,1,15,50,9448.415887,18.89683177,19.80898571,7.510514649,0,36.90386581,219.5,266.6365913,263.5,120.1420669,0.04056408647,2.061508867
run_v2_000028,3.4,1.1,0.0025,0.01,500,30,60,1,15,50,75347.02925,150.6940585,140.3299637,85.91089443,3.658766747,303.3028564,113.5,193.6091316,173.5,113.3154459,0.6315642061,2.650361429
run_v2_000029,3.4,1.1,0.0025,0.01,500,30,65,1,15,50,46730.58929,93.46117857,92.18522644,47.55239014,1.90881753,195.5704498,119.5,210.236506,192.5,115.5622318,0.5037150639,2.433673837
run_v2_000030,3.4,1.1,0.0025,0.01,500,30,70,1,15,50,32329.19237,64.65838473,65.63914871,30.06519752,0.9440634251,123.0109787,156.5,222.1527483,207.5,116.8784299,0.4002727099,2.308671596
run_v2_000031,3.4,1.1,0.0025,0.01,500,30,75,1,15,50,23797.84398,47.59568796,48.54359818,20.77970843,0.7665938139,88.97924042,150.5,230.6721484,217.5,118.2241044,0.3365270531,2.230538296
run_v2_000032,3.4,1.1,0.0025,0.01,500,30,80,1,15,50,18209.42044,36.41884087,37.44026375,15.66556577,0,74.3374176,127.5,238.1743892,226.5,118.1021173,0.2786383313,2.192306704
run_v2_000033,3.4,1.1,0.0025,0.01,500,30,85,1,15,50,14489.30169,28.97860339,29.79605198,11.79391155,0,52.92307281,208.5,245.4886957,235.5,119.7698658,0.2203312368,2.127220529
run_v2_000034,3.4,1.1,0.0025,0.01,500,30,90,1,15,50,11759.28997,23.51857994,24.65293789,9.654677129,0,47.8426857,173.5,250.0952634,242.5,118.7396151,0.1739942188,2.135087739
run_v2_000035,3.4,1.1,0.0025,0.01,500,30,95,1,15,50,9689.117284,19.37823457,19.957201,8.049211009,0,38.86222076,159.5,255.7488705,249.5,118.5914528,0.1407101281,2.104053147
run_v2_000036,3.4,1.1,0.0025,0.01,500,30,100,1,15,50,8256.831905,16.51366381,17.473176,6.756136131,0,33.49517822,245.5,260.1514418,254.5,119.4708707,0.1024751396,2.066738067
run_v2_000037,3.4,1.1,0.003,0.01,500,30,60,1,15,50,68128.92051,136.257841,129.9743729,82.51655559,3.819223642,303.7909851,124.5,187.3797929,166.5,111.1149835,0.6760424433,2.758358762
run_v2_000038,3.4,1.1,0.003,0.01,500,30,65,1,15,50,41915.5863,83.83117259,80.18846893,44.83111584,1.902214527,172.0769348,141.5,203.3795892,185.5,114.2016088,0.5501148281,2.529573167
run_v2_000039,3.4,1.1,0.003,0.01,500,30,70,1,15,50,28945.93354,57.89186708,56.99586296,28.815301,0,116.6499481,141.5,214.6942879,199.5,115.374728,0.4585128121,2.398720375
run_v2_000040,3.4,1.1,0.003,0.01,500,30,75,1,15,50,21016.21273,42.03242546,42.28926659,19.57001693,0,78.31443024,183.5,224.8953275,210.5,116.7222311,0.3823656184,2.288999693
run_v2_000041,3.4,1.1,0.003,0.01,500,30,80,1,15,50,16201.97758,32.40395516,33.40283203,14.18224416,0,62.0790062,189.5,232.6016214,220.5,118.0877164,0.3145087801,2.223624917
run_v2_000042,3.4,1.1,0.003,0.01,500,30,85,1,15,50,12746.61821,25.49323642,25.99800014,11.07783081,0,48.96976089,151.5,239.4342252,228.5,117.6229524,0.2650574542,2.191457866
run_v2_000043,3.4,1.1,0.003,0.01,500,30,90,1,15,50,10309.43042,20.61886083,21.00843048,8.763668917,0,42.32235718,156.5,244.3515351,234.5,118.4460397,0.222489515,2.158705723
run_v2_000044,3.4,1.1,0.003,0.01,500,30,95,1,15,50,8569.248272,17.13849654,17.27647877,7.403758608,0,36.25408554,207.5,248.759687,239.5,117.9886244,0.1985719983,2.144599089
run_v2_000045,3.4,1.1,0.003,0.01,500,30,100,1,15,50,7080.893538,14.16178708,14.26283169,6.180255808,0,27.61923218,136.5,252.1616636,243.5,117.6401429,0.1808100657,2.146283745
run_v2_000046,3.4,1.1,0.0035,0.01,500,30,60,1,15,50,62220.26178,124.4405236,111.5514603,80.36529064,3.744777679,279.0015259,105.5,181.2089178,160.5,109.0631887,0.7363475046,2.886440179
run_v2_000047,3.4,1.1,0.0035,0.01,500,30,65,1,15,50,37821.37813,75.64275627,71.09251404,43.44636074,3.692843199,162.1552734,99.5,195.9092109,177.5,112.1376975,0.6121537624,2.648983047
run_v2_000048,3.4,1.1,0.0035,0.01,500,30,70,1,15,50,25850.86149,51.70172298,50.66935921,26.98021465,1.519180059,105.6113052,96.5,208.8206547,191.5,114.4885823,0.5040893758,2.450232068
run_v2_000049,3.4,1.1,0.0035,0.01,500,30,75,1,15,50,18869.92292,37.73984584,38.04743195,18.48912003,0.8184683323,84.15447235,137.5,217.1015411,202.5,115.6904078,0.4358110311,2.369119773
run_v2_000050,3.4,1.1,0.0035,0.01,500,30,80,1,15,50,14417.80359,28.83560717,29.6161623,13.58645291,0,57.16252518,145.5,224.661195,210.5,116.4758628,0.3818739148,2.290735568
run_v2_000051,3.4,1.1,0.0035,0.01,500,30,85,1,15,50,11415.84292,22.83168585,23.40589905,10.21287838,0,43.95420456,197.5,230.7637381,217.5,117.5761499,0.32392887,2.237906293
run_v2_000052,3.4,1.1,0.0035,0.01,500,30,90,1,15,50,9238.205055,18.47641011,18.58582973,8.33269202,0,36.7381134,207.5,237.2482104,225.5,117.0018539,0.2912936128,2.231876716
run_v2_000053,3.4,1.1,0.0035,0.01,500,30,95,1,15,50,7490.423487,14.98084697,15.45658207,6.664152559,0,30.09058189,221.5,241.2486101,231.5,117.3865864,0.2472984567,2.197267074
run_v2_000054,3.4,1.1,0.0035,0.01,500,30,100,1,15,50,6177.166181,12.35433236,12.84673071,5.259124683,0,26.03637314,126.5,245.6924642,235.5,119.1894585,0.209683801,2.112107433
run_v2_000055,3.4,1.1,0.004,0.01,500,30,60,1,15,50,56835.38459,113.6707692,98.37428284,77.32446069,3.789955378,262.9137573,106.5,175.4651708,154.5,106.7942062,0.784768053,3.024267037
run_v2_000056,3.4,1.1,0.004,0.01,500,30,65,1,15,50,34411.87411,68.82374821,65.71847916,41.82032315,1.871463537,146.8372192,81.5,190.6285913,171.5,110.1829177,0.6587428639,2.748986204
run_v2_000057,3.4,1.1,0.004,0.01,500,30,70,1,15,50,23154.27064,46.30854128,43.89425468,25.88328412,0,95.3666687,111.5,202.6897706,185.5,112.1166324,0.558406096,2.567935422
run_v2_000058,3.4,1.1,0.004,0.01,500,30,75,1,15,50,16953.28699,33.90657399,32.22074509,17.90259571,0,71.21499634,118.5,211.0515673,195.5,113.5713289,0.4937799833,2.475612616
run_v2_000059,3.4,1.1,0.004,0.01,500,30,80,1,15,50,12787.10742,25.57421485,26.69778442,12.78175067,0,56.03305435,138.5,219.5188824,204.5,114.7151531,0.4207519049,2.362687121
run_v2_000060,3.4,1.1,0.004,0.01,500,30,85,1,15,50,10091.91126,20.18382252,20.55085087,9.733328033,0,46.41751862,152.5,225.6471542,212.5,115.1534101,0.3652917816,2.326414808
run_v2_000061,3.4,1.1,0.004,0.01,500,30,90,1,15,50,8027.624022,16.05524804,16.05947351,7.595010254,0,34.20180893,131.5,231.3069839,219.5,116.3155657,0.3344081045,2.270174003
run_v2_000062,3.4,1.1,0.004,0.01,500,30,95,1,15,50,6637.555895,13.27511179,13.32299185,6.214091733,0,28.08535194,94.5,235.1612742,224.5,115.9244775,0.2967442088,2.257403319
run_v2_000063,3.4,1.1,0.004,0.01,500,30,100,1,15,50,5505.986452,11.0119729,11.35066509,5.03597696,0,25.49311066,169.5,240.0205114,229.5,117.1288791,0.2568795387,2.208642117
run_v2_000064,3.4,1.1,0.0045,0.01,500,30,60,1,15,50,51861.48251,103.722965,87.63299561,73.95469457,5.402680397,254.1147919,101.5,169.9329765,148.5,104.6692675,0.8269339224,3.145939085
run_v2_000065,3.4,1.1,0.0045,0.01,500,30,65,1,15,50,31320.06703,62.64013407,57.43681908,40.26467394,1.816877604,145.1975555,102.5,184.245073,164.5,108.0559806,0.7085097837,2.876749477
run_v2_000066,3.4,1.1,0.0045,0.01,500,30,70,1,15,50,21140.70852,42.28141704,39.31105804,25.2819502,1.575154066,92.0076828,150.5,196.0267696,177.5,110.0403844,0.6198393255,2.680810021
run_v2_000067,3.4,1.1,0.0045,0.01,500,30,75,1,15,50,15134.55552,30.26911104,29.67748642,17.01025179,0.8861673474,67.43283081,111.5,204.6840188,187.5,112.0324697,0.550637753,2.570147717
run_v2_000068,3.4,1.1,0.0045,0.01,500,30,80,1,15,50,11393.27056,22.78654113,22.31820011,12.02616359,0,50.28611374,152.5,212.1616239,196.5,113.3102982,0.4731222777,2.451910829
run_v2_000069,3.4,1.1,0.0045,0.01,500,30,85,1,15,50,9045.525124,18.09105025,17.07529736,9.388087069,0,42.43912506,128.5,218.3594771,204.5,113.8644909,0.4366502833,2.42497384
run_v2_000070,3.4,1.1,0.0045,0.01,500,30,90,1,15,50,7211.136741,14.42227348,14.10097504,7.122789737,0,31.59000206,135.5,223.6368857,209.5,115.4950843,0.3921258773,2.344273782
run_v2_000071,3.4,1.1,0.0045,0.01,500,30,95,1,15,50,5880.625498,11.761251,11.88713789,5.577786492,0,25.33098602,158.5,228.223473,217.5,116.071853,0.3279379163,2.282006059
run_v2_000072,3.4,1.1,0.0045,0.01,500,30,100,1,15,50,4831.354973,9.662709945,9.837622643,4.639665231,0,22.07726288,175.5,233.1776431,221.5,115.933473,0.3124925324,2.251220784
run_v2_000073,3.4,1.1,0.005,0.01,500,30,60,1,15,50,48057.91311,96.11582622,78.71111679,72.23654018,1.7640661,238.0419312,87.5,164.4234412,143.5,102.1047504,0.8754075269,3.298813405
run_v2_000074,3.4,1.1,0.005,0.01,500,30,65,1,15,50,28572.6772,57.14535441,49.18316269,38.57935066,0.9023492336,140.9048462,104.5,178.7842944,158.5,105.9976782,0.7511395728,2.984672963
run_v2_000075,3.4,1.1,0.005,0.01,500,30,70,1,15,50,19112.56297,38.22512595,35.2891655,23.95233894,0.8944362998,86.71662903,133.5,189.620927,171.5,108.2435444,0.6612984569,2.795278638
run_v2_000076,3.4,1.1,0.005,0.01,500,30,75,1,15,50,13634.12871,27.26825742,25.65721607,15.93531336,0.868911922,62.67750931,117.5,199.7589857,181.5,110.5105919,0.5806971586,2.625367044
run_v2_000077,3.4,1.1,0.005,0.01,500,30,80,1,15,50,10267.14304,20.53428608,19.8653326,11.55317335,0,45.97078705,146.5,206.6963561,191.5,111.2972253,0.5258030769,2.558976985
run_v2_000078,3.4,1.1,0.005,0.01,500,30,85,1,15,50,7881.651732,15.76330346,15.25036812,8.477292261,0,35.90501785,127.5,213.5661822,197.5,112.7285703,0.4719223327,2.461808819
run_v2_000079,3.4,1.1,0.005,0.01,500,30,90,1,15,50,6393.221913,12.78644383,12.46367741,6.752235309,0,27.81288528,167.5,218.0692227,202.5,113.4440526,0.4422586078,2.43340853
run_v2_000080,3.4,1.1,0.005,0.01,500,30,95,1,15,50,5108.817463,10.21763493,10.19411421,5.16559745,0,22.80404663,188.5,224.7169625,212.5,114.3863742,0.3752487584,2.335897055
run_v2_000081,3.4,1.1,0.005,0.01,500,30,100,1,15,50,4250.429088,8.500858176,8.188930988,4.277308578,0,18.53047752,99.5,227.8661259,214.5,115.1247851,0.3540466701,2.314408789
run_v2_000082,3.4,1.1,0.001,0.02,500,30,60,1,15,50,121184.9322,242.3698643,193.9170151,184.325254,3.949522734,574.6787109,108.5,165.2429047,145.5,100.0799857,0.86679219,3.335507856
run_v2_000083,3.4,1.1,0.001,0.02,500,30,65,1,15,50,79887.77038,159.7755408,141.4949265,106.4980746,4.903619766,363.2028809,97.5,183.9402039,165.5,105.3038049,0.7153219593,2.935639472
run_v2_000084,3.4,1.1,0.001,0.02,500,30,70,1,15,50,58120.15116,116.2403023,109.5282173,71.26648284,2.906517506,254.8380432,134.5,197.875284,180.5,107.4724862,0.607417579,2.737281662
run_v2_000085,3.4,1.1,0.001,0.02,500,30,75,1,15,50,44647.33137,89.29466273,88.4262352,49.52940122,2.906216383,185.737915,167.5,210.2478946,195.5,110.2328949,0.4927591399,2.531711784
run_v2_000086,3.4,1.1,0.001,0.02,500,30,80,1,15,50,35526.75833,71.05351667,71.01158142,37.18762095,0.9643988609,145.0064697,162.5,220.2936028,207.5,111.6666032,0.4212081446,2.428941475
run_v2_000087,3.4,1.1,0.001,0.02,500,30,85,1,15,50,28873.71131,57.74742262,59.75422478,28.96743579,0,108.9718933,190.5,226.7734138,214.5,112.5250925,0.364592897,2.369373535
run_v2_000088,3.4,1.1,0.001,0.02,500,30,90,1,15,50,24408.85031,48.81770061,49.43693161,23.59031901,1.880818248,97.37037659,171.5,235.7326137,224.5,113.7335106,0.3020880857,2.294525598
run_v2_000089,3.4,1.1,0.001,0.02,500,30,95,1,15,50,20415.11423,40.83022846,41.99302101,19.27657873,0,88.82263184,191.5,240.5782709,229.5,114.2893652,0.2736907582,2.251801095
run_v2_000090,3.4,1.1,0.001,0.02,500,30,100,1,15,50,17563.55963,35.12711925,35.43311882,16.41306324,0.836284399,70.66520691,203.5,246.8971952,237.5,114.5053237,0.2149626698,2.218840029
run_v2_000091,3.4,1.1,0.0015,0.02,500,30,60,1,15,50,112034.1025,224.0682049,170.6711426,178.8066556,5.840281487,586.4190063,100.5,160.258,140.5,97.62272667,0.9135775138,3.488194008
run_v2_000092,3.4,1.1,0.0015,0.02,500,30,65,1,15,50,73024.57528,146.0491506,127.2734604,101.8379442,2.897943497,340.2201538,122.5,179.0028988,160.5,102.8417657,0.749585458,3.05725287
run_v2_000093,3.4,1.1,0.0015,0.02,500,30,70,1,15,50,52226.81141,104.4536228,96.15523148,66.96204599,1.880964994,231.3851166,119.5,192.2579505,175.5,105.6458086,0.6482895281,2.837301945
run_v2_000094,3.4,1.1,0.0015,0.02,500,30,75,1,15,50,39763.36367,79.52672735,76.44577026,47.31481358,1.796947718,169.5950012,126.5,203.8599869,187.5,108.2468438,0.5642445611,2.659942527
run_v2_000095,3.4,1.1,0.0015,0.02,500,30,80,1,15,50,31490.48601,62.98097202,61.77263069,34.70798574,1.898533106,144.293045,156.5,214.5145478,199.5,110.5282859,0.4736226892,2.514773935
run_v2_000096,3.4,1.1,0.0015,0.02,500,30,85,1,15,50,25675.74368,51.35148736,51.35286903,26.64825022,0,108.1283264,201.5,221.7591923,208.5,112.2553955,0.4139710719,2.428149885
run_v2_000097,3.4,1.1,0.0015,0.02,500,30,90,1,15,50,21570.89202,43.14178403,42.54506111,21.54910037,0,95.22099304,151.5,228.5643955,216.5,113.0363637,0.3514318704,2.333265243
run_v2_000098,3.4,1.1,0.0015,0.02,500,30,95,1,15,50,18210.4896,36.42097921,36.80059433,17.65202385,0,82.28787231,197.5,234.9300547,224.5,113.6184567,0.3073670633,2.301362853
run_v2_000099,3.4,1.1,0.0015,0.02,500,30,100,1,15,50,15362.64427,30.72528853,31.10186958,14.81240918,0,64.88694,246.5,239.2641719,229.5,113.6863418,0.2640606461,2.275725493
run_v2_000100,3.4,1.1,0.002,0.02,500,30,60,1,15,50,103475.7096,206.9514193,153.1991272,171.2610706,7.761782646,548.6849976,97.5,155.4399457,136.5,95.29640542,0.9446025228,3.613229365
run_v2_000101,3.4,1.1,0.002,0.02,500,30,65,1,15,50,66758.99906,133.5179981,112.5605545,96.76294592,1.827435255,317.7825928,107.5,173.5068377,155.5,101.3334831,0.7887301591,3.154555036
run_v2_000102,3.4,1.1,0.002,0.02,500,30,70,1,15,50,47515.60893,95.03121786,86.42562485,63.31164856,1.90577817,227.4356689,114.5,187.2057957,170.5,104.2089536,0.6868228437,2.931992436
run_v2_000103,3.4,1.1,0.002,0.02,500,30,75,1,15,50,36024.18224,72.04836448,68.36497116,44.29674911,0.9468485117,166.4820251,141.5,198.175796,181.5,106.8726004,0.5902215211,2.720642046
run_v2_000104,3.4,1.1,0.002,0.02,500,30,80,1,15,50,28339.48951,56.67897902,55.6125145,33.07347738,0.8660196066,123.2610016,174.5,207.7471807,192.5,108.3670228,0.5206988556,2.605200513
run_v2_000105,3.4,1.1,0.002,0.02,500,30,85,1,15,50,23100.83497,46.20166994,45.65175819,25.16278794,0,103.6995697,153.5,215.7276236,201.5,110.5127217,0.4484205533,2.483373897
run_v2_000106,3.4,1.1,0.002,0.02,500,30,90,1,15,50,18970.5504,37.9411008,37.14021683,19.6335734,0,76.5014267,219.5,224.3004722,212.5,111.426093,0.3727441734,2.395678674
run_v2_000107,3.4,1.1,0.002,0.02,500,30,95,1,15,50,15900.08117,31.80016234,32.27916336,16.0992131,0,70.56880951,185.5,229.4745713,216.5,112.3861731,0.3581716673,2.356295778
run_v2_000108,3.4,1.1,0.002,0.02,500,30,100,1,15,50,13472.7232,26.94544641,27.10077095,13.54910605,0,57.88755417,167.5,233.0091864,221.5,112.6082518,0.3090923375,2.319546371
run_v2_000109,3.4,1.1,0.0025,0.02,500,30,60,1,15,50,95749.61657,191.4992331,134.6593704,163.7870647,7.437942505,516.2702637,88.5,151.5017531,132.5,93.44656063,0.9741663003,3.720037346
run_v2_000110,3.4,1.1,0.0025,0.02,500,30,65,1,15,50,61240.51289,122.4810258,101.4743347,93.15038448,2.757247925,307.4303589,107.5,168.5222645,150.5,98.64148958,0.8310607669,3.305720173
run_v2_000111,3.4,1.1,0.0025,0.02,500,30,70,1,15,50,43147.4941,86.2949882,78.28577042,59.73663528,3.733759403,208.2609711,99.5,181.3324535,163.5,102.730366,0.7233757518,3.00874693
run_v2_000112,3.4,1.1,0.0025,0.02,500,30,75,1,15,50,32517.17143,65.03434285,61.24708557,42.02807124,0.9323313236,151.7767639,130.5,193.0287579,176.5,105.0877377,0.6366627176,2.820029353
run_v2_000113,3.4,1.1,0.0025,0.02,500,30,80,1,15,50,25520.01533,51.04003066,48.60617065,31.03890385,0.9186831713,120.4942398,145.5,202.3989704,186.5,106.8763332,0.5564069795,2.672891496
run_v2_000114,3.4,1.1,0.0025,0.02,500,30,85,1,15,50,20825.60131,41.65120262,40.7764473,23.95275166,0,89.09749603,155.5,209.9552666,195.5,108.5471113,0.4938834525,2.56390398
run_v2_000115,3.4,1.1,0.0025,0.02,500,30,90,1,15,50,17011.12772,34.02225544,33.11235619,18.77785639,0.8219408393,73.09536743,190.5,216.0436536,202.5,110.0472291,0.4420355134,2.486057914
run_v2_000116,3.4,1.1,0.0025,0.02,500,30,95,1,15,50,14229.85523,28.45971046,28.97966576,14.87216235,0,64.08665466,146.5,222.5942226,210.5,111.8177931,0.3865503524,2.391225628
run_v2_000117,3.4,1.1,0.0025,0.02,500,30,100,1,15,50,11997.77102,23.99554204,23.66758823,12.34955191,0.6548451185,51.72145081,163.5,228.4127861,216.5,112.1495485,0.3482184738,2.361983373
run_v2_000118,3.4,1.1,0.003,0.02,500,30,60,1,15,50,88501.10397,177.0022079,119.1089973,157.0617872,6.578653336,489.5269165,92.5,146.6294005,127.5,91.47219521,1.018911883,3.883248429
run_v2_000119,3.4,1.1,0.003,0.02,500,30,65,1,15,50,56141.28499,112.28257,92.80523682,88.39625019,0.9067093134,287.9758301,98.5,163.4487358,145.5,97.14624902,0.8690912634,3.403579996
run_v2_000120,3.4,1.1,0.003,0.02,500,30,70,1,15,50,39497.92542,78.99585083,70.76297379,56.99704726,0.9327279925,195.2527313,107.5,176.5860713,159.5,100.4026525,0.7562317787,3.12509624
run_v2_000121,3.4,1.1,0.003,0.02,500,30,75,1,15,50,29498.43157,58.99686314,53.5571537,39.25335612,0.9233733416,136.0992126,159.5,188.013333,171.5,103.6198645,0.6645140214,2.915059856
run_v2_000122,3.4,1.1,0.003,0.02,500,30,80,1,15,50,22833.79902,45.66759803,41.15816307,28.76707701,1.385580182,103.7011871,124.5,197.2119174,181.5,105.5006944,0.5914231974,2.757210594
run_v2_000123,3.4,1.1,0.003,0.02,500,30,85,1,15,50,18350.29599,36.70059198,34.26023865,21.79693116,1.639209032,87.26963043,163.5,204.3269802,189.5,107.8654707,0.5392792183,2.63862587
run_v2_000124,3.4,1.1,0.003,0.02,500,30,90,1,15,50,15159.30228,30.31860457,29.97798443,17.47838349,0,78.75189972,169.5,211.4834406,197.5,108.3801151,0.4789736869,2.562999965
run_v2_000125,3.4,1.1,0.003,0.02,500,30,95,1,15,50,12578.33922,25.15667844,24.22340107,14.17062784,0,60.69358826,149.5,216.0438114,201.5,109.857854,0.4609683472,2.516367012
run_v2_000126,3.4,1.1,0.003,0.02,500,30,100,1,15,50,10632.99709,21.26599417,21.3192358,11.16370628,0.8489865661,46.95821381,146.5,222.6031138,210.5,111.5012271,0.3730996809,2.414032006
run_v2_000127,3.4,1.1,0.0035,0.02,500,30,60,1,15,50,82750.75611,165.5015122,108.4685631,151.389919,5.130138874,463.6135254,75.5,142.633286,124.5,89.13417157,1.043869317,4.014496167
run_v2_000128,3.4,1.1,0.0035,0.02,500,30,65,1,15,50,51487.48079,102.9749616,80.80023956,84.19604154,2.671243429,279.1408691,94.5,159.412294,141.5,94.64217724,0.8912142887,3.499496784
run_v2_000129,3.4,1.1,0.0035,0.02,500,30,70,1,15,50,35847.7058,71.69541159,60.55961227,53.53647711,4.505620003,172.2426758,105.5,172.2478353,154.5,98.66211693,0.7827582615,3.203153455
run_v2_000130,3.4,1.1,0.0035,0.02,500,30,75,1,15,50,26937.61645,53.87523291,48.68596458,37.8282707,0.9026475549,133.061554,143.5,182.3630986,165.5,101.315434,0.7066439008,3.012927793
run_v2_000131,3.4,1.1,0.0035,0.02,500,30,80,1,15,50,20672.78403,41.34556807,39.30268288,27.16967235,0.8893789649,99.5919342,128.5,192.4490385,176.5,103.872527,0.6275055002,2.844497138
run_v2_000132,3.4,1.1,0.0035,0.02,500,30,85,1,15,50,16471.3802,32.94276041,30.82448196,20.83670131,1.528113127,72.83576965,169.5,199.1074376,182.5,105.460303,0.588452939,2.740875189
run_v2_000133,3.4,1.1,0.0035,0.02,500,30,90,1,15,50,13475.94943,26.95189887,25.98733044,16.2158856,0.8467857242,62.45626068,132.5,204.8102205,190.5,106.9990712,0.5262338205,2.646381378
run_v2_000134,3.4,1.1,0.0035,0.02,500,30,95,1,15,50,11206.93338,22.41386676,21.47722435,13.25172302,0,58.67419815,188.5,210.8210439,196.5,107.7309518,0.4856404246,2.577502522
run_v2_000135,3.4,1.1,0.0035,0.02,500,30,100,1,15,50,9362.772224,18.72554445,19.04990578,10.5022682,0,47.08710098,143.5,217.3231567,203.5,109.3073189,0.425317091,2.505138141
run_v2_000136,3.4,1.1,0.004,0.02,500,30,60,1,15,50,77047.46753,154.0949351,96.43621445,145.6353564,3.438669205,452.3349915,72.5,138.5909624,120.5,87.07913557,1.068436842,4.113288977
run_v2_000137,3.4,1.1,0.004,0.02,500,30,65,1,15,50,47373.28792,94.74657584,69.90600586,79.84004282,3.613256216,249.999649,112.5,155.6322525,138.5,92.8356207,0.924783875,3.636470508
run_v2_000138,3.4,1.1,0.004,0.02,500,30,70,1,15,50,33025.40328,66.05080656,54.46913147,51.50846792,2.716304779,172.9360809,82.5,167.2994041,149.5,96.64822493,0.8295050998,3.346472798
run_v2_000139,3.4,1.1,0.004,0.02,500,30,75,1,15,50,24645.68042,49.29136083,41.29661179,35.98667576,0.8199429512,130.0907745,121.5,177.2514576,160.5,99.5464996,0.7466739766,3.111441115
run_v2_000140,3.4,1.1,0.004,0.02,500,30,80,1,15,50,18998.9395,37.99787901,33.76352119,26.15790168,0.7771257162,90.60463715,114.5,185.5415935,169.5,101.7923827,0.6786066891,2.988938788
run_v2_000141,3.4,1.1,0.004,0.02,500,30,85,1,15,50,14855.01244,29.71002487,26.94635773,19.34939928,0,70.19396973,125.5,192.6810475,177.5,103.8868869,0.6115995603,2.822571245
run_v2_000142,3.4,1.1,0.004,0.02,500,30,90,1,15,50,12036.66854,24.07333709,22.72617435,15.09380463,0,60.8758316,152.5,200.6798477,184.5,105.6939472,0.5675322503,2.71734485
run_v2_000143,3.4,1.1,0.004,0.02,500,30,95,1,15,50,10010.94468,20.02188937,19.06424522,11.90137827,0.7364631295,49.42869568,140.5,206.1671049,192.5,107.4719382,0.5056059536,2.63159192
run_v2_000144,3.4,1.1,0.004,0.02,500,30,100,1,15,50,8365.052641,16.73010528,16.28444099,9.640003334,0.7600358725,41.19064331,150.5,211.2035706,198.5,108.2650704,0.4497604491,2.549059564
run_v2_000145,3.4,1.1,0.0045,0.02,500,30,60,1,15,50,71600.05768,143.2001154,84.54621124,138.8124631,3.057008028,439.0070496,63.5,135.2062001,117.5,85.38056801,1.092359664,4.218652899
run_v2_000146,3.4,1.1,0.0045,0.02,500,30,65,1,15,50,43989.26752,87.97853505,62.31035995,76.80513678,2.755529404,249.9638062,91.5,150.7036301,132.5,90.92548665,0.9587978367,3.750027501
run_v2_000147,3.4,1.1,0.0045,0.02,500,30,70,1,15,50,30425.78399,60.85156798,47.23337936,49.31577104,0.8880781531,166.3390045,113.5,163.2634934,145.5,94.5636606,0.8695571523,3.474821852
run_v2_000148,3.4,1.1,0.0045,0.02,500,30,75,1,15,50,22241.63603,44.48327206,36.65411377,33.74675065,0.8867631555,120.9003296,97.5,172.5560053,155.5,97.5618868,0.7825976476,3.229934961
run_v2_000149,3.4,1.1,0.0045,0.02,500,30,80,1,15,50,17073.23852,34.14647703,29.75330353,24.41924257,1.978227496,87.51305389,136.5,181.9253642,165.5,100.1943357,0.7114674391,3.059827474
run_v2_000150,3.4,1.1,0.0045,0.02,500,30,85,1,15,50,13341.80864,26.68361728,23.81031322,18.32662053,0,65.59879303,133.5,187.9678046,171.5,101.8806709,0.6528604135,2.919634254
run_v2_000151,3.4,1.1,0.0045,0.02,500,30,90,1,15,50,10761.93789,21.52387579,20.28659725,14.19519251,0,49.81447601,133.5,193.7996781,178.5,103.2725846,0.6123277773,2.845406713
run_v2_000152,3.4,1.1,0.0045,0.02,500,30,95,1,15,50,8996.028346,17.99205669,17.23424149,11.34567541,0,44.77243805,140.5,200.1039028,185.5,105.5418477,0.5618642096,2.750955782
run_v2_000153,3.4,1.1,0.0045,0.02,500,30,100,1,15,50,7443.884236,14.88776847,14.50920343,9.066861845,0,34.50932312,117.5,206.0261521,191.5,106.5727465,0.5146995762,2.650914213
run_v2_000154,3.4,1.1,0.005,0.02,500,30,60,1,15,50,67075.63025,134.1512605,73.52247238,133.9825605,1.557254553,424.2077942,67.5,131.9446016,114.5,83.1989383,1.117471182,4.347462504
run_v2_000155,3.4,1.1,0.005,0.02,500,30,65,1,15,50,40891.13061,81.78226122,55.3649025,73.93939403,2.137135983,238.7055511,85.5,146.6081738,129.5,88.62193864,0.9878455453,3.874856947
run_v2_000156,3.4,1.1,0.005,0.02,500,30,70,1,15,50,27759.83688,55.51967375,42.63615036,46.34593091,2.086501122,159.4063721,99.5,158.2522317,141.5,92.88056096,0.8935638786,3.559335572
run_v2_000157,3.4,1.1,0.005,0.02,500,30,75,1,15,50,20398.1974,40.7963948,33.43715286,31.63989754,0.8747503161,115.2710342,98.5,168.6200654,152.5,96.13950564,0.7970308235,3.298221701
run_v2_000158,3.4,1.1,0.005,0.02,500,30,80,1,15,50,15608.53427,31.21706854,26.07270908,23.07371217,0.772300005,79.3896637,106.5,176.7306524,160.5,98.69350266,0.7477911159,3.14636449
run_v2_000159,3.4,1.1,0.005,0.02,500,30,85,1,15,50,12134.08483,24.26816966,21.32246685,17.21998076,1.225993156,65.9201355,108.5,183.77011,167.5,100.4305231,0.6872945237,3.004621147
run_v2_000160,3.4,1.1,0.005,0.02,500,30,90,1,15,50,9829.986684,19.65997337,18.10734844,13.48106671,0,53.65759277,134.5,189.8168113,174.5,101.8594683,0.6431313009,2.905106906
run_v2_000161,3.4,1.1,0.005,0.02,500,30,95,1,15,50,8057.589447,16.11517889,14.09438753,10.70997479,0,37.54687119,169.5,195.7230894,181.5,103.1131856,0.5909276126,2.81799219
run_v2_000162,3.4,1.1,0.005,0.02,500,30,100,1,15,50,6717.475105,13.43495021,12.30635548,8.621903825,0.2253910005,37.07888794,112.5,200.457913,186.5,104.7122529,0.5536070806,2.732378624
run_v2_000163,3.4,1.1,0.001,0.03,500,30,60,1,15,50,128098.2437,256.1964874,142.736084,251.5549338,3.663371801,790.9152832,76.5,135.4845339,118.5,84.0124042,1.100643759,4.299096638
run_v2_000164,3.4,1.1,0.001,0.03,500,30,65,1,15,50,84692.37395,169.3847479,121.0670357,148.4838059,3.637713432,483.1869202,103.5,153.2829963,135.5,90.44298891,0.9581108093,3.758347548
run_v2_000165,3.4,1.1,0.001,0.03,500,30,70,1,15,50,61943.78316,123.8875663,99.61370087,98.57174184,3.913142204,322.0045776,82.5,167.8279784,151.5,94.8229743,0.8316809288,3.394527572
run_v2_000166,3.4,1.1,0.001,0.03,500,30,75,1,15,50,47921.34414,95.84268827,84.61637878,70.86795807,2.419763088,249.207489,155.5,179.1934887,163.5,98.13629593,0.7446650306,3.172414599
run_v2_000167,3.4,1.1,0.001,0.03,500,30,80,1,15,50,38672.21875,77.34443751,67.60302353,53.74078134,1.921372652,181.8041382,144.5,188.9819602,173.5,100.5834173,0.6575182213,2.95721673
run_v2_000168,3.4,1.1,0.001,0.03,500,30,85,1,15,50,31784.22647,63.56845295,57.82745743,41.61419993,1.864070773,153.7038116,147.5,197.9843884,183.5,102.6272711,0.5819844224,2.811784148
run_v2_000169,3.4,1.1,0.001,0.03,500,30,90,1,15,50,26740.5561,53.4811122,50.72679901,33.38305471,0.9585193992,123.9757309,158.5,205.2658365,191.5,104.6335855,0.5291912321,2.684882306
run_v2_000170,3.4,1.1,0.001,0.03,500,30,95,1,15,50,22845.61831,45.69123662,42.55389786,27.94791634,0,104.2136307,147.5,211.5704842,198.5,105.319144,0.4850973986,2.61919748
run_v2_000171,3.4,1.1,0.001,0.03,500,30,100,1,15,50,19403.99293,38.80798586,39.13105392,22.13419428,0,81.95348358,182.5,217.8383909,205.5,107.8150444,0.4310988088,2.521283301
run_v2_000172,3.4,1.1,0.0015,0.03,500,30,60,1,15,50,119367.5115,238.735023,128.1795044,240.9972241,3.831248522,738.9312134,99.5,132.0383915,115.5,82.46016226,1.145016798,4.487634287
run_v2_000173,3.4,1.1,0.0015,0.03,500,30,65,1,15,50,78513.37992,157.0267598,107.9756279,141.3321739,3.32446599,439.0941772,106.5,149.4827417,132.5,88.29718785,0.9739578294,3.864900377
run_v2_000174,3.4,1.1,0.0015,0.03,500,30,70,1,15,50,56926.59449,113.853189,89.35277939,93.151772,4.3878932,308.8024902,107.5,163.5938536,146.5,93.43899843,0.8594163373,3.474755458
run_v2_000175,3.4,1.1,0.0015,0.03,500,30,75,1,15,50,43655.93823,87.31187645,70.76161194,66.94017599,1.382362485,220.2476501,128.5,174.8016798,159.5,95.97569513,0.7680575165,3.26059712
run_v2_000176,3.4,1.1,0.0015,0.03,500,30,80,1,15,50,35267.69246,70.53538491,60.59884644,50.77414825,1.904727459,173.6280823,141.5,184.9795414,169.5,99.15718411,0.7007354803,3.071400204
run_v2_000177,3.4,1.1,0.0015,0.03,500,30,85,1,15,50,28550.89045,57.1017809,51.2481041,39.24721468,0.9412592649,150.4405365,144.5,192.457671,178.5,100.7930257,0.6281513803,2.930261915
run_v2_000178,3.4,1.1,0.0015,0.03,500,30,90,1,15,50,23722.3942,47.44478839,42.20355225,30.72264236,1.810731888,111.9514694,149.5,200.6673163,186.5,103.2448146,0.5586159394,2.767915158
run_v2_000179,3.4,1.1,0.0015,0.03,500,30,95,1,15,50,20331.99902,40.66399803,38.83179665,25.15571503,1.831784725,95.13412476,161.5,206.5331554,192.5,105.036375,0.515639051,2.674145972
run_v2_000180,3.4,1.1,0.0015,0.03,500,30,100,1,15,50,17566.71376,35.13342752,32.36687469,21.23074367,1.842487574,90.26543427,197.5,210.8816001,197.5,106.1406563,0.4805116583,2.654677452
run_v2_000181,3.4,1.1,0.002,0.03,500,30,60,1,15,50,111529.1202,223.0582405,114.7620659,231.4218274,2.929061174,710.7294312,80.5,128.6393218,111.5,80.43956462,1.16635692,4.600533276
run_v2_000182,3.4,1.1,0.002,0.03,500,30,65,1,15,50,72651.61279,145.3032256,94.0200119,135.1747897,2.933524609,426.1204834,93.5,145.0718663,128.5,86.45962306,1.008958154,3.988872529
run_v2_000183,3.4,1.1,0.002,0.03,500,30,70,1,15,50,52137.97528,104.2759506,75.8346405,87.96462547,3.493999481,295.8106689,100.5,159.2624986,143.5,91.29426969,0.8824191676,3.592702442
run_v2_000184,3.4,1.1,0.002,0.03,500,30,75,1,15,50,40042.56324,80.08512647,62.99523354,63.41421966,2.561261654,208.17276,120.5,169.9962375,153.5,94.81715169,0.814806011,3.367808898
run_v2_000185,3.4,1.1,0.002,0.03,500,30,80,1,15,50,31599.99185,63.19998369,53.63092613,46.86956642,2.782480955,157.7466125,135.5,180.0682523,164.5,97.48008296,0.7236652052,3.140163734
run_v2_000186,3.4,1.1,0.002,0.03,500,30,85,1,15,50,25869.2925,51.73858499,45.37848091,36.28656838,2.676657438,133.7853088,145.5,188.0886861,173.5,99.69329559,0.6473851025,2.97447287
run_v2_000187,3.4,1.1,0.002,0.03,500,30,90,1,15,50,21340.32049,42.68064099,39.46145439,28.67580597,1.616397858,100.2371368,123.5,195.034824,180.5,101.3230336,0.5898151189,2.843695888
run_v2_000188,3.4,1.1,0.002,0.03,500,30,95,1,15,50,18191.44827,36.38289655,33.27307701,23.73166852,0,91.85925293,131.5,201.4522665,186.5,102.9863849,0.5576055013,2.76485589
run_v2_000189,3.4,1.1,0.002,0.03,500,30,100,1,15,50,15613.83331,31.22766663,29.56585312,19.60454912,0.8589350581,79.43955994,163.5,207.0100475,194.5,104.366296,0.5038766202,2.672501799
run_v2_000190,3.4,1.1,0.0025,0.03,500,30,60,1,15,50,104623.0662,209.2461324,105.4775238,220.9901881,1.78169167,696.0769043,90.5,125.9370855,110.5,78.46999997,1.152220553,4.596127167
run_v2_000191,3.4,1.1,0.0025,0.03,500,30,65,1,15,50,67287.88129,134.5757626,82.11183167,128.2008986,1.993386626,398.3068848,104.5,142.0184138,126.5,84.52699613,1.026421946,4.096194557
run_v2_000192,3.4,1.1,0.0025,0.03,500,30,70,1,15,50,48683.86996,97.36773992,69.6639595,85.13082917,2.570648909,273.7205811,92.5,155.1315632,139.5,89.29028955,0.9172580261,3.704040592
run_v2_000193,3.4,1.1,0.0025,0.03,500,30,75,1,15,50,36475.7017,72.9514034,57.02428627,59.47622748,2.534806967,200.5284119,120.5,166.0838117,150.5,92.55014685,0.8257040422,3.458360204
run_v2_000194,3.4,1.1,0.0025,0.03,500,30,80,1,15,50,29270.35355,58.54070709,48.62214088,44.72729735,0,160.3838043,122.5,175.9182381,160.5,95.75663145,0.7437674039,3.217022151
run_v2_000195,3.4,1.1,0.0025,0.03,500,30,85,1,15,50,23443.45555,46.8869111,40.23548698,34.41038722,1.673163414,121.2182236,112.5,182.3070919,167.5,97.54068865,0.6862499421,3.063305485
run_v2_000196,3.4,1.1,0.0025,0.03,500,30,90,1,15,50,19360.31029,38.72062057,34.12540054,27.14131912,1.749895573,95.0496521,125.5,189.6140064,175.5,99.90655082,0.6367508198,2.946276756
run_v2_000197,3.4,1.1,0.0025,0.03,500,30,95,1,15,50,16305.35995,32.61071991,29.99326801,21.9109252,0,78.23547363,141.5,196.0670997,182.5,101.1252077,0.5766266619,2.856662788
run_v2_000198,3.4,1.1,0.0025,0.03,500,30,100,1,15,50,13882.44259,27.76488519,26.59742832,18.0074005,0.83857131,65.72738647,145.5,202.2068377,189.5,102.666316,0.5301774682,2.748604419
run_v2_000199,3.4,1.1,0.003,0.03,500,30,60,1,15,50,98385.20641,196.7704128,93.10030365,213.5309727,0.6590416431,673.4606934,65.5,122.725879,107.5,76.61216524,1.178861966,4.722399864
run_v2_000200,3.4,1.1,0.003,0.03,500,30,65,1,15,50,63020.47382,126.0409476,74.70326996,123.0077681,1.995714903,383.3804626,76.5,138.5307509,122.5,82.73025405,1.042593259,4.186280438
run_v2_000201,3.4,1.1,0.003,0.03,500,30,70,1,15,50,44461.49366,88.92298732,60.40846825,79.98123321,1.55950582,247.5592194,97.5,151.5896125,135.5,87.28068224,0.9358209995,3.801280586
run_v2_000202,3.4,1.1,0.003,0.03,500,30,75,1,15,50,33615.59394,67.23118789,50.79026031,56.22473316,0,179.3770752,91.5,161.7027369,146.5,91.00627229,0.8475155381,3.522955111
run_v2_000203,3.4,1.1,0.003,0.03,500,30,80,1,15,50,26355.18862,52.71037725,42.93316269,41.93695278,1.849790215,137.888916,122.5,170.5741242,155.5,93.49000274,0.7819492355,3.343109456
run_v2_000204,3.4,1.1,0.003,0.03,500,30,85,1,15,50,21389.88095,42.7797619,36.37726974,32.37297865,1.758844376,117.7851334,125.5,178.3854125,162.5,96.07188046,0.722492517,3.169757402
run_v2_000205,3.4,1.1,0.003,0.03,500,30,90,1,15,50,17364.00931,34.72801861,30.56702137,25.19275759,0.6564673781,88.95423889,114.5,185.09835,170.5,97.73710718,0.6622155405,3.048734549
run_v2_000206,3.4,1.1,0.003,0.03,500,30,95,1,15,50,14622.21535,29.2444307,25.81259918,20.55169445,0.8663697243,77.89919281,120.5,190.6511684,177.5,99.19097809,0.6165975058,2.954826247
run_v2_000207,3.4,1.1,0.003,0.03,500,30,100,1,15,50,12552.2979,25.1045958,22.53097057,16.80860097,0.8791995049,63.47147369,135.5,196.3987427,183.5,101.7215153,0.5653845301,2.841021476
run_v2_000208,3.4,1.1,0.0035,0.03,500,30,60,1,15,50,92482.70071,184.9654014,83.83420181,204.9610297,1.042913556,649.1001587,79.5,119.6733423,104.5,75.0333596,1.192705394,4.80385454
run_v2_000209,3.4,1.1,0.0035,0.03,500,30,65,1,15,50,58585.76773,117.1715355,67.07951736,117.0327037,1.037684202,365.7974243,73.5,135.282984,119.5,81.15132167,1.064178661,4.291539098
run_v2_000210,3.4,1.1,0.0035,0.03,500,30,70,1,15,50,41357.78766,82.71557532,55.57124329,76.6870949,0.8908160925,241.0011749,101.5,147.5865822,131.5,85.27959477,0.9632322243,3.922836094
run_v2_000211,3.4,1.1,0.0035,0.03,500,30,75,1,15,50,31000.69829,62.00139658,45.95183945,53.79935379,1.216021538,177.5107422,114.5,157.9699111,142.5,89.20406138,0.8842340179,3.635003507
run_v2_000212,3.4,1.1,0.0035,0.03,500,30,80,1,15,50,24179.85246,48.35970493,37.96528816,39.48061771,0.8509424329,129.4934082,106.5,165.8916725,150.5,91.9762904,0.8016625309,3.399000093
run_v2_000213,3.4,1.1,0.0035,0.03,500,30,85,1,15,50,19514.11395,39.0282279,32.04307079,30.48396302,1.398001671,106.6202469,122.5,173.7747122,158.5,94.6616527,0.7518524614,3.256211454
run_v2_000214,3.4,1.1,0.0035,0.03,500,30,90,1,15,50,16079.82439,32.15964878,27.61699295,24.15342228,0,80.32635498,176.5,180.117167,165.5,96.43628975,0.7084609332,3.141377124
run_v2_000215,3.4,1.1,0.0035,0.03,500,30,95,1,15,50,13306.95896,26.61391791,22.5911808,19.06771505,0,75.98929596,135.5,186.7050927,172.5,98.70867829,0.6491562205,3.009157396
run_v2_000216,3.4,1.1,0.0035,0.03,500,30,100,1,15,50,11305.30223,22.61060446,19.81065845,15.81548537,0,55.16394424,150.5,191.3369523,178.5,99.59135537,0.6104870927,2.942185151
run_v2_000217,3.4,1.1,0.004,0.03,500,30,60,1,15,50,87418.45343,174.8369069,72.20988846,197.6549229,0.8503143787,623.137085,72.5,117.0279889,102.5,73.40527492,1.200864009,4.866518147
run_v2_000218,3.4,1.1,0.004,0.03,500,30,65,1,15,50,54418.28579,108.8365716,59.14422226,111.3811122,0.6798633337,351.6938477,73.5,131.8080737,116.5,79.12296053,1.066249584,4.326472502
run_v2_000219,3.4,1.1,0.004,0.03,500,30,70,1,15,50,38152.11676,76.30423352,47.55608368,72.23446467,1.079399109,234.6669006,92.5,144.3182109,128.5,84.04048575,0.9827202453,3.998082425
run_v2_000220,3.4,1.1,0.004,0.03,500,30,75,1,15,50,28565.23052,57.13046104,40.60062027,50.82009372,0.939817667,160.4065247,130.5,153.6185748,138.5,87.24070757,0.899764839,3.728923721
run_v2_000221,3.4,1.1,0.004,0.03,500,30,80,1,15,50,22339.91287,44.67982574,34.03531265,37.29289869,0,123.8167496,119.5,162.5125223,148.5,90.27396655,0.811009882,3.484350352
run_v2_000222,3.4,1.1,0.004,0.03,500,30,85,1,15,50,17624.35293,35.24870587,28.21520805,28.08243514,0.8353539705,94.04460907,114.5,170.9271535,156.5,93.13706907,0.7596378547,3.300210132
run_v2_000223,3.4,1.1,0.004,0.03,500,30,90,1,15,50,14609.43325,29.21886649,24.73415279,22.52233771,0.8165024519,76.853508,115.5,176.4776041,161.5,94.92407736,0.7254346103,3.202069324
run_v2_000224,3.4,1.1,0.004,0.03,500,30,95,1,15,50,12003.00496,24.00600991,20.77776146,17.82512095,0,64.73031616,123.5,182.2960117,167.5,96.9726691,0.689476519,3.123760671
run_v2_000225,3.4,1.1,0.004,0.03,500,30,100,1,15,50,10206.24332,20.41248663,17.84267426,14.73037049,0,54.64554977,158.5,188.5792568,175.5,98.1639696,0.6329770361,3.005379749
run_v2_000226,3.4,1.1,0.0045,0.03,500,30,60,1,15,50,82314.56169,164.6291234,66.13375092,190.0778577,0.4309593439,603.1203613,70.5,114.298212,99.5,71.76999509,1.210307448,4.925738566
run_v2_000227,3.4,1.1,0.0045,0.03,500,30,65,1,15,50,50770.17063,101.5403413,51.38458443,105.8499947,0.5709164143,337.3622742,86.5,129.2051682,114.5,77.7268063,1.077865461,4.388224577
run_v2_000228,3.4,1.1,0.0045,0.03,500,30,70,1,15,50,35223.99716,70.44799432,41.62956429,68.09316553,0.7210163474,227.7866058,97.5,141.0373749,125.5,82.38638466,0.9898740236,4.043448271
run_v2_000229,3.4,1.1,0.0045,0.03,500,30,75,1,15,50,26560.65741,53.12131483,35.17523956,48.30293127,0.7913684249,155.0924683,96.5,150.5729687,135.5,85.864544,0.916078922,3.775221684
run_v2_000230,3.4,1.1,0.0045,0.03,500,30,80,1,15,50,20277.78705,40.55557409,29.45937443,35.14684517,0.793454349,117.9285812,111.5,159.2781559,144.5,88.78865822,0.8589731415,3.572789192
run_v2_000231,3.4,1.1,0.0045,0.03,500,30,85,1,15,50,16235.07957,32.47015913,25.17242622,26.84765276,0.8160945177,91.6272583,103.5,166.5785999,152.5,90.97492695,0.7909345828,3.422781034
run_v2_000232,3.4,1.1,0.0045,0.03,500,30,90,1,15,50,13177.86038,26.35572076,21.53542328,21.17116868,0,71.37067413,125.5,171.7834747,157.5,92.65274338,0.7589455617,3.313827293
run_v2_000233,3.4,1.1,0.0045,0.03,500,30,95,1,15,50,10937.60185,21.8752037,17.8423996,16.86743137,0,60.69325638,110.5,177.6527631,163.5,95.26637134,0.7160805865,3.188843029
run_v2_000234,3.4,1.1,0.0045,0.03,500,30,100,1,15,50,9053.71659,18.10743318,16.10418606,13.18147882,0.7754070759,50.38363266,136.5,184.3258061,171.5,97.57091473,0.6463683984,3.017986974
run_v2_000235,3.4,1.1,0.005,0.03,500,30,60,1,15,50,76965.30576,153.9306115,59.29327393,180.8075539,0.6306952834,579.2670898,68.5,112.0499902,97.5,70.36470729,1.220668842,5.012366536
run_v2_000236,3.4,1.1,0.005,0.03,500,30,65,1,15,50,47868.71492,95.73742983,46.15416336,102.6631253,0.6225423813,323.6545105,82.5,125.7467022,110.5,76.07615059,1.111513075,4.517661657
run_v2_000237,3.4,1.1,0.005,0.03,500,30,70,1,15,50,33254.75833,66.50951666,39.5092926,66.2481306,0.4064418077,201.484726,105.5,136.8421823,122.5,80.08202777,1.006568948,4.137387479
run_v2_000238,3.4,1.1,0.005,0.03,500,30,75,1,15,50,24218.69479,48.43738958,31.26622009,45.20888689,0.9183430672,157.3451691,97.5,147.3538075,132.5,84.34216742,0.9451565637,3.908505524
run_v2_000239,3.4,1.1,0.005,0.03,500,30,80,1,15,50,18742.05821,37.48411641,27.46096516,33.02838404,0,104.8370285,86.5,156.0306185,141.5,87.18335574,0.8631210053,3.658349745
run_v2_000240,3.4,1.1,0.005,0.03,500,30,85,1,15,50,14790.85953,29.58171906,21.90506363,25.03907912,0.4300293326,81.44120026,122.5,161.9152765,147.5,89.67263804,0.81563627,3.458253252
run_v2_000241,3.4,1.1,0.005,0.03,500,30,90,1,15,50,11938.04127,23.87608254,19.72604465,19.2638563,0.7241665721,64.67307281,108.5,168.9835054,155.5,91.81108739,0.7539327218,3.353743632
run_v2_000242,3.4,1.1,0.005,0.03,500,30,95,1,15,50,9844.711194,19.68942239,16.34741879,15.48954418,0.6271574497,55.11098099,153.5,174.125756,160.5,93.42846142,0.7159318145,3.220194867
run_v2_000243,3.4,1.1,0.005,0.03,500,30,100,1,15,50,8256.559682,16.51311936,14.54206514,12.47106046,0.5990994573,45.08742905,153.5,178.4517742,164.5,95.69646666,0.6764283831,3.108033439
run_v2_000244,3.4,1.1,0.001,0.04,500,30,60,1,15,50,131612.7321,263.2254642,105.2551537,301.7068363,1.812309504,934.0334473,85.5,116.5449003,101.5,73.1251225,1.256273901,5.108496714
run_v2_000245,3.4,1.1,0.001,0.04,500,30,65,1,15,50,87051.12943,174.1022589,91.07781982,178.8560247,0,566.5599976,100.5,133.5991976,118.5,79.49006509,1.104621991,4.472756445
run_v2_000246,3.4,1.1,0.001,0.04,500,30,70,1,15,50,63882.91262,127.7658252,81.40546036,120.9987508,0.6045027971,382.1515503,95.5,146.3177728,131.5,83.67504142,0.978292738,4.017625091
run_v2_000247,3.4,1.1,0.001,0.04,500,30,75,1,15,50,49916.95586,99.83391171,73.62107849,87.87548448,1.212318897,281.1022949,138.5,157.6597123,143.5,87.90077231,0.8997960399,3.746963762
run_v2_000248,3.4,1.1,0.001,0.04,500,30,80,1,15,50,40125.71214,80.25142428,58.87313652,67.55216236,1.215244889,222.3414154,122.5,165.8783726,151.5,89.70389843,0.8159224209,3.521632859
run_v2_000249,3.4,1.1,0.001,0.04,500,30,85,1,15,50,33202.58226,66.40516452,53.7713089,52.92972278,0,170.545578,116.5,174.3102613,160.5,92.57692972,0.7473389979,3.31310243
run_v2_000250,3.4,1.1,0.001,0.04,500,30,90,1,15,50,27822.65143,55.64530286,47.56974411,42.23793509,0.9408721924,148.8208618,135.5,182.5320324,168.5,94.9585002,0.6763636935,3.131003957
run_v2_000251,3.4,1.1,0.001,0.04,500,30,95,1,15,50,23765.39934,47.53079868,41.21821976,34.99242747,0.9201834202,123.5995178,144.5,188.6329012,175.5,96.37532992,0.6410047837,3.053619147
run_v2_000252,3.4,1.1,0.001,0.04,500,30,100,1,15,50,20520.92166,41.04184332,35.71306229,28.58360836,0.6089970469,99.10965729,156.5,194.9121953,182.5,98.79775687,0.5686409906,2.881746148
run_v2_000253,3.4,1.1,0.0015,0.04,500,30,60,1,15,50,124254.3679,248.5087358,91.9934082,290.9009133,0.943598032,894.1860962,76.5,113.98895,99.5,71.27526798,1.265755105,5.203805057
run_v2_000254,3.4,1.1,0.0015,0.04,500,30,65,1,15,50,81641.78903,163.2835781,86.55540466,171.860658,0.4765948057,551.1347656,79.5,130.0548873,115.5,77.31643029,1.101022863,4.494840623
run_v2_000255,3.4,1.1,0.0015,0.04,500,30,70,1,15,50,59254.4843,118.5089686,68.96116257,114.4012562,0.93418926,356.4647827,101.5,143.3421555,128.5,82.18476536,0.99192163,4.099550542
run_v2_000256,3.4,1.1,0.0015,0.04,500,30,75,1,15,50,45870.23274,91.74046547,64.21992493,82.9157532,0.9232356548,269.0981445,101.5,154.0430194,139.5,85.81631758,0.8972339933,3.772916093
run_v2_000257,3.4,1.1,0.0015,0.04,500,30,80,1,15,50,36699.77761,73.39955521,54.84826469,62.67908909,0.4612782001,203.8720703,121.5,163.2653877,148.5,89.22356743,0.8371962677,3.563183754
run_v2_000258,3.4,1.1,0.0015,0.04,500,30,85,1,15,50,30150.78325,60.30156649,48.03310013,49.062657,1.43932724,168.0704346,147.5,170.6970603,156.5,91.72090149,0.7753620097,3.390769327
run_v2_000259,3.4,1.1,0.0015,0.04,500,30,90,1,15,50,25503.38822,51.00677644,41.89040375,39.25854067,0.9397550225,142.1641388,136.5,177.6185785,164.5,94.10228741,0.7018118205,3.220990601
run_v2_000260,3.4,1.1,0.0015,0.04,500,30,95,1,15,50,21494.26899,42.98853799,35.10904121,32.0170481,0.4807281494,110.6568832,175.5,183.6612077,170.5,95.78735305,0.6514396028,3.055214359
run_v2_000261,3.4,1.1,0.0015,0.04,500,30,100,1,15,50,18457.18737,36.91437473,33.06553459,26.81881543,1.39883399,105.1757736,164.5,189.7646533,175.5,97.31813671,0.6180776948,2.982808226
run_v2_000262,3.4,1.1,0.002,0.04,500,30,60,1,15,50,116915.3377,233.8306753,83.98877716,277.8614545,0.3716266453,869.5875854,75.5,111.6463668,97.5,69.58853474,1.242413779,5.131783922
run_v2_000263,3.4,1.1,0.002,0.04,500,30,65,1,15,50,76185.31496,152.3706299,70.95700073,163.9187741,1.104146719,508.0368042,62.5,126.8507105,112.5,75.69243618,1.126921505,4.645438067
run_v2_000264,3.4,1.1,0.002,0.04,500,30,70,1,15,50,55227.75961,110.4555192,63.16492462,109.5387045,0.3712426424,348.4594727,106.5,139.7917789,125.5,80.12231868,1.001704629,4.161120159
run_v2_000265,3.4,1.1,0.002,0.04,500,30,75,1,15,50,42425.03676,84.85007353,57.12194443,78.37193923,0.7359694839,262.8311462,100.5,150.6606367,136.5,84.20649182,0.9104186008,3.847757755
run_v2_000266,3.4,1.1,0.002,0.04,500,30,80,1,15,50,33642.74251,67.28548502,49.81524086,59.17434176,1.108682156,192.9467926,114.5,158.7290201,144.5,87.2398026,0.862487873,3.672687249
run_v2_000267,3.4,1.1,0.002,0.04,500,30,85,1,15,50,27405.88153,54.81176307,42.5441494,45.9458589,1.147811174,157.7479706,133.5,166.4923306,152.5,89.83029761,0.794754769,3.480284013
run_v2_000268,3.4,1.1,0.002,0.04,500,30,90,1,15,50,22906.671,45.813342,36.55177689,36.38347015,1.455599546,124.9559021,152.5,173.9309522,159.5,92.81101124,0.736483525,3.276041344
run_v2_000269,3.4,1.1,0.002,0.04,500,30,95,1,15,50,19511.98331,39.02396663,32.33981895,29.97681862,0.7094134092,101.6223831,158.5,179.7146134,166.5,93.96699003,0.678350026,3.197704716
run_v2_000270,3.4,1.1,0.002,0.04,500,30,100,1,15,50,16625.28401,33.25056802,28.28404808,24.7410619,0.3718891144,91.54201508,144.5,185.3668074,172.5,95.85912395,0.6443528958,3.084100096
run_v2_000271,3.4,1.1,0.0025,0.04,500,30,60,1,15,50,110816.0065,221.6320131,73.20385742,269.4531682,0.2911082208,872.0178833,72.5,108.9491412,95.5,68.07359293,1.271494692,5.281058902
run_v2_000272,3.4,1.1,0.0025,0.04,500,30,65,1,15,50,71659.2243,143.3184486,65.67035675,157.4731538,0.2951393425,482.3352966,83.5,124.2130608,110.5,73.93356507,1.126504235,4.661491788
run_v2_000273,3.4,1.1,0.0025,0.04,500,30,70,1,15,50,51103.49834,102.2069967,59.02379608,103.0639148,0.2849335372,329.6978455,103.5,136.9016768,122.5,79.21994029,1.018953547,4.203824139
run_v2_000274,3.4,1.1,0.0025,0.04,500,30,75,1,15,50,39092.48725,78.18497449,49.11593246,74.37989957,1.119425178,242.1530151,100.5,146.647943,132.5,82.59649522,0.9541119922,4.009521924
run_v2_000275,3.4,1.1,0.0025,0.04,500,30,80,1,15,50,31049.61126,62.09922252,41.73791885,55.47689766,0.8679357767,181.8869171,143.5,156.1246127,142.5,85.95509055,0.8682553076,3.718126694
run_v2_000276,3.4,1.1,0.0025,0.04,500,30,85,1,15,50,24998.40216,49.99680432,38.07328224,42.67478713,0.5772086382,140.7641296,119.5,162.619698,148.5,88.2450151,0.7984560935,3.517476555
run_v2_000277,3.4,1.1,0.0025,0.04,500,30,90,1,15,50,20777.49931,41.55499863,33.20148659,34.37908888,0.2888214588,114.0854721,156.5,170.2749683,156.5,90.14208399,0.7541711625,3.38179415
run_v2_000278,3.4,1.1,0.0025,0.04,500,30,95,1,15,50,17622.90577,35.24581154,28.39803696,27.67451267,0.2861061692,93.46162415,164.5,176.0738391,162.5,92.91064126,0.7012192023,3.21699171
run_v2_000279,3.4,1.1,0.0025,0.04,500,30,100,1,15,50,14934.2335,29.868467,25.25323772,22.78619411,0,85.91114044,139.5,181.4631763,168.5,94.70507675,0.663436876,3.125948896
run_v2_000280,3.4,1.1,0.003,0.04,500,30,60,1,15,50,104131.5538,208.2631076,70.68480301,257.5005643,0.4497543871,830.4614868,69.5,107.2193369,93.5,66.68861924,1.281808544,5.37664571
run_v2_000281,3.4,1.1,0.003,0.04,500,30,65,1,15,50,66741.10717,133.4822143,57.66319656,149.4539317,0.4487838745,447.8898621,80.5,121.282458,107.5,72.4366089,1.14147418,4.756059157
run_v2_000282,3.4,1.1,0.003,0.04,500,30,70,1,15,50,47965.84448,95.93168896,52.55729675,99.23319782,0.4466456175,318.2132568,97.5,133.5063327,119.5,77.48265923,1.041131607,4.308056256
run_v2_000283,3.4,1.1,0.003,0.04,500,30,75,1,15,50,36164.75215,72.32950431,44.64116096,70.50297694,0.659943819,227.0984039,105.5,143.4657399,129.5,80.94497106,0.9661744787,4.058970967
run_v2_000284,3.4,1.1,0.003,0.04,500,30,80,1,15,50,28519.3699,57.0387398,38.54261589,52.55744348,0.2366488278,178.0312653,114.5,151.9728595,138.5,83.93929196,0.8870044162,3.794448002
run_v2_000285,3.4,1.1,0.003,0.04,500,30,85,1,15,50,23024.20635,46.0484127,33.25286293,40.32966816,0.2340136617,131.1791382,105.5,159.6580304,146.5,86.61660739,0.8156753366,3.567283503
run_v2_000286,3.4,1.1,0.003,0.04,500,30,90,1,15,50,19137.25996,38.27451993,28.8778286,32.41219446,0.6664420366,118.1548233,123.5,166.247817,152.5,88.67359383,0.7750216075,3.435597192
run_v2_000287,3.4,1.1,0.003,0.04,500,30,95,1,15,50,15903.59421,31.80718843,25.2395649,25.79043796,0.64259094,89.50595093,131.5,172.198854,158.5,91.36904602,0.7350721541,3.321642391
run_v2_000288,3.4,1.1,0.003,0.04,500,30,100,1,15,50,13554.50177,27.10900354,21.69760227,21.54307399,0,75.40254974,122.5,177.4500799,164.5,92.36072013,0.7021202217,3.244129076
run_v2_000289,3.4,1.1,0.0035,0.04,500,30,60,1,15,50,98512.13137,197.0242627,55.69768333,247.4339177,0.3374073207,767.0095825,65.5,104.5423733,91.5,65.19546817,1.276700469,5.395237071
run_v2_000290,3.4,1.1,0.0035,0.04,500,30,65,1,15,50,63025.87908,126.0517582,51.56895065,143.6283012,0.1798924357,438.7651367,79.5,119.062252,105.5,71.16734686,1.148125116,4.794665627
run_v2_000291,3.4,1.1,0.0035,0.04,500,30,70,1,15,50,44705.99714,89.41199427,46.35718346,94.69590664,0.350365907,291.7409058,95.5,130.3369604,116.5,75.34322814,1.041669655,4.364966662
run_v2_000292,3.4,1.1,0.0035,0.04,500,30,75,1,15,50,33731.90837,67.46381673,39.1096077,66.82197292,0.5209909678,218.1157379,91.5,139.9460796,126.5,79.41552711,0.966039575,4.09001396
run_v2_000293,3.4,1.1,0.0035,0.04,500,30,80,1,15,50,26342.00591,52.68401181,32.19229603,49.93388471,0.3570772409,156.5195618,111.5,149.1443807,134.5,82.35868187,0.9171846655,3.890086219
run_v2_000294,3.4,1.1,0.0035,0.04,500,30,85,1,15,50,21321.98668,42.64397336,30.05439854,38.47666563,0.3453764915,124.8005219,120.5,156.4295272,143.5,84.58549431,0.8293776051,3.637773895
run_v2_000295,3.4,1.1,0.0035,0.04,500,30,90,1,15,50,17252.46375,34.50492751,26.28814888,29.7948122,0.531298399,100.4574203,133.5,162.023503,148.5,87.71154982,0.7988868277,3.517677961
run_v2_000296,3.4,1.1,0.0035,0.04,500,30,95,1,15,50,14721.43227,29.44286453,21.71907902,24.44480197,0.1757455319,80.5555954,149.5,168.3822082,155.5,89.66167589,0.7512907971,3.402795952
run_v2_000297,3.4,1.1,0.0035,0.04,500,30,100,1,15,50,12432.84393,24.86568785,20.25577545,20.1254807,0.3402942419,71.34815979,120.5,171.9144519,158.5,90.89350761,0.7072700456,3.27960366
run_v2_000298,3.4,1.1,0.004,0.04,500,30,60,1,15,50,94222.5587,188.4451174,51.56350136,240.4656427,0.1289458424,739.9242554,64.5,102.5231501,89.5,63.90162265,1.278125999,5.420641634
run_v2_000299,3.4,1.1,0.004,0.04,500,30,65,1,15,50,59230.91599,118.461832,45.97422409,138.2665684,0.2652378082,451.795166,75.5,116.2419416,103.5,69.44285336,1.162351541,4.868963384
run_v2_000300,3.4,1.1,0.004,0.04,500,30,70,1,15,50,41708.07382,83.41614764,39.9896946,89.92056044,0.1271824241,302.6722717,97.5,128.00832,114.5,74.18868931,1.059244288,4.448521619
run_v2_000301,3.4,1.1,0.004,0.04,500,30,75,1,15,50,31149.69746,62.29939493,34.34728432,63.00749335,0.142889902,200.1920013,103.5,137.2782826,124.5,78.0049371,0.9831174394,4.168519929
run_v2_000302,3.4,1.1,0.004,0.04,500,30,80,1,15,50,24273.37068,48.54674136,29.82318687,46.82892326,0.1504868716,153.9724884,109.5,145.8117077,132.5,80.73449144,0.9153513152,3.928044265
run_v2_000303,3.4,1.1,0.004,0.04,500,30,85,1,15,50,19610.08943,39.22017886,25.6318512,36.21278264,0.268016994,119.1986694,108.5,152.6533317,140.5,83.25551992,0.8547801195,3.721774367
run_v2_000304,3.4,1.1,0.004,0.04,500,30,90,1,15,50,16125.35879,32.25071759,22.73085213,28.82961952,0,97.08417511,114.5,158.1763835,144.5,85.72492662,0.8391695439,3.636619365
run_v2_000305,3.4,1.1,0.004,0.04,500,30,95,1,15,50,13320.10292,26.64020584,20.33524132,22.89793357,0.1376062036,82.81304932,113.5,163.1572539,150.5,87.68448368,0.7776824404,3.503988817
run_v2_000306,3.4,1.1,0.004,0.04,500,30,100,1,15,50,11130.76899,22.26153799,17.81905937,18.29540289,0,65.6448288,141.5,169.6669987,156.5,90.4628641,0.7334220145,3.357526855
run_v2_000307,3.4,1.1,0.0045,0.04,500,30,60,1,15,50,89341.99393,178.6839879,46.04325485,230.9170818,0.106786944,725.2833252,64.5,100.8793241,88.5,62.7115646,1.267620996,5.396970145
run_v2_000308,3.4,1.1,0.0045,0.04,500,30,65,1,15,50,55827.62809,111.6552562,41.82062149,131.609717,0.2261859179,415.177887,87.5,114.5187593,101.5,68.29186433,1.1491505,4.859643887
run_v2_000309,3.4,1.1,0.0045,0.04,500,30,70,1,15,50,39023.8021,78.04760421,35.34620857,85.65506635,0.210773319,270.2796326,91.5,125.3034498,112.5,72.72429175,1.061165924,4.476972233
run_v2_000310,3.4,1.1,0.0045,0.04,500,30,75,1,15,50,29075.40594,58.15081188,33.25481987,59.81290959,0.2080937475,188.701889,83.5,134.6502095,121.5,76.69609567,0.9813615794,4.151479826
run_v2_000311,3.4,1.1,0.0045,0.04,500,30,80,1,15,50,22550.97741,45.10195481,27.16978073,44.37851314,0.3157207668,145.7703552,98.5,142.4419736,128.5,79.58200939,0.9364888621,4.005567288
run_v2_000312,3.4,1.1,0.0045,0.04,500,30,85,1,15,50,17968.85784,35.93771567,23.84611797,33.84498137,0.4290143251,114.9981766,103.5,149.5859098,135.5,82.27259037,0.8840575404,3.821933882
run_v2_000313,3.4,1.1,0.0045,0.04,500,30,90,1,15,50,14563.42323,29.12684646,20.40721416,26.27394269,0.201593399,86.71572113,91.5,155.785426,143.5,84.60211212,0.8254740788,3.631430235
run_v2_000314,3.4,1.1,0.0045,0.04,500,30,95,1,15,50,12076.85936,24.15371871,17.84475994,21.10310804,0,71.05871582,117.5,161.1016811,148.5,86.53926315,0.7864405721,3.494033067
run_v2_000315,3.4,1.1,0.0045,0.04,500,30,100,1,15,50,10084.11562,20.16823123,14.99221325,17.16824865,0.1094377637,59.97892761,125.5,165.456938,152.5,88.14247856,0.7578085612,3.412024224
run_v2_000316,3.4,1.1,0.005,0.04,500,30,60,1,15,50,84402.07633,168.8041527,38.74177933,221.7042461,0,691.9292603,65.5,98.93308274,86.5,61.3687895,1.264329526,5.406398683
run_v2_000317,3.4,1.1,0.005,0.04,500,30,65,1,15,50,52481.11251,104.962225,35.13694572,126.0036845,0.1746360809,397.2103577,68.5,112.4472112,99.5,67.01419514,1.162426091,4.925773008
run_v2_000318,3.4,1.1,0.005,0.04,500,30,70,1,15,50,36119.18916,72.23837831,30.60129166,80.37762448,0.08688303828,250.3560028,88.5,123.2225994,110.5,71.61614482,1.062470836,4.498252536
run_v2_000319,3.4,1.1,0.005,0.04,500,30,75,1,15,50,27018.95661,54.03791322,27.95127106,56.9375445,0,185.6886597,97.5,132.0508692,119.5,75.06795425,0.9992394427,4.247756501
run_v2_000320,3.4,1.1,0.005,0.04,500,30,80,1,15,50,20757.72167,41.51544335,24.31155682,41.79272285,0.2467022836,134.3291321,108.5,139.9537392,127.5,77.91726716,0.9493727367,4.071316641
run_v2_000321,3.4,1.1,0.005,0.04,500,30,85,1,15,50,16688.1497,33.37629939,20.36490059,32.15760506,0.09102032334,107.9666824,95.5,145.5005872,133.5,80.26851451,0.8817883421,3.851634857
run_v2_000322,3.4,1.1,0.005,0.04,500,30,90,1,15,50,13457.9233,26.9158466,18.32119179,25.0250844,0.1623626053,83.48011017,121.5,152.1232653,138.5,82.91352732,0.8479092879,3.709811488
run_v2_000323,3.4,1.1,0.005,0.04,500,30,95,1,15,50,11186.17944,22.37235888,17.12080479,19.96915582,0.2368245721,65.12284851,110.5,157.3034576,144.5,85.03335203,0.8044124345,3.620233354
run_v2_000324,3.4,1.1,0.005,0.04,500,30,100,1,15,50,9299.65945,18.5993189,13.64556551,16.03145126,0.1571144462,52.93996048,99.5,162.2614064,149.5,87.13660797,0.7688356496,3.489295881
run_v2_000325,3.4,1.1,0.001,0.05,500,30,60,1,15,50,133635.7817,267.2715634,71.75141907,342.071722,0,1060.927124,74.5,103.5186333,90.5,64.55673342,1.342387836,5.714652378
run_v2_000326,3.4,1.1,0.001,0.05,500,30,65,1,15,50,88861.52478,177.7230496,68.65032578,205.3901025,0,648.2164307,86.5,118.747577,105.5,70.61625695,1.197894334,5.037815271
run_v2_000327,3.4,1.1,0.001,0.05,500,30,70,1,15,50,65612.20115,131.2244023,64.86819458,139.7129563,0,429.3377686,101.5,130.8431281,117.5,75.41632636,1.075961854,4.520130779
run_v2_000328,3.4,1.1,0.001,0.05,500,30,75,1,15,50,50990.29174,101.9805835,58.77430344,101.5672501,0,315.3000793,125.5,140.9477318,127.5,79.07686445,0.9759895626,4.140813248
run_v2_000329,3.4,1.1,0.001,0.05,500,30,80,1,15,50,41035.13396,82.07026792,51.93398476,78.24052662,0.5951421857,266.4092712,105.5,149.537135,136.5,81.91343597,0.9254945044,3.954890333
run_v2_000330,3.4,1.1,0.001,0.05,500,30,85,1,15,50,33715.42633,67.43085266,48.27967644,60.56240869,0,196.0240326,116.5,157.9881437,144.5,85.0997834,0.8312264499,3.634913947
run_v2_000331,3.4,1.1,0.001,0.05,500,30,90,1,15,50,28329.23321,56.65846642,41.96778679,48.75520631,0,156.7072296,147.5,165.0445916,152.5,87.69052734,0.7902326585,3.527066023
run_v2_000332,3.4,1.1,0.001,0.05,500,30,95,1,15,50,24248.50019,48.49700037,34.28046989,40.7498731,0,140.8024597,147.5,170.681011,157.5,88.7171781,0.7442285493,3.405133612
run_v2_000333,3.4,1.1,0.001,0.05,500,30,100,1,15,50,20813.71079,41.62742157,32.97460175,33.3684949,0.60627985,115.2177658,137.5,175.9571967,164.5,91.32367225,0.6921571908,3.261139039
run_v2_000334,3.4,1.1,0.0015,0.05,500,30,60,1,15,50,126613.4787,253.2269573,62.08852196,329.4496443,0,1048.458496,64.5,101.3817746,88.5,63.14438666,1.354203354,5.838703101
run_v2_000335,3.4,1.1,0.0015,0.05,500,30,65,1,15,50,83274.79083,166.5495817,61.87177849,195.1361305,0,625.2285767,80.5,116.5542505,103.5,69.39745555,1.191623064,5.036813887
run_v2_000336,3.4,1.1,0.0015,0.05,500,30,70,1,15,50,60939.15576,121.8783115,56.47186089,132.4595016,0,416.7416687,103.5,128.3368614,115.5,73.8788705,1.087370212,4.577619827
run_v2_000337,3.4,1.1,0.0015,0.05,500,30,75,1,15,50,46663.90952,93.32781904,51.37324905,95.04360985,0,296.1114502,109.5,138.5999257,125.5,77.33814829,0.9819785849,4.206447638
run_v2_000338,3.4,1.1,0.0015,0.05,500,30,80,1,15,50,37726.18947,75.45237894,45.77786636,73.02374318,0.4698959291,228.1802216,100.5,146.5553237,133.5,80.43738766,0.9206742882,3.964602906
run_v2_000339,3.4,1.1,0.0015,0.05,500,30,85,1,15,50,30836.21755,61.67243509,40.93342972,56.74357504,0.4784068465,185.6568298,133.5,154.4330501,141.5,83.261478,0.8472895993,3.729388302
run_v2_000340,3.4,1.1,0.0015,0.05,500,30,90,1,15,50,26087.84817,52.17569634,36.6269474,46.09152191,0,149.782547,101.5,161.033368,148.5,85.78016223,0.8112876194,3.62749786
run_v2_000341,3.4,1.1,0.0015,0.05,500,30,95,1,15,50,22298.80957,44.59761915,33.3158474,38.19991158,0.4685041606,127.9782028,152.5,166.7641663,154.5,87.67760195,0.7757504918,3.518994607
run_v2_000342,3.4,1.1,0.0015,0.05,500,30,100,1,15,50,18941.35127,37.88270254,29.51257324,31.35932317,0,110.4287262,128.5,172.4611164,160.5,89.79257593,0.7334571671,3.377338785
run_v2_000343,3.4,1.1,0.002,0.05,500,30,60,1,15,50,120181.8755,240.3637509,60.88056755,316.9818052,0,988.9928589,68.5,99.83026015,87.5,62.1721424,1.351221682,5.810561463
run_v2_000344,3.4,1.1,0.002,0.05,500,30,65,1,15,50,78480.18713,156.9603743,57.78763199,187.3416978,0.3545535505,582.6241455,75.5,114.2554383,101.5,67.98171918,1.210938844,5.15572029
run_v2_000345,3.4,1.1,0.002,0.05,500,30,70,1,15,50,56676.78762,113.3535752,51.03522873,125.1309959,0.3674377501,395.4874573,88.5,125.8392926,112.5,72.45462321,1.091612438,4.666480545
run_v2_000346,3.4,1.1,0.002,0.05,500,30,75,1,15,50,43624.24779,87.24849558,45.71446228,90.52092755,0,281.2279053,115.5,135.9192508,123.5,76.28984676,1.002919127,4.272572148
run_v2_000347,3.4,1.1,0.002,0.05,500,30,80,1,15,50,35070.72545,70.1414509,40.71897125,69.82086874,0.3495120704,224.3806305,107.5,143.3989131,131.5,78.21014811,0.9295220921,4.069536549
run_v2_000348,3.4,1.1,0.002,0.05,500,30,85,1,15,50,28645.69569,57.29139139,37.1519165,54.13363213,0,172.8286743,112.5,151.2149014,138.5,81.54917986,0.8612841835,3.773677643
run_v2_000349,3.4,1.1,0.002,0.05,500,30,90,1,15,50,23826.06071,47.65212141,35.63487244,43.33620297,0.3669200242,142.2621307,117.5,157.9712331,145.5,83.93426824,0.8211398265,3.655154747
run_v2_000350,3.4,1.1,0.002,0.05,500,30,95,1,15,50,19998.17634,39.99635268,29.72784328,34.93501013,0,115.9244156,117.5,163.0452995,150.5,86.37754233,0.7748512117,3.48024936
run_v2_000351,3.4,1.1,0.002,0.05,500,30,100,1,15,50,17443.36761,34.88673522,26.70311737,29.58762199,0,100.1543427,138.5,169.0768679,156.5,88.09950294,0.7272629834,3.383531989
run_v2_000352,3.4,1.1,0.0025,0.05,500,30,60,1,15,50,114575.2897,229.1505793,50.01485825,307.510018,0,982.425354,68.5,97.69334632,85.5,60.55351971,1.346769915,5.84011526
run_v2_000353,3.4,1.1,0.0025,0.05,500,30,65,1,15,50,74001.80587,148.0036117,48.8237896,179.0571679,0,573.3276978,68.5,112.0405299,99.5,66.56904134,1.188243148,5.082864847
run_v2_000354,3.4,1.1,0.0025,0.05,500,30,70,1,15,50,53108.88611,106.2177722,46.15768051,118.8360112,0,377.0115051,94.5,123.3854584,110.5,71.36232747,1.084386939,4.616268205
run_v2_000355,3.4,1.1,0.0025,0.05,500,30,75,1,15,50,41061.17165,82.12234329,39.89375496,86.73310251,0,271.8287048,82.5,132.8484143,120.5,74.91979641,1.013896285,4.324200347
run_v2_000356,3.4,1.1,0.0025,0.05,500,30,80,1,15,50,32392.51568,64.78503136,37.23759842,65.25238163,0,207.1721802,104.5,140.5706089,128.5,77.52467706,0.9455626352,4.119799646
run_v2_000357,3.4,1.1,0.0025,0.05,500,30,85,1,15,50,26417.05435,52.8341087,33.82636833,50.82383443,0.2766550183,164.9820404,93.5,148.0247636,135.5,80.52141919,0.8879805775,3.91066775
run_v2_000358,3.4,1.1,0.0025,0.05,500,30,90,1,15,50,21935.48734,43.87097469,27.95926094,40.54652731,0,132.3438416,98.5,154.6854704,142.5,82.56337009,0.8262533749,3.698193939
run_v2_000359,3.4,1.1,0.0025,0.05,500,30,95,1,15,50,18255.8057,36.51161139,25.7366581,32.61959841,0.2885813713,110.9946823,129.5,160.2949411,148.5,84.73895842,0.8024086638,3.656905007
run_v2_000360,3.4,1.1,0.0025,0.05,500,30,100,1,15,50,15641.74176,31.28348353,24.61724949,26.6784915,0.2916116714,95.01526642,132.5,165.5042517,152.5,87.71263776,0.742231317,3.429309968
run_v2_000361,3.4,1.1,0.003,0.05,500,30,60,1,15,50,108318.6015,216.6372029,48.44398499,294.1863867,0,955.8322144,65.5,96.11467012,84.5,59.83776897,1.354907707,5.861803835
run_v2_000362,3.4,1.1,0.003,0.05,500,30,65,1,15,50,70418.83522,140.8376704,43.16435623,173.5844344,0,544.6161499,64.5,109.51796,97.5,65.17483153,1.199665556,5.146705662
run_v2_000363,3.4,1.1,0.003,0.05,500,30,70,1,15,50,49984.99728,99.96999456,41.03417206,115.0560921,0,362.9649048,84.5,120.7225687,108.5,69.556034,1.109796189,4.725207283
run_v2_000364,3.4,1.1,0.003,0.05,500,30,75,1,15,50,38067.61076,76.13522152,37.99536896,81.92973177,0,280.4357605,86.5,129.8568402,117.5,72.95374771,0.9863501524,4.268246351
run_v2_000365,3.4,1.1,0.003,0.05,500,30,80,1,15,50,29885.95366,59.77190732,32.97046089,61.09234693,0.2207608223,193.4241638,112.5,138.2812993,125.5,76.5684286,0.9517588882,4.131827243
run_v2_000366,3.4,1.1,0.003,0.05,500,30,85,1,15,50,24159.33941,48.31867883,29.18090534,47.39535526,0.2131914794,163.044693,125.5,145.1881268,132.5,79.01225102,0.8908402291,3.921668509
run_v2_000367,3.4,1.1,0.003,0.05,500,30,90,1,15,50,20127.02748,40.25405495,26.04772663,37.7504754,0.1887485534,119.0979843,118.5,152.2472779,140.5,81.36488349,0.8277773993,3.734232965
run_v2_000368,3.4,1.1,0.003,0.05,500,30,95,1,15,50,16970.87106,33.94174213,23.10719204,30.94742358,0.212946713,103.849884,111.5,156.8054905,144.5,83.46885243,0.8085459081,3.65176982
run_v2_000369,3.4,1.1,0.003,0.05,500,30,100,1,15,50,14247.92409,28.49584817,20.50329971,25.20281476,0,83.5839386,127.5,162.2574971,150.5,85.32327727,0.7749169825,3.572103781
run_v2_000370,3.4,1.1,0.0035,0.05,500,30,60,1,15,50,103239.1976,206.4783952,39.7449646,283.6719496,0,905.0582886,56.5,94.29896941,82.5,58.5196315,1.342069576,5.895715975
run_v2_000371,3.4,1.1,0.0035,0.05,500,30,65,1,15,50,65781.51422,131.5630284,39.02808189,163.8883937,0,528.6149902,75.5,108.0880908,96.5,64.08159295,1.188205105,5.13886985
run_v2_000372,3.4,1.1,0.0035,0.05,500,30,70,1,15,50,46963.52943,93.92705887,35.13850021,108.7477557,0,343.9680786,83.5,118.2282613,106.5,68.4081822,1.085082842,4.695308158
run_v2_000373,3.4,1.1,0.0035,0.05,500,30,75,1,15,50,35324.39318,70.64878636,33.37160683,77.50229673,0,246.6828766,89.5,127.3864367,115.5,72.07290502,1.021187363,4.380742651
run_v2_000374,3.4,1.1,0.0035,0.05,500,30,80,1,15,50,28036.86998,56.07373995,28.8991375,58.36984934,0.1709442437,187.2951202,100.5,135.2091281,122.5,75.2517134,0.9663896109,4.208955698
run_v2_000375,3.4,1.1,0.0035,0.05,500,30,85,1,15,50,22420.49558,44.84099117,25.70759964,45.04436935,0,143.569046,100.5,142.2291609,130.5,77.53645227,0.9263170262,4.064062017
run_v2_000376,3.4,1.1,0.0035,0.05,500,30,90,1,15,50,18599.83543,37.19967087,24.30650425,35.79409823,0,116.8337021,144.5,148.0211824,135.5,79.79153907,0.8444964982,3.791549221
run_v2_000377,3.4,1.1,0.0035,0.05,500,30,95,1,15,50,15482.22401,30.96444801,20.29410648,28.95301219,0.1582862884,99.41355896,140.5,153.29866,140.5,81.53384337,0.8050558726,3.650543495
run_v2_000378,3.4,1.1,0.0035,0.05,500,30,100,1,15,50,13113.49487,26.22698975,18.2292366,23.56168177,0.1734210551,77.35072327,117.5,158.4862176,146.5,84.15360429,0.7789431603,3.571569166
run_v2_000379,3.4,1.1,0.004,0.05,500,30,60,1,15,50,98579.17796,197.1583559,36.11630058,274.7212888,0,872.8890991,63.5,92.49309449,81.5,57.13347352,1.315251478,5.770295577
run_v2_000380,3.4,1.1,0.004,0.05,500,30,65,1,15,50,62469.6223,124.9392446,35.10564613,157.8670989,0,493.9844971,67.5,105.7025189,94.5,62.89497278,1.172669828,5.03453435
run_v2_000381,3.4,1.1,0.004,0.05,500,30,70,1,15,50,44128.06499,88.25612998,32.16755962,104.6854698,0.1322250515,350.5385437,92.5,116.2441107,104.5,66.77159778,1.099557567,4.756988245
run_v2_000382,3.4,1.1,0.004,0.05,500,30,75,1,15,50,33396.12852,66.79225705,31.44645786,74.38074793,0.131161198,227.2629395,89.5,124.8580004,112.5,70.76172937,1.024752141,4.430000604
run_v2_000383,3.4,1.1,0.004,0.05,500,30,80,1,15,50,25376.55564,50.75311128,27.65923023,53.87147437,0,173.5537415,87.5,133.0189737,121.5,73.73147404,0.9662024883,4.212303955
run_v2_000384,3.4,1.1,0.004,0.05,500,30,85,1,15,50,20683.30441,41.36660882,24.17703724,42.0881217,0,133.36763,112.5,139.7169095,128.5,76.27323745,0.9165906365,4.055504916
run_v2_000385,3.4,1.1,0.004,0.05,500,30,90,1,15,50,17120.56969,34.24113937,22.18392754,33.41745152,0.1248637587,108.5488968,88.5,145.326159,134.5,78.65746444,0.8558823097,3.865270511
run_v2_000386,3.4,1.1,0.004,0.05,500,30,95,1,15,50,14220.08048,28.44016096,18.18442535,26.93799392,0.128599748,90.56962585,119.5,151.7358306,139.5,80.82728384,0.8275469153,3.736469804
run_v2_000387,3.4,1.1,0.004,0.05,500,30,100,1,15,50,11786.63177,23.57326354,16.41136646,21.87954545,0,72.39112854,116.5,155.5781166,143.5,82.35227701,0.8041065773,3.619943511
run_v2_000388,3.4,1.1,0.0045,0.05,500,30,60,1,15,50,93721.61146,187.4432229,30.52860928,265.6568334,0.1075529903,882.5579834,67.5,90.6735915,79.5,56.02238149,1.337321788,5.916072231
run_v2_000389,3.4,1.1,0.0045,0.05,500,30,65,1,15,50,58755.01218,117.5100244,29.72263622,151.2960008,0,477.5855103,81.5,103.6619032,92.5,61.53776619,1.193769401,5.200276769
run_v2_000390,3.4,1.1,0.0045,0.05,500,30,70,1,15,50,41519.57231,83.03914462,28.69819164,99.96252423,0,319.8970032,80.5,114.0512836,102.5,65.52998445,1.098826975,4.767938357
run_v2_000391,3.4,1.1,0.0045,0.05,500,30,75,1,15,50,31123.91084,62.24782167,25.13655853,70.6106843,0,224.3765411,82.5,122.527202,110.5,69.36041361,1.031595327,4.479602628
run_v2_000392,3.4,1.1,0.0045,0.05,500,30,80,1,15,50,24095.49394,48.19098789,22.69021416,52.421399,0,176.5686646,91.5,129.9064976,118.5,71.97563949,0.9836603947,4.310087093
run_v2_000393,3.4,1.1,0.0045,0.05,500,30,85,1,15,50,19282.76564,38.56553128,21.30837059,39.79253255,0.1033876836,129.5054779,119.5,136.6717322,125.5,75.28921417,0.9217809816,4.063199665
run_v2_000394,3.4,1.1,0.0045,0.05,500,30,90,1,15,50,15876.1953,31.7523906,19.77580357,31.72242766,0.09912598133,101.3241501,91.5,142.1910314,130.5,77.3881541,0.8861548934,3.960063452
run_v2_000395,3.4,1.1,0.0045,0.05,500,30,95,1,15,50,13003.84978,26.00769956,15.39137125,25.22830136,0,85.00471497,100.5,147.5358129,135.5,79.57661004,0.855654262,3.806233649
run_v2_000396,3.4,1.1,0.0045,0.05,500,30,100,1,15,50,10990.89196,21.98178392,14.95544291,20.5446489,0,77.43022919,144.5,153.0053224,141.5,81.44653877,0.7994713681,3.673252637
run_v2_000397,3.4,1.1,0.005,0.05,500,30,60,1,15,50,89512.13982,179.0242796,27.27574158,256.1285564,0,838.6922607,58.5,89.34858577,78.5,55.16362024,1.316636421,5.788098865
run_v2_000398,3.4,1.1,0.005,0.05,500,30,65,1,15,50,55650.32744,111.3006549,28.47273636,145.3033306,0,458.9248657,67.5,101.9057709,90.5,60.38428469,1.184107008,5.158832982
run_v2_000399,3.4,1.1,0.005,0.05,500,30,70,1,15,50,39321.26994,78.64253987,25.58077335,95.79173909,0.08375011384,299.1833496,95.5,112.1384613,100.5,64.60811045,1.106000451,4.839965399
run_v2_000400,3.4,1.1,0.005,0.05,500,30,75,1,15,50,29096.33997,58.19267994,22.50746441,67.30837921,0,216.3933868,91.5,120.0862152,108.5,67.8370936,1.038502382,4.545803146
run_v2_000401,3.4,1.1,0.005,0.05,500,30,80,1,15,50,22614.20827,45.22841654,19.87622261,49.91378561,0,159.6257019,103.5,127.1302963,115.5,70.89871751,0.9904702391,4.348638904
run_v2_000402,3.4,1.1,0.005,0.05,500,30,85,1,15,50,17938.44897,35.87689794,18.44203949,37.98111519,0,133.076416,79.5,133.9303178,122.5,73.65523797,0.9410270116,4.160461584
run_v2_000403,3.4,1.1,0.005,0.05,500,30,90,1,15,50,14572.7643,29.14552861,16.33589363,29.65905723,0.07734124362,102.1488953,106.5,139.9274044,128.5,75.82493421,0.8770029983,3.94683359
run_v2_000404,3.4,1.1,0.005,0.05,500,30,95,1,15,50,12089.15817,24.17831634,14.63353157,23.84674259,0,83.76696777,115.5,144.5899779,133.5,77.96480987,0.8467575945,3.834493401
run_v2_000405,3.4,1.1,0.005,0.05,500,30,100,1,15,50,10112.62697,20.22525394,13.41379023,19.36891165,0,64.12448883,117.5,149.1550222,137.5,79.75279027,0.8165327351,3.708146198
run_v2_000406,3.4,1.1,0.001,0.06,500,30,60,1,15,50,134429.3281,268.8586563,49.5189991,372.5954131,0,1200.117065,65.5,93.94825437,82.5,58.69609911,1.410997232,6.228563339
run_v2_000407,3.4,1.1,0.001,0.06,500,30,65,1,15,50,89511.28939,179.0225788,53.22119522,224.4630335,0,734.522644,74.5,108.367124,96.5,64.26433231,1.238891071,5.348152197
run_v2_000408,3.4,1.1,0.001,0.06,500,30,70,1,15,50,66246.56237,132.4931247,50.53140068,154.1855396,0,479.9782715,102.5,119.4879191,107.5,68.9882517,1.149471876,4.948174447
run_v2_000409,3.4,1.1,0.001,0.06,500,30,75,1,15,50,51305.05664,102.6101133,47.22604942,112.7219998,0,349.4135132,101.5,129.2061374,117.5,71.96499642,1.030787235,4.438472785
run_v2_000410,3.4,1.1,0.001,0.06,500,30,80,1,15,50,41775.94529,83.55189058,44.80032158,86.69586297,0,270.6231995,109.5,137.5766047,125.5,75.48547442,0.9711161283,4.246436992
run_v2_000411,3.4,1.1,0.001,0.06,500,30,85,1,15,50,34543.57815,69.0871563,40.81914711,69.46121178,0,226.3976593,92.5,144.1767747,131.5,77.43359212,0.9161573799,4.026622431
run_v2_000412,3.4,1.1,0.001,0.06,500,30,90,1,15,50,28863.26027,57.72652054,36.66773605,55.28456641,0,172.5439606,117.5,150.7643896,138.5,79.99483285,0.8459547458,3.810801668
run_v2_000413,3.4,1.1,0.001,0.06,500,30,95,1,15,50,24410.81195,48.82162391,33.1767807,44.90380842,0,143.4318695,113.5,156.8275395,145.5,82.9389545,0.8233538899,3.725184039
run_v2_000414,3.4,1.1,0.001,0.06,500,30,100,1,15,50,21202.88029,42.40576059,30.69150925,37.40708311,0,130.4495697,141.5,162.5816419,151.5,85.06927383,0.7554227097,3.515066378
run_v2_000415,3.4,1.1,0.0015,0.06,500,30,60,1,15,50,128451.5105,256.9030209,46.60059547,360.4356896,0,1172.787231,60.5,92.51273614,80.5,57.52286985,1.401116096,6.21044724
run_v2_000416,3.4,1.1,0.0015,0.06,500,30,65,1,15,50,84881.95454,169.7639091,47.71440506,215.9444763,0,683.4790649,67.5,106.4499997,94.5,63.26018477,1.255689432,5.469776223
run_v2_000417,3.4,1.1,0.0015,0.06,500,30,70,1,15,50,61668.73329,123.3374666,46.0122757,145.6468657,0,448.374176,84.5,117.286647,105.5,67.66729718,1.148270781,4.985004808
run_v2_000418,3.4,1.1,0.0015,0.06,500,30,75,1,15,50,47832.96141,95.66592282,44.4883709,106.5831267,0,326.374939,94.5,126.7112652,114.5,70.99731,1.035667695,4.457760319
run_v2_000419,3.4,1.1,0.0015,0.06,500,30,80,1,15,50,38442.60951,76.88521902,41.21245193,81.01926873,0,261.1655579,108.5,135.1390714,123.5,74.70450546,0.9941727673,4.340249861
run_v2_000420,3.4,1.1,0.0015,0.06,500,30,85,1,15,50,31495.82486,62.99164972,35.82624054,63.63135061,0,220.3930054,107.5,141.6991286,129.5,76.93999021,0.9172599368,4.056145327
run_v2_000421,3.4,1.1,0.0015,0.06,500,30,90,1,15,50,26517.65719,53.03531438,31.86776733,51.93097138,0,173.5632172,90.5,148.2613878,136.5,79.02311902,0.8875836658,3.966568759
run_v2_000422,3.4,1.1,0.0015,0.06,500,30,95,1,15,50,22622.52509,45.24505018,29.4971447,42.65336444,0,144.2938843,99.5,153.1748376,141.5,80.89662611,0.8307754568,3.810852065
run_v2_000423,3.4,1.1,0.0015,0.06,500,30,100,1,15,50,19422.5668,38.8451336,27.43999863,35.42741743,0,120.2887344,117.5,158.3244464,146.5,83.16819478,0.7902912004,3.64851446
run_v2_000424,3.4,1.1,0.002,0.06,500,30,60,1,15,50,122432.3962,244.8647925,40.83203506,347.2806218,0,1124.449585,63.5,90.80957223,79.5,56.50570421,1.402486438,6.298585023
run_v2_000425,3.4,1.1,0.002,0.06,500,30,65,1,15,50,80168.77232,160.3375446,39.22561455,207.2857104,0,671.8695068,71.5,104.268492,92.5,61.80956667,1.235611762,5.368516769
run_v2_000426,3.4,1.1,0.002,0.06,500,30,70,1,15,50,58188.82535,116.3776507,41.39978218,139.93079,0,452.2597656,72.5,115.1555801,103.5,66.34785487,1.14557507,4.948623591
run_v2_000427,3.4,1.1,0.002,0.06,500,30,75,1,15,50,44852.32023,89.70464047,37.73155785,101.7479807,0,330.7626953,98.5,124.3311133,112.5,69.79513226,1.062517639,4.620600729
run_v2_000428,3.4,1.1,0.002,0.06,500,30,80,1,15,50,35695.18567,71.39037134,36.13430023,76.94514143,0,256.1806335,100.5,132.1434925,120.5,72.60198987,0.9761079867,4.276909513
run_v2_000429,3.4,1.1,0.002,0.06,500,30,85,1,15,50,29298.45304,58.59690608,31.19749737,60.89842897,0,190.4068298,101.5,138.9345072,127.5,74.78922651,0.9305773347,4.120042043
run_v2_000430,3.4,1.1,0.002,0.06,500,30,90,1,15,50,24121.86458,48.24372917,28.7760067,47.75248877,0,160.0167236,102.5,145.6045268,133.5,78.26603429,0.9010039026,4.034821859
run_v2_000431,3.4,1.1,0.002,0.06,500,30,95,1,15,50,20793.48647,41.58697295,26.55131721,39.77649787,0,135.5583954,103.5,150.7358176,139.5,80.10497848,0.8340605203,3.790155571
run_v2_000432,3.4,1.1,0.002,0.06,500,30,100,1,15,50,17549.0949,35.09818979,23.92967892,32.66277209,0,111.3121185,144.5,155.1033714,144.5,81.76381908,0.8025796503,3.736940325
run_v2_000433,3.4,1.1,0.0025,0.06,500,30,60,1,15,50,116716.1602,233.4323203,33.78502846,336.1108037,0,1080.013428,62.5,89.24976214,78.5,55.19763034,1.37892544,6.146798011
run_v2_000434,3.4,1.1,0.0025,0.06,500,30,65,1,15,50,75702.90628,151.4058126,35.37406921,198.2335771,0,634.5960083,76.5,102.5811489,91.5,60.57746026,1.239783497,5.464270247
run_v2_000435,3.4,1.1,0.0025,0.06,500,30,70,1,15,50,54870.0795,109.740159,33.78348923,134.1532655,0,410.1533508,82.5,112.9662659,101.5,64.72335458,1.138147493,4.968028455
run_v2_000436,3.4,1.1,0.0025,0.06,500,30,75,1,15,50,41905.51991,83.81103982,31.6045475,96.35264479,0,293.3034363,81.5,121.9120123,110.5,68.49763479,1.058022796,4.637198059
run_v2_000437,3.4,1.1,0.0025,0.06,500,30,80,1,15,50,33369.5109,66.7390218,30.74961376,72.85106563,0,251.1134796,95.5,129.7491883,118.5,71.54704626,0.978237545,4.342589763
run_v2_000438,3.4,1.1,0.0025,0.06,500,30,85,1,15,50,27325.29737,54.65059473,28.08632565,57.25331653,0,187.9568634,93.5,136.5790803,125.5,74.18909354,0.9313697161,4.161647526
run_v2_000439,3.4,1.1,0.0025,0.06,500,30,90,1,15,50,22528.14661,45.05629323,26.40900707,45.81268713,0,156.9436188,123.5,142.5827144,131.5,75.69944821,0.8683847256,3.931013035
run_v2_000440,3.4,1.1,0.0025,0.06,500,30,95,1,15,50,19025.12348,38.05024696,24.08308506,36.86844918,0,116.029892,111.5,147.661941,136.5,78.67648565,0.8294216687,3.812509019
run_v2_000441,3.4,1.1,0.0025,0.06,500,30,100,1,15,50,16121.6722,32.2433444,21.11720562,30.61389219,0,105.9750214,129.5,151.8235977,140.5,80.55082097,0.8348273727,3.842637266
run_v2_000442,3.4,1.1,0.003,0.06,500,30,60,1,15,50,111427.826,222.855652,32.78198814,324.0687517,0,1027.891602,55.5,87.71047347,77.5,54.33015063,1.372011068,6.123228441
run_v2_000443,3.4,1.1,0.003,0.06,500,30,65,1,15,50,71593.80563,143.1876113,31.1303072,189.5795101,0,625.4248657,61.5,100.7105538,89.5,59.68075419,1.225022404,5.387403999
run_v2_000444,3.4,1.1,0.003,0.06,500,30,70,1,15,50,51366.88779,102.7337756,29.25748253,127.2148584,0,392.2832336,88.5,110.808187,99.5,63.57188287,1.126426365,4.938927387
run_v2_000445,3.4,1.1,0.003,0.06,500,30,75,1,15,50,39594.84205,79.1896841,29.46422863,92.9288804,0,299.1212463,85.5,119.5151282,107.5,67.22303161,1.07584219,4.707787075
run_v2_000446,3.4,1.1,0.003,0.06,500,30,80,1,15,50,31224.30586,62.44861172,27.61897469,69.6970053,0,224.6208801,98.5,126.7885497,115.5,69.9367235,0.9897405724,4.379063467
run_v2_000447,3.4,1.1,0.003,0.06,500,30,85,1,15,50,24979.80137,49.95960274,24.18309498,53.17306622,0,168.0871277,92.5,133.9264286,122.5,72.97336265,0.9370309961,4.194141431
run_v2_000448,3.4,1.1,0.003,0.06,500,30,90,1,15,50,20846.02853,41.69205705,22.32832146,43.12728783,0,141.5280762,85.5,139.3040753,128.5,74.82421326,0.8960430928,4.008013904
run_v2_000449,3.4,1.1,0.003,0.06,500,30,95,1,15,50,17572.42847,35.14485693,21.39684582,34.82456911,0,111.8271561,110.5,145.1478018,134.5,77.30741145,0.8393929133,3.857848579
run_v2_000450,3.4,1.1,0.003,0.06,500,30,100,1,15,50,14885.63622,29.77127244,18.97661114,28.56619139,0,97.51587677,99.5,150.1642599,139.5,79.20206397,0.7939443829,3.698830671
run_v2_000451,3.4,1.1,0.0035,0.06,500,30,60,1,15,50,106697.5545,213.395109,28.41357517,315.3542471,0,1022.682129,47.5,86.11140246,75.5,53.0742241,1.361682314,6.068945266
run_v2_000452,3.4,1.1,0.0035,0.06,500,30,65,1,15,50,68683.26068,137.3665214,28.77539062,185.1423415,0,584.1375122,62.5,98.93183759,88.5,58.35670206,1.23224915,5.443191998
run_v2_000453,3.4,1.1,0.0035,0.06,500,30,70,1,15,50,49027.268,98.054536,27.72175884,122.9511512,0,397.5264587,73.5,109.2710419,98.5,62.5777276,1.127386394,4.956613385
run_v2_000454,3.4,1.1,0.0035,0.06,500,30,75,1,15,50,37146.96594,74.29393188,28.48799419,88.27012295,0,282.2724609,87.5,117.699328,106.5,65.87768688,1.051911353,4.629592677
run_v2_000455,3.4,1.1,0.0035,0.06,500,30,80,1,15,50,28986.99089,57.97398179,25.47964573,65.23058277,0,212.3444672,75.5,125.422792,114.5,69.25545096,0.9803330919,4.31385286
run_v2_000456,3.4,1.1,0.0035,0.06,500,30,85,1,15,50,23353.85822,46.70771643,21.52914238,50.65431002,0,158.8920288,107.5,131.1870041,120.5,71.5641127,0.9448747152,4.23265574
run_v2_000457,3.4,1.1,0.0035,0.06,500,30,90,1,15,50,19270.19198,38.54038396,21.46309662,40.22213149,0,129.6091919,106.5,137.6311967,126.5,74.07518847,0.9024442324,4.075097955
run_v2_000458,3.4,1.1,0.0035,0.06,500,30,95,1,15,50,16155.62582,32.31125163,19.27305508,32.60744689,0,105.3376465,111.5,141.8625082,130.5,75.82922908,0.8477677152,3.889046088
run_v2_000459,3.4,1.1,0.0035,0.06,500,30,100,1,15,50,13681.32275,27.3626455,17.91015148,26.77159349,0,91.49650574,117.5,146.9934598,136.5,77.98529699,0.8160323738,3.788327878
run_v2_000460,3.4,1.1,0.004,0.06,500,30,60,1,15,50,101548.0046,203.0960092,23.62528515,303.2977523,0,1022.233521,53.5,84.81579574,74.5,52.02643414,1.357807831,6.148397252
run_v2_000461,3.4,1.1,0.004,0.06,500,30,65,1,15,50,64605.96568,129.2119314,25.83469296,175.7561723,0,550.4163818,72.5,97.62290567,86.5,57.5642378,1.22074036,5.381342596
run_v2_000462,3.4,1.1,0.004,0.06,500,30,70,1,15,50,46224.80073,92.44960145,25.68650913,117.442999,0,367.8988342,79.5,107.5196991,96.5,61.55214143,1.132050196,5.011894957
run_v2_000463,3.4,1.1,0.004,0.06,500,30,75,1,15,50,34521.68808,69.04337615,23.10951519,82.98644736,0,266.6036072,83.5,115.4883576,104.5,64.89168574,1.050207461,4.652258006
run_v2_000464,3.4,1.1,0.004,0.06,500,30,80,1,15,50,27068.49189,54.13698377,21.09531879,62.3344858,0,197.2054443,85.5,122.4876947,111.5,67.72596298,1.01258876,4.496154392
run_v2_000465,3.4,1.1,0.004,0.06,500,30,85,1,15,50,21761.31519,43.52263038,20.02948093,47.72109162,0,154.7308044,94.5,129.2446823,118.5,70.67035678,0.9389857191,4.190889924
run_v2_000466,3.4,1.1,0.004,0.06,500,30,90,1,15,50,17788.32689,35.57665378,18.741395,37.74462669,0,125.1028748,100.5,134.7943036,123.5,72.80492897,0.9008404868,4.08996591
run_v2_000467,3.4,1.1,0.004,0.06,500,30,95,1,15,50,14942.57226,29.88514452,15.94356728,30.76329124,0,99.95588684,126.5,139.8226964,129.5,74.57486004,0.8654259013,3.972218602
run_v2_000468,3.4,1.1,0.004,0.06,500,30,100,1,15,50,12708.75421,25.41750841,15.52536631,25.44212721,0,80.00039673,91.5,144.3814864,133.5,76.14894231,0.8228979768,3.839083383
run_v2_000469,3.4,1.1,0.0045,0.06,500,30,60,1,15,50,97682.36969,195.3647394,22.20623016,294.5132049,0,963.2219849,51.5,83.79461905,73.5,51.2486602,1.342474406,6.062807683
run_v2_000470,3.4,1.1,0.0045,0.06,500,30,65,1,15,50,61636.22135,123.2724427,22.43088055,169.9521978,0,550.4297485,63.5,95.53199386,85.5,56.36708595,1.215872669,5.425256406
run_v2_000471,3.4,1.1,0.0045,0.06,500,30,70,1,15,50,43641.11113,87.28222225,22.53494358,112.1456746,0,369.1490173,62.5,105.4285852,94.5,60.54579692,1.115200396,4.948753502
run_v2_000472,3.4,1.1,0.0045,0.06,500,30,75,1,15,50,32707.47186,65.41494371,20.01102924,79.67870098,0,257.7452393,82.5,113.7544796,103.5,63.85307721,1.058975972,4.721316223
run_v2_000473,3.4,1.1,0.0045,0.06,500,30,80,1,15,50,25483.29047,50.96658094,20.33121681,58.98391471,0,181.7811584,70.5,120.4139258,109.5,67.00209975,0.9782149813,4.342087984
run_v2_000474,3.4,1.1,0.0045,0.06,500,30,85,1,15,50,20267.22285,40.5344457,18.24946117,45.28955275,0,148.7375336,117.5,126.3818453,116.5,69.1636502,0.9380425308,4.222449593
run_v2_000475,3.4,1.1,0.0045,0.06,500,30,90,1,15,50,16581.67313,33.16334627,16.60169125,35.76607996,0,120.169136,91.5,131.7449862,120.5,71.39741241,0.9057288368,4.115651271
run_v2_000476,3.4,1.1,0.0045,0.06,500,30,95,1,15,50,13851.14428,27.70228855,15.76134968,28.77421797,0,92.14398956,120.5,136.9528191,126.5,73.82091653,0.8555510269,3.913986493
run_v2_000477,3.4,1.1,0.0045,0.06,500,30,100,1,15,50,11543.75339,23.08750679,13.47079706,23.19452109,0,77.33631897,121.5,141.8594418,130.5,76.36045153,0.8400402225,3.855863839
run_v2_000478,3.4,1.1,0.005,0.06,500,30,60,1,15,50,93617.99863,187.2359973,18.53729248,285.2592848,0,930.7908936,65.5,82.40348378,72.5,50.43818951,1.341451636,6.090361039
run_v2_000479,3.4,1.1,0.005,0.06,500,30,65,1,15,50,58789.26111,117.5785222,20.15138531,163.984291,0,534.0710449,66.5,94.44925224,84.5,55.55340581,1.213648082,5.375382639
run_v2_000480,3.4,1.1,0.005,0.06,500,30,70,1,15,50,41258.77115,82.51754229,20.82157898,107.4221741,0,331.7529907,67.5,103.7545221,93.5,59.60866395,1.125604996,5.001944245
run_v2_000481,3.4,1.1,0.005,0.06,500,30,75,1,15,50,30569.90972,61.13981943,17.63352966,75.54480633,0,248.2461853,72.5,111.2444271,100.5,62.70168267,1.047361031,4.650818439
run_v2_000482,3.4,1.1,0.005,0.06,500,30,80,1,15,50,23757.25373,47.51450747,16.75266838,55.94991656,0,173.2683868,96.5,118.3487531,108.5,65.59034567,0.9837687772,4.416303993
run_v2_000483,3.4,1.1,0.005,0.06,500,30,85,1,15,50,18906.16272,37.81232544,15.77023649,42.50152602,0,136.335495,97.5,124.7591348,114.5,68.51004181,0.941460213,4.290773495
run_v2_000484,3.4,1.1,0.005,0.06,500,30,90,1,15,50,15517.23941,31.03447881,14.2278018,33.95077483,0,107.8718262,105.5,129.4036112,119.5,70.25199731,0.8999351962,4.114055375
run_v2_000485,3.4,1.1,0.005,0.06,500,30,95,1,15,50,12899.39071,25.79878141,12.51883554,27.4621533,0,91.43691254,90.5,133.9110786,123.5,72.28258885,0.8889897199,4.059254022
run_v2_000486,3.4,1.1,0.005,0.06,500,30,100,1,15,50,10705.35606,21.41071212,12.27759743,21.93106472,0,74.30726624,109.5,139.094332,128.5,74.57944033,0.8436077599,3.916641005
run_v2_000487,3.4,1.1,0.001,0.07,500,30,60,1,15,50,135832.961,271.665922,36.21358681,401.6701867,0,1341.934326,58.5,86.83917012,76.5,53.79219485,1.446242966,6.557693803
run_v2_000488,3.4,1.1,0.001,0.07,500,30,65,1,15,50,90580.11021,181.1602204,36.56030083,243.0875158,0,759.6846313,76.5,99.89355397,88.5,59.29528754,1.294877816,5.778391328
run_v2_000489,3.4,1.1,0.001,0.07,500,30,70,1,15,50,66189.61012,132.3792202,37.63351059,165.3112277,0,522.7052002,68.5,110.4042824,98.5,63.74387816,1.180708995,5.145696325
run_v2_000490,3.4,1.1,0.001,0.07,500,30,75,1,15,50,52009.81046,104.0196209,37.41047859,122.6346851,0,381.3390808,102.5,119.8082827,108.5,66.70657683,1.086980782,4.829770445
run_v2_000491,3.4,1.1,0.001,0.07,500,30,80,1,15,50,41850.94817,83.70189633,37.42853928,93.99068156,0,301.1022339,89.5,127.5954308,116.5,70.05254846,1.029017315,4.54904145
run_v2_000492,3.4,1.1,0.001,0.07,500,30,85,1,15,50,34253.16761,68.50633522,32.70368195,73.59103988,0,247.8777466,101.5,134.2518984,122.5,72.9496905,0.9735240241,4.282056858
run_v2_000493,3.4,1.1,0.001,0.07,500,30,90,1,15,50,29134.42575,58.26885149,31.32452202,59.85897634,0,194.4211884,112.5,140.5453752,129.5,75.39636532,0.9187850602,4.163888148
run_v2_000494,3.4,1.1,0.001,0.07,500,30,95,1,15,50,25104.42805,50.20885611,28.98751545,50.09743751,0,161.7988586,97.5,145.5891038,134.5,77.24312758,0.8721774202,3.949159098
run_v2_000495,3.4,1.1,0.001,0.07,500,30,100,1,15,50,21308.56865,42.6171373,27.05675888,41.14332894,0,133.3747864,108.5,150.6954196,139.5,78.87113602,0.8079873105,3.734161693
run_v2_000496,3.4,1.1,0.0015,0.07,500,30,60,1,15,50,129708.3328,259.4166656,33.50137329,387.9080091,0,1264.708008,57.5,85.36077873,74.5,52.71318694,1.419737471,6.406182007
run_v2_000497,3.4,1.1,0.0015,0.07,500,30,65,1,15,50,85569.09631,171.1381926,34.1642971,232.8194716,0,742.0061646,61.5,98.24653079,87.5,58.41869948,1.30021246,5.777453744
run_v2_000498,3.4,1.1,0.0015,0.07,500,30,70,1,15,50,62534.58819,125.0691764,35.132658,157.6977804,0,502.7783203,70.5,108.9347571,97.5,62.48952483,1.152111939,5.069614381
run_v2_000499,3.4,1.1,0.0015,0.07,500,30,75,1,15,50,48494.52126,96.98904252,31.66242218,115.8758026,0,367.3370056,98.5,117.5546449,106.5,65.77386102,1.095664594,4.873208821
run_v2_000500,3.4,1.1,0.0015,0.07,500,30,80,1,15,50,39059.52318,78.11904636,31.11549187,88.77235219,0,289.228241,77.5,124.9576222,113.5,68.63691978,1.003024639,4.477077054
run_v2_000501,3.4,1.1,0.0015,0.07,500,30,85,1,15,50,31838.45902,63.67691804,29.19070339,69.29718949,0,231.5175018,103.5,132.2443805,121.5,71.60391661,0.9664314409,4.321108276
run_v2_000502,3.4,1.1,0.0015,0.07,500,30,90,1,15,50,26741.2243,53.4824486,27.96599865,55.91567863,0,184.6265411,112.5,138.2714574,126.5,74.20349547,0.9051872668,4.058857799
run_v2_000503,3.4,1.1,0.0015,0.07,500,30,95,1,15,50,23069.5717,46.13914341,26.63458538,46.67309773,0,159.6657562,103.5,143.1378382,132.5,76.27017206,0.876728576,4.005057966
run_v2_000504,3.4,1.1,0.0015,0.07,500,30,100,1,15,50,19621.61897,39.24323794,24.11379623,38.42630221,0,132.8174438,121.5,148.5181314,137.5,77.98001895,0.8238431735,3.829932784
run_v2_000505,3.4,1.1,0.002,0.07,500,30,60,1,15,50,124368.9573,248.7379145,29.16095257,377.1737454,0,1251.666748,57.5,83.77329636,73.5,51.89369795,1.441382308,6.569223705
run_v2_000506,3.4,1.1,0.002,0.07,500,30,65,1,15,50,81435.01552,162.870031,34.3681736,223.504016,0,717.9681396,61.5,96.73507374,85.5,57.56840865,1.274046369,5.60875491
run_v2_000507,3.4,1.1,0.002,0.07,500,30,70,1,15,50,59750.08852,119.500177,29.06634808,153.2573584,0,472.4551697,84.5,106.9080418,96.5,60.98487189,1.150185671,5.101419842
run_v2_000508,3.4,1.1,0.002,0.07,500,30,75,1,15,50,45566.43843,91.13287687,30.3293848,110.1413262,0,346.8943176,79.5,115.311022,104.5,64.74106836,1.082473172,4.819676161
run_v2_000509,3.4,1.1,0.002,0.07,500,30,80,1,15,50,36268.95135,72.53790269,29.01024437,84.23107065,0,268.4345093,96.5,121.9462788,110.5,67.16509006,1.017091559,4.543407075
run_v2_000510,3.4,1.1,0.002,0.07,500,30,85,1,15,50,29575.15789,59.15031579,26.07979202,65.34409672,0,209.5045929,96.5,129.4485409,118.5,70.53934789,0.9781155239,4.394293928
run_v2_000511,3.4,1.1,0.002,0.07,500,30,90,1,15,50,24935.78955,49.87157909,25.81138802,53.38569707,0,170.9442749,84.5,134.6226692,123.5,72.27148073,0.9084784126,4.119845465
run_v2_000512,3.4,1.1,0.002,0.07,500,30,95,1,15,50,21051.13817,42.10227634,23.98906994,43.44300191,0,137.4794922,104.5,140.4481364,129.5,74.46348727,0.8691087786,4.011856772
run_v2_000513,3.4,1.1,0.002,0.07,500,30,100,1,15,50,17977.62339,35.95524678,19.95662212,36.21825305,0,121.0124435,101.5,145.140186,134.5,76.5578826,0.8512120736,3.913147848
run_v2_000514,3.4,1.1,0.0025,0.07,500,30,60,1,15,50,118749.424,237.498848,24.45214748,363.2852663,0,1191.748047,49.5,82.67577907,72.5,50.90145323,1.412474038,6.431484201
run_v2_000515,3.4,1.1,0.0025,0.07,500,30,65,1,15,50,78054.12034,156.1082407,27.83624077,218.2193479,0,702.1895142,64.5,94.97513715,84.5,56.02436309,1.282741425,5.759334161
run_v2_000516,3.4,1.1,0.0025,0.07,500,30,70,1,15,50,56160.23903,112.3204781,28.98770142,145.5853059,0,451.9776306,85.5,105.1426314,94.5,60.34759524,1.160757304,5.159073265
run_v2_000517,3.4,1.1,0.0025,0.07,500,30,75,1,15,50,42929.59716,85.85919432,25.59215927,105.3942462,0,337.7051697,74.5,113.4959977,102.5,63.62480121,1.082024701,4.803933528
run_v2_000518,3.4,1.1,0.0025,0.07,500,30,80,1,15,50,34063.81298,68.12762596,25.36442471,79.9102417,0,259.7364197,92.5,120.4759952,109.5,66.47096835,1.028682373,4.579094002
run_v2_000519,3.4,1.1,0.0025,0.07,500,30,85,1,15,50,27552.41153,55.10482305,23.78233242,61.69831296,0,196.4893494,96.5,127.6553258,117.5,69.3964198,0.9806437596,4.431189014
run_v2_000520,3.4,1.1,0.0025,0.07,500,30,90,1,15,50,23275.52654,46.55105307,23.07982826,50.08593416,0,157.9058533,90.5,132.5576093,122.5,71.28746981,0.8936218411,4.121816756
run_v2_000521,3.4,1.1,0.0025,0.07,500,30,95,1,15,50,19606.56767,39.21313534,19.97562408,41.38825906,0,132.502121,102.5,137.3871953,126.5,72.91814227,0.8784092161,4.024781072
run_v2_000522,3.4,1.1,0.0025,0.07,500,30,100,1,15,50,16563.52255,33.1270451,19.61410046,33.51067105,0,112.8188095,134.5,142.5297458,131.5,76.03125452,0.8574224362,3.972024488
run_v2_000523,3.4,1.1,0.003,0.07,500,30,60,1,15,50,113972.6828,227.9453657,23.13873482,352.1790244,0,1191.884277,60.5,81.43734027,71.5,50.07634371,1.405602509,6.414427272
run_v2_000524,3.4,1.1,0.003,0.07,500,30,65,1,15,50,74026.77139,148.0535428,24.01556206,208.2621146,0,669.9168701,56.5,93.58614514,83.5,55.20977185,1.256976457,5.67307988
run_v2_000525,3.4,1.1,0.003,0.07,500,30,70,1,15,50,52898.79688,105.7975938,22.54653931,138.9722334,0,440.2396545,67.5,103.5947968,93.5,59.20367006,1.155684111,5.16148971
run_v2_000526,3.4,1.1,0.003,0.07,500,30,75,1,15,50,40238.69575,80.4773915,24.61328602,100.700657,0,328.6808472,95.5,111.0957137,100.5,62.35289735,1.10427408,4.950253788
run_v2_000527,3.4,1.1,0.003,0.07,500,30,80,1,15,50,32172.06645,64.34413291,23.4407196,76.2114784,0,242.9665527,93.5,118.4313758,108.5,65.40586404,1.003910684,4.493063287
run_v2_000528,3.4,1.1,0.003,0.07,500,30,85,1,15,50,25786.19285,51.5723857,21.33744049,58.61530938,0,188.2085876,97.5,124.8827512,114.5,68.044195,0.9617199166,4.358185117
run_v2_000529,3.4,1.1,0.003,0.07,500,30,90,1,15,50,21513.18842,43.02637685,18.94522858,47.34895605,0,150.5876465,97.5,130.3516752,119.5,69.90488947,0.9153545467,4.20242885
run_v2_000530,3.4,1.1,0.003,0.07,500,30,95,1,15,50,17941.90192,35.88380385,18.31730938,38.11335915,0,126.439209,99.5,135.4733961,124.5,72.24171817,0.874932333,4.044537344
run_v2_000531,3.4,1.1,0.003,0.07,500,30,100,1,15,50,15182.79641,30.36559281,17.48881817,31.49167809,0,100.1179199,116.5,138.9343059,129.5,73.80701036,0.8468012974,3.991732829
run_v2_000532,3.4,1.1,0.0035,0.07,500,30,60,1,15,50,109210.7746,218.4215492,18.99881268,341.7102265,0,1160.439819,57.5,80.12518704,70.5,49.20044947,1.404789897,6.435777799
run_v2_000533,3.4,1.1,0.0035,0.07,500,30,65,1,15,50,70386.08138,140.7721628,21.37838936,200.9776678,0,636.9937744,58.5,91.8007745,81.5,54.21169581,1.259377031,5.646975359
run_v2_000534,3.4,1.1,0.0035,0.07,500,30,70,1,15,50,50176.90948,100.353819,22.24285221,133.6161317,0,432.572937,81.5,101.7312699,91.5,58.20295396,1.153207672,5.153988313
run_v2_000535,3.4,1.1,0.0035,0.07,500,30,75,1,15,50,37819.52969,75.63905938,21.12711239,95.67395048,0,312.9262695,85.5,109.4646218,99.5,61.26532487,1.093003471,4.913850595
run_v2_000536,3.4,1.1,0.0035,0.07,500,30,80,1,15,50,29999.54564,59.99909127,21.14573956,71.65791973,0,243.3447113,84.5,116.8991256,106.5,64.75213877,1.013464905,4.581106545
run_v2_000537,3.4,1.1,0.0035,0.07,500,30,85,1,15,50,24402.33299,48.80466597,18.82385445,56.35819539,0,183.5490875,91.5,122.8918575,112.5,66.49742219,0.9560894733,4.392931748
run_v2_000538,3.4,1.1,0.0035,0.07,500,30,90,1,15,50,19824.18704,39.64837408,19.35607529,44.19088877,0,140.603302,101.5,128.351664,118.5,69.13837675,0.9253158165,4.239180244
run_v2_000539,3.4,1.1,0.0035,0.07,500,30,95,1,15,50,16817.92343,33.63584686,16.52534866,36.44751627,0,114.2563934,105.5,132.3424544,122.5,70.85029471,0.8865525554,4.115610843
run_v2_000540,3.4,1.1,0.0035,0.07,500,30,100,1,15,50,13907.0225,27.81404499,14.21513367,29.02813076,0,96.75470734,115.5,137.6381953,127.5,73.3117443,0.8457455686,3.945038856
run_v2_000541,3.4,1.1,0.004,0.07,500,30,60,1,15,50,104846.9472,209.6938943,18.28534603,331.337287,0,1114.259399,54.5,78.8007888,69.5,48.162153,1.376228439,6.294970486
run_v2_000542,3.4,1.1,0.004,0.07,500,30,65,1,15,50,66808.83191,133.6176638,20.45662308,192.4512785,0,627.0184937,56.5,90.6455824,80.5,53.39791906,1.232559073,5.496938428
run_v2_000543,3.4,1.1,0.004,0.07,500,30,70,1,15,50,47805.52382,95.61104764,19.25319386,129.5441217,0,429.4377441,80.5,100.2296668,90.5,56.98078048,1.167040403,5.260982976
run_v2_000544,3.4,1.1,0.004,0.07,500,30,75,1,15,50,35738.26695,71.47653391,18.65241432,91.28015123,0,298.869873,81.5,107.8470042,97.5,60.57839595,1.09044663,4.884627269
run_v2_000545,3.4,1.1,0.004,0.07,500,30,80,1,15,50,28061.51484,56.12302968,17.05757332,68.39879569,0,216.4219513,74.5,114.8430164,104.5,63.22145881,1.022690239,4.657510652
run_v2_000546,3.4,1.1,0.004,0.07,500,30,85,1,15,50,22443.38507,44.88677014,17.80237293,52.32959167,0,171.8583679,97.5,121.1118185,110.5,66.17986684,0.9717396296,4.419336695
run_v2_000547,3.4,1.1,0.004,0.07,500,30,90,1,15,50,18630.2009,37.2604018,16.00055265,42.11269785,0,139.8542938,102.5,125.5288324,115.5,67.76604477,0.9086735889,4.184704961
run_v2_000548,3.4,1.1,0.004,0.07,500,30,95,1,15,50,15399.53236,30.79906472,14.42908239,33.60173625,0,109.716095,102.5,130.7753217,120.5,70.16134474,0.8747012672,4.04599054
run_v2_000549,3.4,1.1,0.004,0.07,500,30,100,1,15,50,12973.12193,25.94624385,13.10756731,27.7004488,0,92.82657623,124.5,135.2689453,125.5,71.36512169,0.8358304934,3.949705564
run_v2_000550,3.4,1.1,0.0045,0.07,500,30,60,1,15,50,100989.81,201.9796199,16.56530285,321.4756267,0,1070.710205,56.5,77.91561105,68.5,47.60674529,1.366476527,6.242075109
run_v2_000551,3.4,1.1,0.0045,0.07,500,30,65,1,15,50,63805.2564,127.6105128,17.10999775,185.2832882,0,617.1248169,62.5,89.566577,79.5,52.70850674,1.225377112,5.482887745
run_v2_000552,3.4,1.1,0.0045,0.07,500,30,70,1,15,50,44867.77105,89.73554209,19.30598068,122.0894137,0,393.0500183,61.5,98.47554703,88.5,56.61000418,1.15340315,5.16176331
run_v2_000553,3.4,1.1,0.0045,0.07,500,30,75,1,15,50,33908.44592,67.81689184,16.80882263,87.83725831,0,286.7640076,77.5,106.3321862,96.5,59.41341681,1.075813635,4.827261437
run_v2_000554,3.4,1.1,0.0045,0.07,500,30,80,1,15,50,26527.80556,53.05561113,16.80305958,65.42643212,0,212.7192841,75.5,112.9043275,103.5,62.01887947,0.9863419774,4.468692035
run_v2_000555,3.4,1.1,0.0045,0.07,500,30,85,1,15,50,21099.98266,42.19996532,14.45990086,49.95749355,0,161.8243103,72.5,118.4924791,108.5,64.80562223,0.9630896958,4.422948798
run_v2_000556,3.4,1.1,0.0045,0.07,500,30,90,1,15,50,17246.46723,34.49293446,13.66563654,39.36231935,0,125.9453735,109.5,124.2612662,114.5,67.10805918,0.924347849,4.257315995
run_v2_000557,3.4,1.1,0.0045,0.07,500,30,95,1,15,50,14295.15162,28.59030325,12.60319233,31.75462476,0,103.1313782,83.5,128.7819286,118.5,69.06752625,0.8937583175,4.149499739
run_v2_000558,3.4,1.1,0.0045,0.07,500,30,100,1,15,50,12124.14806,24.24829611,13.0411315,26.0859321,0,90.61164093,93.5,132.8140131,123.5,70.89103585,0.8451905717,3.993659528
run_v2_000559,3.4,1.1,0.005,0.07,500,30,60,1,15,50,96892.61348,193.785227,13.02819109,311.0773293,0,1039.736816,57.5,76.81889617,67.5,46.86236866,1.351886243,6.181658623
run_v2_000560,3.4,1.1,0.005,0.07,500,30,65,1,15,50,60916.98722,121.8339744,15.24170732,179.2688786,0,581.5778809,61.5,87.92684454,78.5,51.53083453,1.21460867,5.464448961
run_v2_000561,3.4,1.1,0.005,0.07,500,30,70,1,15,50,42564.98198,85.12996396,14.44395781,117.1076192,0,381.9168396,64.5,97.02634197,87.5,55.42599023,1.124999599,5.037794562
run_v2_000562,3.4,1.1,0.005,0.07,500,30,75,1,15,50,32303.17672,64.60635344,15.30075216,84.70566022,0,282.2975769,73.5,104.3867334,94.5,58.18259575,1.059858344,4.817620852
run_v2_000563,3.4,1.1,0.005,0.07,500,30,80,1,15,50,24931.52679,49.86305357,14.05956841,62.4701782,0,219.9505157,85.5,110.6021245,100.5,61.31319792,1.025701293,4.65819345
run_v2_000564,3.4,1.1,0.005,0.07,500,30,85,1,15,50,19554.14124,39.10828248,13.41655397,47.03517778,0,154.2377319,110.5,116.5047955,107.5,63.58167019,0.9590824189,4.428259674
run_v2_000565,3.4,1.1,0.005,0.07,500,30,90,1,15,50,15976.40954,31.95281909,12.35543394,37.15189165,0,119.0485001,77.5,121.981175,112.5,65.6920387,0.9211940538,4.280336341
run_v2_000566,3.4,1.1,0.005,0.07,500,30,95,1,15,50,13309.34734,26.61869468,11.68010521,29.9012529,0,94.83104706,92.5,126.4984823,116.5,67.94332578,0.8800920055,4.124885172
run_v2_000567,3.4,1.1,0.005,0.07,500,30,100,1,15,50,11156.62883,22.31325767,10.26352692,24.35764602,0,87.78565979,97.5,130.6945545,120.5,70.04732501,0.8579086834,4.018525907
run_v2_000568,3.4,1.1,0.001,0.08,500,30,60,1,15,50,136946.6778,273.8933557,26.88792133,427.1920533,0,1457.142456,57.5,80.72745479,70.5,50.06939028,1.473620472,6.80259742
run_v2_000569,3.4,1.1,0.001,0.08,500,30,65,1,15,50,90965.61059,181.9312212,31.04988956,257.9969768,0,876.7224731,66.5,93.5516917,83.5,55.41466517,1.325754906,5.972341325
run_v2_000570,3.4,1.1,0.001,0.08,500,30,70,1,15,50,67256.28189,134.5125638,33.85346603,177.8188083,0,573.8760376,83.5,103.5409675,93.5,59.32526701,1.213137326,5.474972918
run_v2_000571,3.4,1.1,0.001,0.08,500,30,75,1,15,50,52102.28172,104.2045634,32.85367775,130.3573009,0,416.3583374,74.5,111.7279402,101.5,62.39908485,1.092977386,4.8475945
run_v2_000572,3.4,1.1,0.001,0.08,500,30,80,1,15,50,42042.81464,84.08562928,31.17944336,99.91770526,0,326.5241699,94.5,119.4924648,108.5,65.64236177,1.034197153,4.592926206
run_v2_000573,3.4,1.1,0.001,0.08,500,30,85,1,15,50,34835.48529,69.67097059,27.32856941,80.01397053,0,258.5458679,85.5,125.371917,114.5,68.02728586,1.007353188,4.493185616
run_v2_000574,3.4,1.1,0.001,0.08,500,30,90,1,15,50,29027.06201,58.05412402,28.18664169,64.0229304,0,213.2105713,92.5,131.0698528,120.5,70.17059851,0.9295346159,4.226040518
run_v2_000575,3.4,1.1,0.001,0.08,500,30,95,1,15,50,24978.33088,49.95666176,24.71361637,53.43495569,0,177.2185669,111.5,135.8462836,125.5,72.11438082,0.9017503469,4.141493545
run_v2_000576,3.4,1.1,0.001,0.08,500,30,100,1,15,50,21623.03897,43.24607794,23.34566021,44.36080624,0,145.8679962,86.5,140.8651638,130.5,74.95070395,0.8582746392,3.939940771
run_v2_000577,3.4,1.1,0.0015,0.08,500,30,60,1,15,50,130705.4288,261.4108576,24.70580101,412.2568084,0,1387.279663,46.5,79.49990169,69.5,49.02320915,1.455776025,6.718727059
run_v2_000578,3.4,1.1,0.0015,0.08,500,30,65,1,15,50,86740.61627,173.4812325,27.08683014,247.9974022,0,809.3866577,62.5,91.93113985,81.5,54.33742493,1.283255732,5.797298156
run_v2_000579,3.4,1.1,0.0015,0.08,500,30,70,1,15,50,63241.29462,126.4825892,27.83728123,168.3493586,0,540.954834,77.5,102.2667422,91.5,58.80995705,1.207214127,5.418232657
run_v2_000580,3.4,1.1,0.0015,0.08,500,30,75,1,15,50,48941.39966,97.88279933,27.53953362,123.949269,0,385.7528687,79.5,109.782338,99.5,61.42933723,1.1111585,4.998366483
run_v2_000581,3.4,1.1,0.0015,0.08,500,30,80,1,15,50,39551.34524,79.10269048,27.19306564,95.42212984,0,305.9723206,97.5,117.2228454,106.5,64.35406565,1.053480864,4.815048208
run_v2_000582,3.4,1.1,0.0015,0.08,500,30,85,1,15,50,32327.91973,64.65583946,26.54533482,74.88460901,0,239.4691772,94.5,123.4766045,113.5,67.26103641,1.013288409,4.545317032
run_v2_000583,3.4,1.1,0.0015,0.08,500,30,90,1,15,50,26997.01953,53.99403905,22.80482578,60.41637448,0,191.375885,106.5,128.755529,118.5,69.03598445,0.9472902292,4.336751606
run_v2_000584,3.4,1.1,0.0015,0.08,500,30,95,1,15,50,22933.22678,45.86645356,21.66544914,49.49465435,0,160.4405823,91.5,134.3782575,124.5,71.22824551,0.900944758,4.192907981
run_v2_000585,3.4,1.1,0.0015,0.08,500,30,100,1,15,50,19713.56481,39.42712962,18.81615067,41.47956407,0,141.8204346,110.5,139.0117909,128.5,73.14619445,0.8771888237,4.091394448
run_v2_000586,3.4,1.1,0.002,0.08,500,30,60,1,15,50,125665.6217,251.3312435,21.86320782,400.2751946,0,1328.182373,49.5,78.26745802,68.5,48.26497784,1.43882003,6.635895502
run_v2_000587,3.4,1.1,0.002,0.08,500,30,65,1,15,50,82711.62573,165.4232515,22.22694874,239.9039135,0,780.9909668,74.5,90.43239981,80.5,53.2131925,1.275743593,5.765984586
run_v2_000588,3.4,1.1,0.002,0.08,500,30,70,1,15,50,60244.99047,120.4899809,23.80435562,163.0998445,0,517.0211182,69.5,100.0351194,89.5,57.17571333,1.167456726,5.218122292
run_v2_000589,3.4,1.1,0.002,0.08,500,30,75,1,15,50,45971.25482,91.94250964,23.2597084,117.9827065,0,388.7390442,83.5,108.1864624,98.5,60.5082551,1.116182798,5.058356087
run_v2_000590,3.4,1.1,0.002,0.08,500,30,80,1,15,50,37038.2534,74.07650681,23.60227776,90.5904922,0,296.5982666,83.5,114.9319509,104.5,63.28770672,1.036701013,4.675041102
run_v2_000591,3.4,1.1,0.002,0.08,500,30,85,1,15,50,30331.1399,60.66227979,22.42277336,71.34506292,0,226.9716797,96.5,121.6009376,111.5,65.69953517,0.9846198931,4.497115646
run_v2_000592,3.4,1.1,0.002,0.08,500,30,90,1,15,50,25433.05438,50.86610877,22.70307064,57.35652462,0,190.9181671,102.5,126.7917819,116.5,68.3667602,0.9326439741,4.276851982
run_v2_000593,3.4,1.1,0.002,0.08,500,30,95,1,15,50,21282.50549,42.56501098,17.8674345,46.48351063,0,153.4072571,105.5,132.0107826,122.5,70.37522791,0.8981946668,4.145516915
run_v2_000594,3.4,1.1,0.002,0.08,500,30,100,1,15,50,18162.13608,36.32427215,18.56067562,38.55482703,0,124.4209518,119.5,136.0889974,126.5,72.03800139,0.8465108578,3.959874726
run_v2_000595,3.4,1.1,0.0025,0.08,500,30,60,1,15,50,121089.2419,242.1784838,19.81491756,389.2496985,0,1309.074341,53.5,77.43141324,68.5,47.45943073,1.443800063,6.7612556
run_v2_000596,3.4,1.1,0.0025,0.08,500,30,65,1,15,50,78922.58768,157.8451754,19.59203339,231.6549518,0,751.9804688,64.5,88.98439662,79.5,52.53372256,1.306510861,5.951936607
run_v2_000597,3.4,1.1,0.0025,0.08,500,30,70,1,15,50,56931.98916,113.8639783,20.85368729,156.1584422,0,496.194519,54.5,98.24312269,88.5,56.19364991,1.176546089,5.301623784
run_v2_000598,3.4,1.1,0.0025,0.08,500,30,75,1,15,50,43989.6257,87.97925139,20.15925694,113.9069937,0,363.7867126,92.5,106.4855112,96.5,59.49611255,1.108674985,5.076168509
run_v2_000599,3.4,1.1,0.0025,0.08,500,30,80,1,15,50,34666.40581,69.33281162,21.14605808,85.18395319,0,281.6653748,81.5,114.1943159,104.5,62.63645246,1.017062929,4.632354255
run_v2_000600,3.4,1.1,0.0025,0.08,500,30,85,1,15,50,28350.68255,56.7013651,20.74730682,67.42824452,0,219.1641083,87.5,119.2503852,109.5,64.55348693,0.9697858346,4.454691939
run_v2_000601,3.4,1.1,0.0025,0.08,500,30,90,1,15,50,23450.24969,46.90049938,18.92544842,53.71439573,0,170.2393951,84.5,123.9594425,114.5,67.13777126,0.9514587288,4.419990244
run_v2_000602,3.4,1.1,0.0025,0.08,500,30,95,1,15,50,19792.00593,39.58401187,17.17011833,44.08524096,0,147.7021179,91.5,129.3395573,119.5,68.82513654,0.896220666,4.171809066
run_v2_000603,3.4,1.1,0.0025,0.08,500,30,100,1,15,50,16909.9429,33.81988579,16.73168659,36.13577857,0,115.4672012,96.5,133.4988213,123.5,71.37266731,0.8555065616,4.042240101
run_v2_000604,3.4,1.1,0.003,0.08,500,30,60,1,15,50,115718.3832,231.4367663,17.53774452,375.4021545,0,1273.591919,47.5,76.31201057,67.5,46.76723774,1.424697978,6.581491074
run_v2_000605,3.4,1.1,0.003,0.08,500,30,65,1,15,50,75149.80594,150.2996119,16.61592388,222.6105486,0,725.8629761,62.5,87.64411301,78.5,51.49829944,1.26178035,5.721863886
run_v2_000606,3.4,1.1,0.003,0.08,500,30,70,1,15,50,53962.09726,107.9241945,20.18253899,149.5752401,0,470.7011108,68.5,96.93168846,87.5,55.3620333,1.179890984,5.353907914
run_v2_000607,3.4,1.1,0.003,0.08,500,30,75,1,15,50,41105.93151,82.21186303,19.26424599,107.8512654,0,365.4703064,71.5,104.8161508,95.5,58.32059316,1.082674387,4.953742651
run_v2_000608,3.4,1.1,0.003,0.08,500,30,80,1,15,50,32471.50076,64.94300152,19.07113838,81.26142659,0,269.4107361,76.5,111.3319185,101.5,61.46846137,1.036263984,4.708598181
run_v2_000609,3.4,1.1,0.003,0.08,500,30,85,1,15,50,26539.2757,53.07855141,17.01504803,63.67793101,0,205.5821533,81.5,117.2669644,107.5,63.65961965,0.9589064613,4.413825676
run_v2_000610,3.4,1.1,0.003,0.08,500,30,90,1,15,50,21993.77024,43.98754048,17.03525829,51.24642994,0,170.5319824,88.5,122.5135627,112.5,65.9528899,0.9510467455,4.406668824
run_v2_000611,3.4,1.1,0.003,0.08,500,30,95,1,15,50,18414.69471,36.82938943,15.98056459,41.45614692,0,141.3108215,83.5,127.4395241,117.5,67.76939192,0.8769570882,4.11105065
run_v2_000612,3.4,1.1,0.003,0.08,500,30,100,1,15,50,15539.88582,31.07977164,15.29453278,34.01602983,0,112.0570908,92.5,131.608389,121.5,69.93552473,0.8667420891,4.082131005
run_v2_000613,3.4,1.1,0.0035,0.08,500,30,60,1,15,50,110576.0239,221.1520478,14.78298473,362.7004272,0,1227.45813,48.5,75.18979183,66.5,45.94127773,1.419749228,6.581460488
run_v2_000614,3.4,1.1,0.0035,0.08,500,30,65,1,15,50,71777.11493,143.5542299,16.30185032,214.1737013,0,713.4748535,52.5,86.78356245,77.5,50.89264709,1.252809542,5.679023571
run_v2_000615,3.4,1.1,0.0035,0.08,500,30,70,1,15,50,51344.30039,102.6886008,17.36295128,143.7341516,0,456.9978333,69.5,95.74235382,86.5,54.43960368,1.163891167,5.288181251
run_v2_000616,3.4,1.1,0.0035,0.08,500,30,75,1,15,50,39036.96536,78.07393071,17.68956089,103.4487287,0,324.3970642,83.5,103.2902832,94.5,57.46623887,1.077421134,4.912933109
run_v2_000617,3.4,1.1,0.0035,0.08,500,30,80,1,15,50,30542.09962,61.08419925,16.29854202,77.46580678,0,248.5509338,75.5,109.7763116,100.5,60.12496844,1.019344802,4.675247612
run_v2_000618,3.4,1.1,0.0035,0.08,500,30,85,1,15,50,24869.61484,49.73922967,16.13385868,60.73344911,0,192.6236725,89.5,115.2913006,105.5,62.48301702,0.9715587727,4.491017261
run_v2_000619,3.4,1.1,0.0035,0.08,500,30,90,1,15,50,20442.53014,40.88506029,15.34815836,47.82464783,0,153.2965088,76.5,120.9621432,111.5,65.12993352,0.9229187987,4.319468907
run_v2_000620,3.4,1.1,0.0035,0.08,500,30,95,1,15,50,17100.21119,34.20042238,14.2182579,38.82710723,0,129.2936859,115.5,125.3832892,115.5,66.97360528,0.8730197559,4.115779915
run_v2_000621,3.4,1.1,0.0035,0.08,500,30,100,1,15,50,14601.11551,29.20223101,13.59217405,32.4712392,0,110.3930283,84.5,128.6698744,118.5,68.97207767,0.8991518358,4.207840227
run_v2_000622,3.4,1.1,0.004,0.08,500,30,60,1,15,50,107141.0203,214.2820407,14.06418514,354.0614297,0,1211.10022,46.5,74.04084122,65.5,45.29934651,1.406709382,6.543822576
run_v2_000623,3.4,1.1,0.004,0.08,500,30,65,1,15,50,68706.75094,137.4135019,14.66348934,207.6154841,0,680.8012085,47.5,85.05560086,76.5,49.8602542,1.257985497,5.80440736
run_v2_000624,3.4,1.1,0.004,0.08,500,30,70,1,15,50,49106.17906,98.21235812,14.87700891,139.4059615,0,447.0823669,68.5,93.95873185,84.5,53.46983351,1.161111172,5.278336075
run_v2_000625,3.4,1.1,0.004,0.08,500,30,75,1,15,50,36793.17518,73.58635036,13.68211985,98.59694011,0,322.2203064,66.5,101.6944723,92.5,56.6483099,1.084780607,4.993919755
run_v2_000626,3.4,1.1,0.004,0.08,500,30,80,1,15,50,28984.36126,57.96872252,15.56540585,74.13931523,0,242.485321,73.5,108.3616221,98.5,59.57888958,1.012056805,4.597908652
run_v2_000627,3.4,1.1,0.004,0.08,500,30,85,1,15,50,23092.31684,46.18463369,15.56838036,56.56919508,0,181.1391754,70.5,113.9808383,104.5,62.19287026,0.9655271517,4.451446431
run_v2_000628,3.4,1.1,0.004,0.08,500,30,90,1,15,50,19229.88326,38.45976653,14.34188318,46.11815409,0,148.7980804,90.5,118.0712487,108.5,63.64237816,0.9309635698,4.302704221
run_v2_000629,3.4,1.1,0.004,0.08,500,30,95,1,15,50,15896.17089,31.79234177,12.70669222,36.6208471,0,113.802002,76.5,123.3875417,114.5,65.94209251,0.8907822924,4.267710847
run_v2_000630,3.4,1.1,0.004,0.08,500,30,100,1,15,50,13571.04418,27.14208837,11.3618803,30.63678099,0,97.3312149,78.5,127.4602548,118.5,67.54615967,0.8848248765,4.202683607
run_v2_000631,3.4,1.1,0.0045,0.08,500,30,60,1,15,50,103224.8194,206.4496389,12.76890373,345.2122284,0,1192.071899,53.5,73.08929775,64.5,44.39957165,1.392367659,6.450472546
run_v2_000632,3.4,1.1,0.0045,0.08,500,30,65,1,15,50,66057.47711,132.1149542,13.58021879,201.8345665,0,669.1467896,52.5,83.88704912,75.5,49.05427375,1.240274201,5.657170419
run_v2_000633,3.4,1.1,0.0045,0.08,500,30,70,1,15,50,46518.28715,93.03657431,12.82903099,133.4479407,0,430.0244141,66.5,92.70712644,83.5,52.59898084,1.156292002,5.275906605
run_v2_000634,3.4,1.1,0.0045,0.08,500,30,75,1,15,50,34875.02141,69.75004282,14.03787804,94.40939293,0,305.4729614,69.5,100.476551,91.5,55.81548141,1.06795128,4.91729356
run_v2_000635,3.4,1.1,0.0045,0.08,500,30,80,1,15,50,27039.78318,54.07956636,13.93561745,69.98837254,0,226.4725189,81.5,106.6343409,97.5,58.62471588,1.01219296,4.63955464
run_v2_000636,3.4,1.1,0.0045,0.08,500,30,85,1,15,50,21787.44158,43.57488317,13.1371212,54.42255106,0,172.8173981,100.5,112.1996882,102.5,60.80380298,0.9784595136,4.555502406
run_v2_000637,3.4,1.1,0.0045,0.08,500,30,90,1,15,50,17941.90727,35.88381453,11.80245781,43.49230392,0,147.9691772,98.5,116.310292,106.5,62.91479138,0.945943288,4.419005997
run_v2_000638,3.4,1.1,0.0045,0.08,500,30,95,1,15,50,14938.67636,29.87735271,11.47615528,34.78234387,0,109.8971939,93.5,121.4194644,112.5,65.13079213,0.8796440483,4.15847141
run_v2_000639,3.4,1.1,0.0045,0.08,500,30,100,1,15,50,12458.57948,24.91715896,11.16142082,28.29420114,0,94.64794922,100.5,125.5794193,116.5,66.84075301,0.8478359573,4.038540389
run_v2_000640,3.4,1.1,0.005,0.08,500,30,60,1,15,50,99785.17143,199.5703429,10.20465946,336.3314023,0,1138.341675,48.5,71.89189551,63.5,43.68144338,1.369178814,6.335973688
run_v2_000641,3.4,1.1,0.005,0.08,500,30,65,1,15,50,62797.52303,125.5950461,11.2521534,193.9640854,0,623.6074829,61.5,82.76486283,74.5,48.46621724,1.258999867,5.755041853
run_v2_000642,3.4,1.1,0.005,0.08,500,30,70,1,15,50,44007.45331,88.01490662,12.21532726,127.3952324,0,422.5336304,73.5,91.46245723,82.5,51.8511752,1.140608974,5.213792821
run_v2_000643,3.4,1.1,0.005,0.08,500,30,75,1,15,50,32961.36521,65.92273042,11.82452393,89.85886827,0,295.530365,68.5,99.09355434,89.5,55.35843939,1.0686684,4.910818057
run_v2_000644,3.4,1.1,0.005,0.08,500,30,80,1,15,50,25604.21608,51.20843217,13.03448677,67.02228092,0,222.1005859,76.5,105.1640043,96.5,57.72827737,1.012705498,4.678248707
run_v2_000645,3.4,1.1,0.005,0.08,500,30,85,1,15,50,20373.96761,40.74793522,11.00037622,51.51270585,0,164.4445038,76.5,110.3643861,101.5,59.74552872,0.9581900014,4.466250807
run_v2_000646,3.4,1.1,0.005,0.08,500,30,90,1,15,50,16764.12062,33.52824124,10.70263815,40.90283824,0,140.0872192,79.5,114.6923027,105.5,62.18111443,0.9464085997,4.466267358
run_v2_000647,3.4,1.1,0.005,0.08,500,30,95,1,15,50,14063.61923,28.12723845,10.81910467,33.19713259,0,111.3271713,78.5,119.2663,110.5,63.80816895,0.8589214727,4.121379969
run_v2_000648,3.4,1.1,0.005,0.08,500,30,100,1,15,50,11484.10943,22.96821887,9.545393467,26.45983924,0,90.86148834,86.5,122.8746551,113.5,65.9161927,0.8612449307,4.06124775
run_v2_000649,3.4,1.1,0.001,0.09,500,30,60,1,15,50,137212.9617,274.4259233,19.93070889,448.2748356,0,1496.001099,49.5,76.03924525,66.5,46.8957256,1.478693725,6.848839404
run_v2_000650,3.4,1.1,0.001,0.09,500,30,65,1,15,50,91622.11727,183.2442345,25.1384325,270.918488,0,884.1268921,65.5,88.10577379,78.5,52.26152509,1.316941168,5.939645487
run_v2_000651,3.4,1.1,0.001,0.09,500,30,70,1,15,50,67540.62012,135.0812402,25.07189369,187.5500671,0,621.1355591,74.5,97.59445499,87.5,56.14338413,1.265367181,5.752638557
run_v2_000652,3.4,1.1,0.001,0.09,500,30,75,1,15,50,52725.93781,105.4518756,25.92233753,138.0739341,0,461.8450317,77.5,105.4961891,95.5,59.41551629,1.16885063,5.314333836
run_v2_000653,3.4,1.1,0.001,0.09,500,30,80,1,15,50,42287.72006,84.57544013,24.68147755,105.5237018,0,335.4867554,94.5,112.1862201,102.5,61.56538014,1.044285703,4.791912591
run_v2_000654,3.4,1.1,0.001,0.09,500,30,85,1,15,50,35181.0844,70.36216879,25.14231014,84.61212402,0,276.0473938,77.5,118.2023379,108.5,63.96866037,0.9822515892,4.465118558
run_v2_000655,3.4,1.1,0.001,0.09,500,30,90,1,15,50,29454.07831,58.90815662,24.11691761,68.10403393,0,227.280899,92.5,124.0771364,114.5,66.63208308,0.9560813269,4.407269793
run_v2_000656,3.4,1.1,0.001,0.09,500,30,95,1,15,50,25030.7482,50.0614964,22.51867676,56.16511428,0,180.865097,115.5,128.6555191,119.5,68.38919905,0.9174930981,4.306525409
run_v2_000657,3.4,1.1,0.001,0.09,500,30,100,1,15,50,21495.77456,42.99154912,21.48837757,46.6135993,0,165.6745148,102.5,133.1846813,123.5,70.45648814,0.8654963647,4.082775293
run_v2_000658,3.4,1.1,0.0015,0.09,500,30,60,1,15,50,131900.5691,263.8011382,20.47276878,435.7121701,0,1470.582764,47.5,74.76364662,65.5,46.05659281,1.467423097,6.789211995
run_v2_000659,3.4,1.1,0.0015,0.09,500,30,65,1,15,50,87541.91595,175.0838319,21.12039471,263.1590753,0,860.1032104,62.5,86.54333222,77.5,50.8921354,1.316480443,6.056684607
run_v2_000660,3.4,1.1,0.0015,0.09,500,30,70,1,15,50,63842.31794,127.6846359,22.08987427,179.204348,0,570.104126,73.5,96.21057404,86.5,54.94914713,1.22280923,5.526812628
run_v2_000661,3.4,1.1,0.0015,0.09,500,30,75,1,15,50,49722.63987,99.44527973,22.81128597,131.7155834,0,417.0222168,82.5,103.6843052,93.5,58.07026357,1.132314484,5.19361789
run_v2_000662,3.4,1.1,0.0015,0.09,500,30,80,1,15,50,39875.75473,79.75150945,21.64346504,100.7626101,0,331.0618591,81.5,110.8433181,101.5,61.07796283,1.068880798,4.858485223
run_v2_000663,3.4,1.1,0.0015,0.09,500,30,85,1,15,50,32698.09873,65.39619746,21.05834198,79.371025,0,247.9498291,84.5,116.2659345,106.5,62.99711448,0.9903860476,4.61898159
run_v2_000664,3.4,1.1,0.0015,0.09,500,30,90,1,15,50,27172.53073,54.34506147,21.34703541,63.45678939,0,216.7431793,96.5,122.3960329,112.5,65.43365262,0.925563117,4.327164945
run_v2_000665,3.4,1.1,0.0015,0.09,500,30,95,1,15,50,23175.54599,46.35109198,18.76852131,52.43274308,0,162.4726715,109.5,126.4450592,117.5,67.57747823,0.9197955813,4.365337254
run_v2_000666,3.4,1.1,0.0015,0.09,500,30,100,1,15,50,19912.36978,39.82473957,18.74057293,43.97187093,0,160.6302643,99.5,130.6763821,121.5,69.59617047,0.8923283275,4.183402422
run_v2_000667,3.4,1.1,0.002,0.09,500,30,60,1,15,50,126650.1817,253.3003634,16.6798296,420.7638441,0,1456.738525,54.5,74.07399552,65.5,45.4597624,1.458061614,6.806086181
run_v2_000668,3.4,1.1,0.002,0.09,500,30,65,1,15,50,83471.67019,166.9433404,18.98804855,252.8038201,0,851.4334717,60.5,85.56891766,76.5,50.31430479,1.310166184,5.994099836
run_v2_000669,3.4,1.1,0.002,0.09,500,30,70,1,15,50,60762.24289,121.5244858,20.30849361,172.044429,0,562.2990723,65.5,94.60115862,85.5,53.95036962,1.192620108,5.43500328
run_v2_000670,3.4,1.1,0.002,0.09,500,30,75,1,15,50,46772.27361,93.54454722,20.25089359,125.2547382,0,399.2119141,72.5,102.0299525,92.5,57.39368965,1.146664855,5.271496808
run_v2_000671,3.4,1.1,0.002,0.09,500,30,80,1,15,50,37618.24471,75.23648942,19.74546909,96.50142348,0,321.0838013,79.5,108.7956327,99.5,59.58357196,1.042149087,4.798154449
run_v2_000672,3.4,1.1,0.002,0.09,500,30,85,1,15,50,30347.81889,60.69563778,19.29536915,74.68595416,0,240.7754669,80.5,114.7259227,105.5,62.25691022,1.003443926,4.663350409
run_v2_000673,3.4,1.1,0.002,0.09,500,30,90,1,15,50,25781.48138,51.56296275,18.28842926,61.41480438,0,206.4896851,93.5,120.1383964,110.5,64.3472311,0.9628710798,4.472508322
run_v2_000674,3.4,1.1,0.002,0.09,500,30,95,1,15,50,21601.77805,43.2035561,17.55892658,49.34277785,0,152.6961517,87.5,124.8563383,115.5,66.567773,0.8915815379,4.240886341
run_v2_000675,3.4,1.1,0.002,0.09,500,30,100,1,15,50,18402.4422,36.80488441,15.30377769,40.8992967,0,135.1552277,91.5,128.8883994,119.5,68.67182146,0.8781429163,4.187649071
run_v2_000676,3.4,1.1,0.0025,0.09,500,30,60,1,15,50,121613.0861,243.2261722,14.67007923,408.5092643,0,1399.640381,50.5,72.75773204,64.5,44.67142003,1.464162229,6.860155571
run_v2_000677,3.4,1.1,0.0025,0.09,500,30,65,1,15,50,80097.11888,160.1942378,16.13000822,244.8601484,0,822.8809204,68.5,84.25047334,75.5,49.53556044,1.307755813,6.030085103
run_v2_000678,3.4,1.1,0.0025,0.09,500,30,70,1,15,50,57918.67815,115.8373563,17.55143929,165.5045796,0,542.1691284,73.5,93.34677213,84.5,53.26720735,1.188969467,5.418201845
run_v2_000679,3.4,1.1,0.0025,0.09,500,30,75,1,15,50,44566.40638,89.13281275,18.19153023,121.02218,0,391.9645081,73.5,100.4431664,91.5,55.99881749,1.1076102,5.0973508
run_v2_000680,3.4,1.1,0.0025,0.09,500,30,80,1,15,50,35413.61896,70.82723792,15.84476137,91.63737013,0,296.6064148,83.5,107.6335786,98.5,58.90724966,1.043033478,4.809660004
run_v2_000681,3.4,1.1,0.0025,0.09,500,30,85,1,15,50,28355.31483,56.71062966,17.88489819,70.39514907,0,229.9804382,104.5,113.2347144,104.5,61.41804011,0.9894022061,4.620130395
run_v2_000682,3.4,1.1,0.0025,0.09,500,30,90,1,15,50,23803.42944,47.60685888,16.36542892,57.37695083,0,188.928009,88.5,117.7309424,108.5,63.43546002,0.9627186597,4.524105397
run_v2_000683,3.4,1.1,0.0025,0.09,500,30,95,1,15,50,20270.2848,40.54056961,16.71737576,47.16395807,0,161.8813934,101.5,122.6611082,113.5,65.43813094,0.9064414858,4.28989938
run_v2_000684,3.4,1.1,0.0025,0.09,500,30,100,1,15,50,16977.42623,33.95485247,14.19474459,38.30721787,0,126.9149399,105.5,126.6248829,116.5,67.43387228,0.8696257838,4.118075231
run_v2_000685,3.4,1.1,0.003,0.09,500,30,60,1,15,50,117563.1762,235.1263524,12.19137001,398.85109,0,1375.83313,55.5,71.91959396,63.5,43.84469282,1.437943453,6.723639583
run_v2_000686,3.4,1.1,0.003,0.09,500,30,65,1,15,50,76610.53926,153.2210785,13.56636333,237.3982079,0,793.961853,58.5,82.9457984,74.5,48.59080837,1.309040218,6.059357116
run_v2_000687,3.4,1.1,0.003,0.09,500,30,70,1,15,50,54743.29799,109.486596,14.34145212,158.5553741,0,511.6127625,58.5,91.53702918,82.5,52.32373535,1.196270025,5.46407724
run_v2_000688,3.4,1.1,0.003,0.09,500,30,75,1,15,50,41599.27536,83.19855072,16.96900558,114.0522104,0,374.8849792,78.5,99.27891057,90.5,55.41657646,1.110533008,5.068681572
run_v2_000689,3.4,1.1,0.003,0.09,500,30,80,1,15,50,33206.63294,66.41326588,16.30542278,87.08571172,0,275.3814697,76.5,105.6711221,96.5,58.05035521,1.054312213,4.873893421
run_v2_000690,3.4,1.1,0.003,0.09,500,30,85,1,15,50,27161.91951,54.32383902,15.16568995,68.47123701,0,223.4718475,95.5,110.7192091,101.5,60.0629573,0.9707809851,4.515617754
run_v2_000691,3.4,1.1,0.003,0.09,500,30,90,1,15,50,22294.38891,44.58877781,15.04100037,54.22837078,0,172.6996155,95.5,116.2958627,107.5,62.51569121,0.9521713362,4.475033589
run_v2_000692,3.4,1.1,0.003,0.09,500,30,95,1,15,50,18826.76417,37.65352835,14.37213945,44.16749017,0,159.1650696,104.5,120.8296157,112.5,64.46506753,0.8737620877,4.190158668
run_v2_000693,3.4,1.1,0.003,0.09,500,30,100,1,15,50,15723.14159,31.44628318,12.81770563,36.21032585,0,119.9770126,113.5,125.0236124,116.5,66.12218146,0.8792965873,4.200277862
run_v2_000694,3.4,1.1,0.0035,0.09,500,30,60,1,15,50,113058.3436,226.1166872,11.63527298,386.2726489,0,1341.236938,39.5,71.03202463,62.5,43.23101059,1.428089736,6.706514923
run_v2_000695,3.4,1.1,0.0035,0.09,500,30,65,1,15,50,72768.54078,145.5370816,11.77781868,226.8094478,0,778.2633667,57.5,81.93798702,73.5,47.98087526,1.266619033,5.766904119
run_v2_000696,3.4,1.1,0.0035,0.09,500,30,70,1,15,50,52436.0875,104.872175,13.13214207,153.7358151,0,499.8691711,74.5,90.56494469,81.5,51.32139129,1.184492465,5.445951067
run_v2_000697,3.4,1.1,0.0035,0.09,500,30,75,1,15,50,39741.14092,79.48228183,13.49751329,110.0569933,0,366.8401489,77.5,97.86282235,89.5,54.49988323,1.106542825,5.121438889
run_v2_000698,3.4,1.1,0.0035,0.09,500,30,80,1,15,50,31202.70145,62.40540289,12.72392559,82.66846963,0,262.6991882,70.5,103.9698599,95.5,57.01080722,1.033338479,4.769939175
run_v2_000699,3.4,1.1,0.0035,0.09,500,30,85,1,15,50,25265.2902,50.5305804,14.44431162,64.68816817,0,212.9995575,80.5,109.9574732,101.5,59.29720857,0.9949600792,4.622409443
run_v2_000700,3.4,1.1,0.0035,0.09,500,30,90,1,15,50,20982.9513,41.96590261,13.68936014,51.84208473,0,168.2515869,100.5,113.800438,104.5,61.2702118,0.9508589838,4.504880305
run_v2_000701,3.4,1.1,0.0035,0.09,500,30,95,1,15,50,17574.07213,35.14814426,12.11709023,41.96836965,0,133.1336517,78.5,118.6186335,109.5,63.19317886,0.8884429841,4.265618347
run_v2_000702,3.4,1.1,0.0035,0.09,500,30,100,1,15,50,14779.8599,29.55971981,12.71328974,34.17075956,0,117.3479996,107.5,122.5539069,113.5,65.67612726,0.8593661906,4.086401363
run_v2_000703,3.4,1.1,0.004,0.09,500,30,60,1,15,50,109221.2297,218.4424594,9.534880161,377.085169,0,1297.887939,51.5,69.98737495,61.5,42.4942717,1.424572073,6.71371113
run_v2_000704,3.4,1.1,0.004,0.09,500,30,65,1,15,50,70237.01983,140.4740397,11.44491339,221.1731094,0,745.2435303,54.5,80.80363306,72.5,47.16499541,1.2537075,5.718701455
run_v2_000705,3.4,1.1,0.004,0.09,500,30,70,1,15,50,50090.35366,100.1807073,12.13459587,147.4076098,0,492.9840393,67.5,89.22599395,80.5,50.82312241,1.15932128,5.317999949
run_v2_000706,3.4,1.1,0.004,0.09,500,30,75,1,15,50,37780.23422,75.56046843,12.41282272,105.2319752,0,344.7556458,72.5,96.34686331,87.5,53.91742992,1.090139967,5.040730431
run_v2_000707,3.4,1.1,0.004,0.09,500,30,80,1,15,50,29663.45534,59.32691068,13.24425507,79.85897006,0,258.8127747,67.5,102.4061361,94.5,55.8965601,1.042632169,4.86102741
run_v2_000708,3.4,1.1,0.004,0.09,500,30,85,1,15,50,23741.49091,47.48298183,11.70372009,60.83234836,0,190.9502258,93.5,108.1877322,99.5,58.81659456,0.9794455413,4.599242727
run_v2_000709,3.4,1.1,0.004,0.09,500,30,90,1,15,50,19456.81456,38.91362912,11.81584978,48.60818275,0,161.9671326,100.5,113.3506102,104.5,60.75912232,0.9481891019,4.424594741
run_v2_000710,3.4,1.1,0.004,0.09,500,30,95,1,15,50,16231.18427,32.46236853,11.00295115,38.98488507,0,123.9560242,80.5,117.3921617,108.5,62.75850992,0.8914616947,4.273753398
run_v2_000711,3.4,1.1,0.004,0.09,500,30,100,1,15,50,13699.13653,27.39827305,11.39452267,32.231466,0,111.2840118,104.5,120.6328046,111.5,64.46557245,0.8747923863,4.160626864
run_v2_000712,3.4,1.1,0.0045,0.09,500,30,60,1,15,50,105541.9035,211.083807,8.668657303,366.3145639,0,1269.668457,49.5,69.20287504,61.5,41.9721503,1.406006258,6.612606776
run_v2_000713,3.4,1.1,0.0045,0.09,500,30,65,1,15,50,67141.14197,134.2822839,10.3904109,213.6980007,0,717.8643188,63.5,79.51707494,71.5,46.43822566,1.269858395,5.871404114
run_v2_000714,3.4,1.1,0.0045,0.09,500,30,70,1,15,50,47526.29931,95.05259862,10.08335924,141.94056,0,472.4292297,66.5,87.81437685,79.5,49.86692433,1.171616739,5.375779106
run_v2_000715,3.4,1.1,0.0045,0.09,500,30,75,1,15,50,35468.24103,70.93648205,11.10044479,100.0802008,0,328.3084412,84.5,94.95915487,86.5,52.92930584,1.081310921,5.023461836
run_v2_000716,3.4,1.1,0.0045,0.09,500,30,80,1,15,50,27731.5136,55.46302721,10.66848469,74.86702275,0,252.085434,82.5,100.8986515,92.5,55.50454058,1.021306059,4.733783654
run_v2_000717,3.4,1.1,0.0045,0.09,500,30,85,1,15,50,22239.46383,44.47892766,10.45543146,57.72256524,0,185.11409,90.5,106.3931554,97.5,57.95106947,0.9813456834,4.593903968
run_v2_000718,3.4,1.1,0.0045,0.09,500,30,90,1,15,50,18335.47824,36.67095647,9.626257896,45.86572269,0,152.921936,89.5,111.3171642,102.5,59.95976617,0.9100540383,4.311879881
run_v2_000719,3.4,1.1,0.0045,0.09,500,30,95,1,15,50,15302.04194,30.60408388,9.718314171,37.10130748,0,118.1926117,80.5,115.1691632,106.5,61.93818921,0.8819654236,4.237635779
run_v2_000720,3.4,1.1,0.0045,0.09,500,30,100,1,15,50,12593.30791,25.18661581,9.268965244,29.94080713,0,100.3733826,112.5,119.7848034,111.5,63.59184969,0.8737648338,4.209628762
run_v2_000721,3.4,1.1,0.005,0.09,500,30,60,1,15,50,101780.617,203.5612341,6.972696543,356.5780519,0,1241.737793,46.5,68.33992619,60.5,41.24733298,1.383267895,6.467033115
run_v2_000722,3.4,1.1,0.005,0.09,500,30,65,1,15,50,64038.5801,128.0771602,8.674536705,205.2047455,0,698.2062988,58.5,78.56349943,70.5,45.80240964,1.254248378,5.821618621
run_v2_000723,3.4,1.1,0.005,0.09,500,30,70,1,15,50,45200.05369,90.40010738,9.26321125,135.3774537,0,443.5265503,52.5,87.09401721,78.5,49.43471982,1.144221345,5.275795562
run_v2_000724,3.4,1.1,0.005,0.09,500,30,75,1,15,50,33595.28662,67.19057323,9.481449604,95.63428228,0,320.3464661,70.5,93.71907149,85.5,52.14789482,1.061711164,4.874238068
run_v2_000725,3.4,1.1,0.005,0.09,500,30,80,1,15,50,26293.98802,52.58797604,9.867602825,71.74159106,0,240.3105164,76.5,99.72364012,91.5,54.85032254,1.035170988,4.865936742
run_v2_000726,3.4,1.1,0.005,0.09,500,30,85,1,15,50,21167.82816,42.33565631,9.287953854,55.54875762,0,179.3100891,82.5,104.9464327,96.5,56.77691143,0.9528879257,4.499421439
run_v2_000727,3.4,1.1,0.005,0.09,500,30,90,1,15,50,17095.44177,34.19088355,9.514321327,43.08609975,0,139.7586365,94.5,109.6429969,101.5,59.45238245,0.9197699915,4.387455097
run_v2_000728,3.4,1.1,0.005,0.09,500,30,95,1,15,50,14212.65651,28.42531301,8.280840874,35.33293877,0,119.7163467,71.5,113.1506107,104.5,60.66812069,0.91126112,4.294280254
run_v2_000729,3.4,1.1,0.005,0.09,500,30,100,1,15,50,12057.38122,24.11476244,8.15712738,28.95856063,0,96.83382416,85.5,116.8058965,108.5,62.53551032,0.8581973367,4.121466413
run_v2_000730,3.4,1.1,0.001,0.1,500,30,60,1,15,50,137991.7562,275.9835124,15.8057065,468.7212518,0,1615.202393,43.5,72.02036851,63.5,44.36985572,1.504335924,7.035883756
run_v2_000731,3.4,1.1,0.001,0.1,500,30,65,1,15,50,92176.2886,184.3525772,18.95163822,285.3964258,0,957.7980347,66.5,83.51304524,74.5,49.45770607,1.38799049,6.470524085
run_v2_000732,3.4,1.1,0.001,0.1,500,30,70,1,15,50,67896.80242,135.7936048,19.54915428,196.0762255,0,635.9992676,58.5,92.62933414,83.5,52.86450686,1.226805451,5.629855951
run_v2_000733,3.4,1.1,0.001,0.1,500,30,75,1,15,50,52958.87751,105.917755,19.32424545,144.8574179,0,487.8849182,74.5,100.1899836,90.5,55.8839669,1.144221241,5.269732577
run_v2_000734,3.4,1.1,0.001,0.1,500,30,80,1,15,50,42657.59933,85.31519865,20.22272778,111.1314206,0,374.5256958,74.5,106.805276,97.5,59.18342808,1.109669463,5.087484606
run_v2_000735,3.4,1.1,0.001,0.1,500,30,85,1,15,50,35030.33311,70.06066621,20.81016636,88.07469335,0,281.0708923,78.5,112.0569281,103.5,61.03508897,1.038749399,4.836315914
run_v2_000736,3.4,1.1,0.001,0.1,500,30,90,1,15,50,29267.73575,58.53547151,20.49559498,71.13448491,0,228.838974,89.5,117.3990648,108.5,62.89236412,0.9753911957,4.576346983
run_v2_000737,3.4,1.1,0.001,0.1,500,30,95,1,15,50,24769.85424,49.53970847,18.28477573,58.30967773,0,189.9586334,103.5,122.4125127,113.5,64.96976885,0.9340497683,4.390237789
run_v2_000738,3.4,1.1,0.001,0.1,500,30,100,1,15,50,21582.70038,43.16540076,19.44529915,48.90745097,0,167.5878143,108.5,126.6368197,117.5,67.26763472,0.8687721073,4.144747977
run_v2_000739,3.4,1.1,0.0015,0.1,500,30,60,1,15,50,133245.2429,266.4904857,13.91119528,456.7327316,0,1553.276123,50.5,71.02894578,62.5,43.6517416,1.501020125,7.06239629
run_v2_000740,3.4,1.1,0.0015,0.1,500,30,65,1,15,50,88761.10295,177.5222059,16.72008324,277.407044,0,934.7758789,56.5,82.15926565,73.5,48.26614206,1.348560182,6.3572286
run_v2_000741,3.4,1.1,0.0015,0.1,500,30,70,1,15,50,64439.51889,128.8790378,18.53888512,187.3802423,0,609.078064,57.5,91.45165914,82.5,52.316775,1.225957481,5.625559694
run_v2_000742,3.4,1.1,0.0015,0.1,500,30,75,1,15,50,49472.96759,98.94593517,18.2595892,136.9790694,0,462.4746704,73.5,98.10793798,88.5,55.11036189,1.151737581,5.279316061
run_v2_000743,3.4,1.1,0.0015,0.1,500,30,80,1,15,50,40037.69654,80.07539308,16.72977829,105.5139861,0,345.3412476,81.5,105.0110604,96.5,57.69836753,1.05219012,4.858974879
run_v2_000744,3.4,1.1,0.0015,0.1,500,30,85,1,15,50,32947.67488,65.89534977,19.7433691,83.40233998,0,271.1395264,76.5,110.7500566,101.5,60.35867054,1.020579076,4.72609227
run_v2_000745,3.4,1.1,0.0015,0.1,500,30,90,1,15,50,27615.10815,55.23021631,17.66260624,67.76498207,0,215.3931427,90.5,115.3831055,106.5,61.84566773,0.9485755754,4.461289475
run_v2_000746,3.4,1.1,0.0015,0.1,500,30,95,1,15,50,23045.83523,46.09167046,16.47398567,54.37110138,0,179.2417145,86.5,120.0902647,110.5,64.42267583,0.9090157643,4.281353402
run_v2_000747,3.4,1.1,0.0015,0.1,500,30,100,1,15,50,20161.87924,40.32375848,16.18874645,46.5583735,0,154.6292114,94.5,123.889908,114.5,66.01294325,0.9025619721,4.307121218
run_v2_000748,3.4,1.1,0.002,0.1,500,30,60,1,15,50,128111.7784,256.2235568,12.87143517,442.5437176,0,1524.923706,52.5,69.92447808,61.5,42.94954814,1.487924533,7.076699923
run_v2_000749,3.4,1.1,0.002,0.1,500,30,65,1,15,50,83799.18718,167.5983744,14.14186287,265.3515624,0,910.2331543,60.5,80.99579332,72.5,47.4957874,1.332139271,6.123501382
run_v2_000750,3.4,1.1,0.002,0.1,500,30,70,1,15,50,61273.05191,122.5461038,15.17919683,180.2021373,0,588.7071533,54.5,90.10486847,81.5,51.34795018,1.214988753,5.585684846
run_v2_000751,3.4,1.1,0.002,0.1,500,30,75,1,15,50,47038.4292,94.0768584,15.54536915,131.6398705,0,438.2522583,73.5,97.38107483,88.5,54.16419362,1.139206249,5.260175339
run_v2_000752,3.4,1.1,0.002,0.1,500,30,80,1,15,50,37798.39881,75.59679763,16.68019199,100.8995605,0,336.3822937,88.5,103.3946777,94.5,57.12871977,1.10027414,5.12668245
run_v2_000753,3.4,1.1,0.002,0.1,500,30,85,1,15,50,31000.0593,62.0001186,15.9280653,79.86139702,0,266.4080811,96.5,109.3695422,100.5,58.72480876,0.9967036445,4.706310556
run_v2_000754,3.4,1.1,0.002,0.1,500,30,90,1,15,50,25832.6622,51.66532439,14.78511572,64.06115039,0,201.021637,100.5,113.8027889,105.5,61.15792542,0.9666468988,4.558910803
run_v2_000755,3.4,1.1,0.002,0.1,500,30,95,1,15,50,21960.89411,43.92178823,15.22101879,52.99929383,0,168.6903992,84.5,118.2945673,109.5,62.70026059,0.9123628733,4.367345104
run_v2_000756,3.4,1.1,0.002,0.1,500,30,100,1,15,50,18806.06554,37.61213108,14.79802227,43.85382777,0,149.5049438,114.5,122.4253804,113.5,65.23039353,0.9005610113,4.2948948
run_v2_000757,3.4,1.1,0.0025,0.1,500,30,60,1,15,50,123055.625,246.1112501,10.92579365,429.796596,0,1519.459473,51.5,69.04387549,60.5,42.22780123,1.484599602,7.071821838
run_v2_000758,3.4,1.1,0.0025,0.1,500,30,65,1,15,50,80876.61742,161.7532348,11.40093088,257.7739795,0,881.0008545,57.5,79.94096196,71.5,46.83119146,1.327794655,6.195851563
run_v2_000759,3.4,1.1,0.0025,0.1,500,30,70,1,15,50,58153.54832,116.3070966,14.82184839,173.3470547,0,568.8546753,71.5,88.5347864,79.5,50.44646894,1.204074484,5.503472146
run_v2_000760,3.4,1.1,0.0025,0.1,500,30,75,1,15,50,44769.65346,89.53930692,14.54709959,126.379437,0,411.3557739,67.5,95.87061033,86.5,53.57360492,1.145065087,5.288148696
run_v2_000761,3.4,1.1,0.0025,0.1,500,30,80,1,15,50,35528.9609,71.05792181,13.35946941,95.99002637,0,312.3045349,67.5,101.9896563,93.5,55.89485349,1.056504384,4.880486529
run_v2_000762,3.4,1.1,0.0025,0.1,500,30,85,1,15,50,29056.92933,58.11385866,14.47927237,75.3382529,0,238.0145874,72.5,107.7944344,99.5,57.91290913,0.9702658212,4.573203569
run_v2_000763,3.4,1.1,0.0025,0.1,500,30,90,1,15,50,24140.2744,48.2805488,13.44266224,60.24035174,0,200.3683319,82.5,112.2881801,103.5,60.51577087,0.9459366951,4.498389858
run_v2_000764,3.4,1.1,0.0025,0.1,500,30,95,1,15,50,20234.4505,40.468901,14.45250177,49.09720771,0,153.4607239,105.5,116.5439031,107.5,62.30532694,0.9204904902,4.402269567
run_v2_000765,3.4,1.1,0.0025,0.1,500,30,100,1,15,50,17304.98525,34.60997051,13.14402056,40.90896649,0,143.1795044,108.5,120.6372328,112.5,63.97066503,0.8752107669,4.289863548
run_v2_000766,3.4,1.1,0.003,0.1,500,30,60,1,15,50,118821.1744,237.6423488,9.553120136,418.1460025,0,1485.033203,47.5,68.15480367,60.5,41.48629585,1.456902287,6.934167951
run_v2_000767,3.4,1.1,0.003,0.1,500,30,65,1,15,50,77782.30047,155.5646009,10.76962471,249.838337,0,843.5654297,52.5,78.73821227,70.5,46.02250918,1.291879819,5.987386357
run_v2_000768,3.4,1.1,0.003,0.1,500,30,70,1,15,50,55576.42569,111.1528514,11.72452831,167.4173284,0,555.8219604,72.5,87.094846,78.5,49.42904191,1.186896811,5.461560349
run_v2_000769,3.4,1.1,0.003,0.1,500,30,75,1,15,50,42521.78035,85.0435607,12.78194523,120.6748502,0,389.6813965,71.5,94.70904374,86.5,52.84203057,1.112943801,5.141640814
run_v2_000770,3.4,1.1,0.003,0.1,500,30,80,1,15,50,33694.73004,67.38946008,12.91322041,91.95760886,0,297.4698181,83.5,100.3284105,91.5,55.20024016,1.057870365,4.864074131
run_v2_000771,3.4,1.1,0.003,0.1,500,30,85,1,15,50,27264.83797,54.52967594,12.35363197,71.7597584,0,235.493103,84.5,105.8909158,97.5,57.27068551,1.009208941,4.729601925
run_v2_000772,3.4,1.1,0.003,0.1,500,30,90,1,15,50,22476.92598,44.95385195,12.93921137,57.18813227,0,193.8776245,86.5,110.2900673,101.5,59.1163359,0.9476866072,4.490803716
run_v2_000773,3.4,1.1,0.003,0.1,500,30,95,1,15,50,18785.6871,37.5713742,13.3998785,46.23781051,0,151.3437195,86.5,115.8113245,107.5,61.10751429,0.890684303,4.265298897
run_v2_000774,3.4,1.1,0.003,0.1,500,30,100,1,15,50,16159.67845,32.31935691,11.37691355,38.82624596,0,126.881134,88.5,118.5180784,109.5,63.14411929,0.9109517439,4.391466391
run_v2_000775,3.4,1.1,0.0035,0.1,500,30,60,1,15,50,114316.1923,228.6323846,7.864349604,404.7668185,0,1429.794312,44.5,67.48582666,59.5,41.00581843,1.445009402,6.878189533
run_v2_000776,3.4,1.1,0.0035,0.1,500,30,65,1,15,50,74650.10592,149.3002118,9.263812542,241.9554534,0,821.2768555,54.5,77.63317217,69.5,45.31037597,1.28293727,5.960052616
run_v2_000777,3.4,1.1,0.0035,0.1,500,30,70,1,15,50,53451.39038,106.9027808,11.26262665,161.7680507,0,549.7114868,68.5,86.31948069,78.5,48.91921371,1.176874661,5.47401297
run_v2_000778,3.4,1.1,0.0035,0.1,500,30,75,1,15,50,40341.08285,80.68216569,11.74937201,115.8359929,0,373.1643372,72.5,93.26895684,84.5,51.9300618,1.1063668,5.123248851
run_v2_000779,3.4,1.1,0.0035,0.1,500,30,80,1,15,50,31698.87678,63.39775356,11.85441017,86.91585468,0,278.0845337,61.5,99.11488193,91.5,54.4839683,1.021355571,4.723688562
run_v2_000780,3.4,1.1,0.0035,0.1,500,30,85,1,15,50,25542.89683,51.08579366,11.75786591,67.50938252,0,223.0078888,88.5,104.595055,96.5,56.83281287,1.004436428,4.732577711
run_v2_000781,3.4,1.1,0.0035,0.1,500,30,90,1,15,50,21322.24648,42.64449296,11.35508013,54.40708251,0,178.2172089,98.5,109.186833,100.5,58.71406421,0.9373732691,4.448613433
run_v2_000782,3.4,1.1,0.0035,0.1,500,30,95,1,15,50,17646.01999,35.29203998,11.13297033,43.51582707,0,133.450592,71.5,113.7380617,105.5,60.53315984,0.8764919983,4.26210057
run_v2_000783,3.4,1.1,0.0035,0.1,500,30,100,1,15,50,14960.20307,29.92040614,9.729292393,36.18133553,0,124.423439,101.5,116.4300091,108.5,62.03962181,0.8739968926,4.295989164
run_v2_000784,3.4,1.1,0.004,0.1,500,30,60,1,15,50,110644.0101,221.2880202,7.197547197,395.3058697,0,1378.032959,44.5,66.49894153,58.5,40.230499,1.416410012,6.675885751
run_v2_000785,3.4,1.1,0.004,0.1,500,30,65,1,15,50,70962.90496,141.9258099,8.338366032,232.5977342,0,800.3834229,53.5,76.95609205,68.5,44.69073596,1.289499792,5.960099377
run_v2_000786,3.4,1.1,0.004,0.1,500,30,70,1,15,50,50643.5814,101.2871628,9.369488716,154.9240056,0,536.5546265,63.5,85.27462771,77.5,48.05315098,1.150783593,5.327934318
run_v2_000787,3.4,1.1,0.004,0.1,500,30,75,1,15,50,38104.10895,76.20821789,9.431877136,110.2022018,0,386.1452332,61.5,92.00028946,84.5,51.07337318,1.084073738,5.088666801
run_v2_000788,3.4,1.1,0.004,0.1,500,30,80,1,15,50,30170.77906,60.34155811,10.48546886,83.80431017,0,272.7562866,71.5,97.64534048,89.5,53.51529583,1.04230017,4.915459524
run_v2_000789,3.4,1.1,0.004,0.1,500,30,85,1,15,50,24296.99583,48.59399166,10.29957533,65.20437552,0,209.7647552,78.5,102.7745941,94.5,55.67388407,0.9846210398,4.574089171
run_v2_000790,3.4,1.1,0.004,0.1,500,30,90,1,15,50,19886.93692,39.77387384,8.919529438,51.33328972,0,162.8884735,75.5,107.803087,99.5,57.99635009,0.9424143836,4.477548667
run_v2_000791,3.4,1.1,0.004,0.1,500,30,95,1,15,50,16709.44147,33.41888293,9.341020584,42.04574793,0,146.895401,73.5,111.4383664,102.5,59.63145453,0.911168788,4.351141288
run_v2_000792,3.4,1.1,0.004,0.1,500,30,100,1,15,50,13977.20878,27.95441756,8.706874371,34.06368477,0,111.6656952,88.5,115.0124931,106.5,61.52050323,0.8769369676,4.280655581
run_v2_000793,3.4,1.1,0.0045,0.1,500,30,60,1,15,50,106843.4851,213.6869702,6.805123568,384.8458306,0,1387.340576,46.5,65.812765,58.5,39.73770601,1.414265589,6.677219831
run_v2_000794,3.4,1.1,0.0045,0.1,500,30,65,1,15,50,68102.32023,136.2046405,7.268510342,224.1582784,0,791.7687988,53.5,76.16668168,68.5,44.17102472,1.260395839,5.82988673
run_v2_000795,3.4,1.1,0.0045,0.1,500,30,70,1,15,50,48338.93589,96.67787177,8.089318752,149.5461441,0,500.7001648,61.5,83.75796948,75.5,47.57173572,1.179936458,5.432568766
run_v2_000796,3.4,1.1,0.0045,0.1,500,30,75,1,15,50,36199.80403,72.39960806,8.857586861,105.4597263,0,354.798584,60.5,91.02896688,82.5,50.56846462,1.078377113,5.037452542
run_v2_000797,3.4,1.1,0.0045,0.1,500,30,80,1,15,50,28210.72821,56.42145642,8.572956562,78.51260993,0,248.6078949,73.5,96.98728074,89.5,53.09844461,1.015945203,4.785267662
run_v2_000798,3.4,1.1,0.0045,0.1,500,30,85,1,15,50,22715.63351,45.43126702,9.074199677,61.27857128,0,204.0192413,83.5,101.754782,93.5,55.1142347,0.9840106044,4.678712894
run_v2_000799,3.4,1.1,0.0045,0.1,500,30,90,1,15,50,18522.44191,37.04488383,8.87033987,48.4519801,0,161.0864258,71.5,106.6053877,98.5,56.77300148,0.9139147045,4.3943632
run_v2_000800,3.4,1.1,0.0045,0.1,500,30,95,1,15,50,15392.44654,30.78489307,8.440907478,39.10637915,0,139.3836365,82.5,110.1266387,101.5,59.13886102,0.9222714064,4.358688529
run_v2_000801,3.4,1.1,0.0045,0.1,500,30,100,1,15,50,12917.73137,25.83546275,7.969913483,31.73638544,0,109.0534363,96.5,113.8816242,105.5,61.02957636,0.8783475227,4.25051155
run_v2_000802,3.4,1.1,0.005,0.1,500,30,60,1,15,50,103418.9016,206.8378033,5.083883524,375.4443019,0,1338.93103,44.5,64.88848525,57.5,39.20234757,1.407907074,6.668045941
run_v2_000803,3.4,1.1,0.005,0.1,500,30,65,1,15,50,65699.99234,131.3999847,6.140703678,218.7073058,0,764.8881226,55.5,74.96229542,67.5,43.38538578,1.261709603,5.881008391
run_v2_000804,3.4,1.1,0.005,0.1,500,30,70,1,15,50,45917.52058,91.83504117,7.339213371,142.9956353,0,480.4491577,47.5,83.05346646,75.5,46.74872422,1.152747589,5.371353068
run_v2_000805,3.4,1.1,0.005,0.1,500,30,75,1,15,50,34679.51717,69.35903434,7.418890238,102.5757875,0,346.0397949,64.5,89.59907091,81.5,49.75022185,1.08583607,5.035968863
run_v2_000806,3.4,1.1,0.005,0.1,500,30,80,1,15,50,27013.17798,54.02635596,7.463275433,76.61634289,0,263.2947998,77.5,95.3314827,87.5,51.92693706,1.027212496,4.852909948
run_v2_000807,3.4,1.1,0.005,0.1,500,30,85,1,15,50,21501.13898,43.00227797,7.592154503,58.50351353,0,187.1293335,82.5,100.0895116,92.5,54.41406612,0.974358465,4.592123393
run_v2_000808,3.4,1.1,0.005,0.1,500,30,90,1,15,50,17447.69225,34.89538449,7.407927036,46.10926264,0,140.7821198,77.5,104.3133078,96.5,55.97351923,0.9246616547,4.457183744
run_v2_000809,3.4,1.1,0.005,0.1,500,30,95,1,15,50,14584.82602,29.16965205,7.765015841,37.28071345,0,124.9776993,91.5,108.6196895,100.5,58.21120791,0.8892347674,4.306302204
run_v2_000810,3.4,1.1,0.005,0.1,500,30,100,1,15,50,12169.39107,24.33878213,7.296340227,30.18569644,0,98.66349792,82.5,112.2491869,104.5,60.03383357,0.8599800032,4.185337441
